citation_key,title,authors,venue,year,category,stable_identifier,record_type,peer_review_status,verification_date,verification_basis,manuscript_use,source_verification
allamanis2019duplication,The Adverse Effects of Code Duplication in Machine Learning Models of Code,Miltiadis Allamanis,Onward! 2019,2019,detector,https://doi.org/10.1145/3359591.3359735,peer-reviewed publication,peer-reviewed,2026-09-16,DOI registration plus official publisher or proceedings record,Supports the motivation that model scores and corpus splits can reflect shortcuts or weak generalization.,"Metadata, publication status, stable record, and manuscript use checked; accessed 2026-09-16"
arquint2023sound,Sound Verification of Security Protocols: From Design to Interoperable Implementations,Linard Arquint and Felix A. Wolf and Joseph Lallemand and Ralf Sasse and Christoph Sprenger and Sven N. Wiesner and David Basin and Peter Müller,2023 IEEE Symposium on Security and Privacy,2023,semantics-and-assurance,https://doi.org/10.1109/SP46215.2023.10179325,peer-reviewed publication,peer-reviewed,2026-09-16,DOI registration plus official publisher or proceedings record,Defines the native-semantics boundary and prevents proxy abstractions from being read as source-level guarantees.,"Metadata, publication status, stable record, and manuscript use checked; accessed 2026-09-16"
banerjee2016framing,Relational Logic with Framing and Hypotheses,Anindya Banerjee and David A. Naumann and Mohammad Nikouei,36th IARCS Annual Conference on Foundations of Software Technology and Theoretical Computer Science,2016,relational,https://doi.org/10.4230/LIPIcs.FSTTCS.2016.11,peer-reviewed publication,peer-reviewed,2026-09-21,"First-party scholarly full text and publication record; Abstract; Sections 2-4, especially read/write effects and frame side conditions on pp. 11:4-11:5","Establishes relational framing as prior work; the transport protocol is a bounded specialization, not a new frame logic.",First-party title/byline/year and cited technical passage rechecked; no DOI response claimed where only an author copy was accessible.
barthe2004selfcomposition,Secure Information Flow by Self-Composition,Gilles Barthe and Pedro R. D'Argenio and Tamara Rezk,17th IEEE Computer Security Foundations Workshop,2004,relational,https://doi.org/10.1109/CSFW.2004.17,peer-reviewed publication,peer-reviewed,2026-09-16,DOI registration plus official publisher or proceedings record,"Positions the asymmetric finite pair relation against validation, equivalence, and multi-run reasoning.","Metadata, publication status, stable record, and manuscript use checked; accessed 2026-09-16"
barthe2011product,Relational Verification Using Product Programs,Gilles Barthe and Juan Manuel Crespo and César Kunz,Formal Methods,2011,relational,https://doi.org/10.1007/978-3-642-21437-0_17,peer-reviewed publication,peer-reviewed,2026-09-16,DOI registration plus official publisher or proceedings record,"Positions the asymmetric finite pair relation against validation, equivalence, and multi-run reasoning.","Metadata, publication status, stable record, and manuscript use checked; accessed 2026-09-16"
benton2004relational,Simple Relational Correctness Proofs for Static Analyses and Program Transformations,Nick Benton,31st ACM SIGPLAN-SIGACT Symposium on Principles of Programming Languages,2004,relational,https://doi.org/10.1145/964001.964003,peer-reviewed publication,peer-reviewed,2026-09-16,DOI registration plus official publisher or proceedings record,"Positions the asymmetric finite pair relation against validation, equivalence, and multi-run reasoning.","Metadata, publication status, stable record, and manuscript use checked; accessed 2026-09-16"
beyer2016witnesses,Correctness Witnesses: Exchanging Verification Results between Verifiers,Dirk Beyer and Matthias Dangl and Daniel Dietsch and Matthias Heizmann,Proceedings of the ACM SIGSOFT International Symposium on Foundations of Software Engineering,2016,certificate,https://doi.org/10.1145/2950290.2950351,peer-reviewed publication,peer-reviewed,2026-09-16,DOI registration plus official publisher or proceedings record,Clarifies that the submitted certificate binds claims but does not replace or compress full replay.,"Metadata, publication status, stable record, and manuscript use checked; accessed 2026-09-16"
bhandari2021cvefixes,CVEfixes: Automated Collection of Vulnerabilities and Their Fixes from Open-Source Software,Guru Prasad Bhandari and Amara Naseer and Leon Moonen,17th International Conference on Predictive Models and Data Analytics in Software Engineering,2021,corpus,https://doi.org/10.1145/3475960.3475985,peer-reviewed publication,peer-reviewed,2026-09-16,DOI registration plus official publisher or proceedings record,Contrasts corpus provenance or ground-truth construction with per-pair root-repair certification.,"Metadata, publication status, stable record, and manuscript use checked; accessed 2026-09-16"
black2018sard,A Software Assurance Reference Dataset: Thousands of Programs With Known Bugs,Paul E. Black,Journal of Research of the National Institute of Standards and Technology,2018,corpus,https://doi.org/10.6028/jres.123.005,peer-reviewed publication,peer-reviewed,2026-09-16,DOI registration plus official publisher or proceedings record,Contrasts corpus provenance or ground-truth construction with per-pair root-repair certification.,"Metadata, publication status, stable record, and manuscript use checked; accessed 2026-09-16"
boland2012juliet,The Juliet 1.1 C/C++ and Java Test Suite,Tim Boland and Paul E. Black,Computer,2012,corpus,https://doi.org/10.1109/MC.2012.345,peer-reviewed publication,peer-reviewed,2026-09-16,DOI registration plus official publisher or proceedings record,Contrasts corpus provenance or ground-truth construction with per-pair root-repair certification.,"Metadata, publication status, stable record, and manuscript use checked; accessed 2026-09-16"
chakraborty2022dlvuln,Deep Learning Based Vulnerability Detection: Are We There Yet?,Saikat Chakraborty and Rahul Krishna and Yangruibo Ding and Baishakhi Ray,IEEE Transactions on Software Engineering,2022,detector,https://doi.org/10.1109/TSE.2021.3087402,peer-reviewed publication,peer-reviewed,2026-09-16,DOI registration plus official publisher or proceedings record,Supports the motivation that model scores and corpus splits can reflect shortcuts or weak generalization.,"Metadata, publication status, stable record, and manuscript use checked; accessed 2026-09-16"
chen2023diversevul,DiverseVul: A New Vulnerable Source Code Dataset for Deep Learning Based Vulnerability Detection,Yizheng Chen and Zhoujie Ding and Lamya Alowain and Xinyun Chen and David Wagner,"26th International Symposium on Research in Attacks, Intrusions and Defenses",2023,corpus,https://doi.org/10.1145/3607199.3607242,peer-reviewed publication,peer-reviewed,2026-09-16,DOI registration plus official publisher or proceedings record,Contrasts corpus provenance or ground-truth construction with per-pair root-repair certification.,"Metadata, publication status, stable record, and manuscript use checked; accessed 2026-09-16"
clarkson2010hyperproperties,Hyperproperties,Michael R. Clarkson and Fred B. Schneider,Journal of Computer Security,2010,relational,https://doi.org/10.3233/JCS-2009-0393,peer-reviewed publication,peer-reviewed,2026-09-16,DOI registration plus official publisher or proceedings record,"Positions the asymmetric finite pair relation against validation, equivalence, and multi-run reasoning.","Metadata, publication status, stable record, and manuscript use checked; accessed 2026-09-16"
cousot1977abstract,Abstract Interpretation: A Unified Lattice Model for Static Analysis of Programs by Construction or Approximation of Fixpoints,Patrick Cousot and Radhia Cousot,Proceedings of the ACM SIGPLAN-SIGACT Symposium on Principles of Programming Languages,1977,semantics-and-assurance,https://doi.org/10.1145/512950.512973,peer-reviewed publication,peer-reviewed,2026-09-21,First-party scholarly full text and publication record; Author-hosted publication record and paper pp. 238-240; approximation and sound abstract interpretation,Attributes interval/type approximation to established abstract interpretation rather than treating the totality checker as a new abstract domain.,First-party title/byline/year and cited technical passage rechecked; no DOI response claimed where only an author copy was accessible.
croft2023quality,Data Quality for Software Vulnerability Datasets,Roland Croft and Muhammad Ali Babar and M. Mehdi Kholoosi,45th IEEE/ACM International Conference on Software Engineering,2023,detector,https://doi.org/10.1109/ICSE48619.2023.00022,peer-reviewed publication,peer-reviewed,2026-09-16,DOI registration plus official publisher or proceedings record,Supports the motivation that model scores and corpus splits can reflect shortcuts or weak generalization.,"Metadata, publication status, stable record, and manuscript use checked; accessed 2026-09-16"
ding2025primevul,Vulnerability Detection with Code Language Models: How Far Are We?,Yangruibo Ding and Yanjun Fu and Omniyyah Ibrahim and Chawin Sitawarin and Xinyun Chen and Basel Alomair and David Wagner and Baishakhi Ray and Yizheng Chen,47th IEEE/ACM International Conference on Software Engineering,2025,detector,https://doi.org/10.1109/ICSE55347.2025.00038,peer-reviewed publication,peer-reviewed,2026-09-16,DOI registration plus official publisher or proceedings record,Supports the motivation that model scores and corpus splits can reflect shortcuts or weak generalization.,"Metadata, publication status, stable record, and manuscript use checked; accessed 2026-09-16"
dolangavitt2016lava,LAVA: Large-Scale Automated Vulnerability Addition,Brendan Dolan-Gavitt and Patrick Hulin and Engin Kirda and Tim Leek and Andrea Mambretti and Wil Robertson and Frederick Ulrich and Ryan Whelan,2016 IEEE Symposium on Security and Privacy,2016,corpus,https://doi.org/10.1109/SP.2016.15,peer-reviewed publication,peer-reviewed,2026-09-16,DOI registration plus official publisher or proceedings record,Contrasts corpus provenance or ground-truth construction with per-pair root-repair certification.,"Metadata, publication status, stable record, and manuscript use checked; accessed 2026-09-16"
fan2020bigvul,A C/C++ Code Vulnerability Dataset with Code Changes and CVE Summaries,Jiahao Fan and Yi Li and Shaohua Wang and Tien N. Nguyen,17th International Conference on Mining Software Repositories,2020,corpus,https://doi.org/10.1145/3379597.3387501,peer-reviewed publication,peer-reviewed,2026-09-16,DOI registration plus official publisher or proceedings record,Contrasts corpus provenance or ground-truth construction with per-pair root-repair certification.,"Metadata, publication status, stable record, and manuscript use checked; accessed 2026-09-16"
fu2022linevul,LineVul: A Transformer-Based Line-Level Vulnerability Prediction,Michael Fu and Chakkrit Tantithamthavorn,19th International Conference on Mining Software Repositories,2022,detector,https://doi.org/10.1145/3524842.3528452,peer-reviewed publication,peer-reviewed,2026-09-16,DOI registration plus official publisher or proceedings record,Supports the motivation that model scores and corpus splits can reflect shortcuts or weak generalization.,"Metadata, publication status, stable record, and manuscript use checked; accessed 2026-09-16"
fu2022vulrepair,VulRepair: A T5-Based Automated Software Vulnerability Repair,Michael Fu and Chakkrit Tantithamthavorn and Trung Le and Van Nguyen and Dinh Phung,30th ACM Joint European Software Engineering Conference and Symposium on the Foundations of Software Engineering,2022,repair,https://doi.org/10.1145/3540250.3549098,peer-reviewed publication,peer-reviewed,2026-09-16,DOI registration plus official publisher or proceedings record,"Positions exact submitted-pair validation against patch generation, plausibility, and overfitting work.","Metadata, publication status, stable record, and manuscript use checked; accessed 2026-09-16"
grishchenko2018semantic,A Semantic Framework for the Security Analysis of Ethereum Smart Contracts,Ilya Grishchenko and Matteo Maffei and Clara Schneidewind,Principles of Security and Trust,2018,semantics-and-assurance,https://doi.org/10.1007/978-3-319-89722-6_10,peer-reviewed publication,peer-reviewed,2026-09-16,DOI registration plus official publisher or proceedings record,Defines the native-semantics boundary and prevents proxy abstractions from being read as source-level guarantees.,"Metadata, publication status, stable record, and manuscript use checked; accessed 2026-09-16"
hazimeh2020magma,Magma: A Ground-Truth Fuzzing Benchmark,Ahmad Hazimeh and Adrian Herrera and Mathias Payer,Proceedings of the ACM on Measurement and Analysis of Computing Systems,2020,corpus,https://doi.org/10.1145/3428334,peer-reviewed publication,peer-reviewed,2026-09-16,DOI registration plus official publisher or proceedings record,Contrasts corpus provenance or ground-truth construction with per-pair root-repair certification.,"Metadata, publication status, stable record, and manuscript use checked; accessed 2026-09-16"
huang2026semantictrap,Do Fine-Tuned LLMs Understand Vulnerabilities? An Investigation into the Semantic Trap,Feiyang Huang and Yuqiang Sun and Fan Zhang and Ziqi Yang and Han Liu and Yang Liu,arXiv preprint arXiv:2601.22655,2026,detector,https://arxiv.org/abs/2601.22655,scholarly preprint,not peer-reviewed,2026-09-16,current arXiv v3 record (metadata and abstract),Supports the motivation that model scores and corpus splits can reflect shortcuts or weak generalization.,"Metadata, publication status, stable record, and manuscript use checked; accessed 2026-09-16"
just2014mutants,Are Mutants a Valid Substitute for Real Faults in Software Testing?,René Just and Darioush Jalali and Laura Inozemtseva and Michael D. Ernst and Reid Holmes and Gordon Fraser,22nd ACM SIGSOFT International Symposium on Foundations of Software Engineering,2014,transformation,https://doi.org/10.1145/2635868.2635929,peer-reviewed publication,peer-reviewed,2026-09-16,DOI registration plus official publisher or proceedings record,"Positions independently checked transformations against robustness, metamorphic, and mutation testing.","Metadata, publication status, stable record, and manuscript use checked; accessed 2026-09-16"
lahiri2012symdiff,SYMDIFF: A Language-Agnostic Semantic Diff Tool for Imperative Programs,Shuvendu K. Lahiri and Chris Hawblitzel and Ming Kawaguchi and Henrique Rebêlo,Computer Aided Verification,2012,relational,https://doi.org/10.1007/978-3-642-31424-7_54,peer-reviewed publication,peer-reviewed,2026-09-16,DOI registration plus official publisher or proceedings record,"Positions the asymmetric finite pair relation against validation, equivalence, and multi-run reasoning.","Metadata, publication status, stable record, and manuscript use checked; accessed 2026-09-16"
legoues2012genprog,A Systematic Study of Automated Program Repair: Fixing 55 out of 105 Bugs for $8 Each,Claire Le Goues and Michael Dewey-Vogt and Stephanie Forrest and Westley Weimer,34th International Conference on Software Engineering,2012,repair,https://doi.org/10.1109/ICSE.2012.6227211,peer-reviewed publication,peer-reviewed,2026-09-16,DOI registration plus official publisher or proceedings record,"Positions exact submitted-pair validation against patch generation, plausibility, and overfitting work.","Metadata, publication status, stable record, and manuscript use checked; accessed 2026-09-16"
leroy2009compcert,Formal Verification of a Realistic Compiler,Xavier Leroy,Communications of the ACM,2009,relational,https://doi.org/10.1145/1538788.1538814,peer-reviewed publication,peer-reviewed,2026-09-16,DOI registration plus official publisher or proceedings record,"Positions the asymmetric finite pair relation against validation, equivalence, and multi-run reasoning.","Metadata, publication status, stable record, and manuscript use checked; accessed 2026-09-16"
li2018vuldeepecker,VulDeePecker: A Deep Learning-Based System for Vulnerability Detection,Zhen Li and Deqing Zou and Shouhuai Xu and Xinyu Ou and Hai Jin and Sujuan Wang and Zhijun Deng and Yuyi Zhong,25th Annual Network and Distributed System Security Symposium,2018,detector,https://doi.org/10.14722/ndss.2018.23158,peer-reviewed publication,peer-reviewed,2026-09-16,DOI registration plus official publisher or proceedings record,Supports the motivation that model scores and corpus splits can reflect shortcuts or weak generalization.,"Metadata, publication status, stable record, and manuscript use checked; accessed 2026-09-16"
li2025svtrust,SV-TrustEval-C: Evaluating Structure and Semantic Reasoning in Large Language Models for Source Code Vulnerability Analysis,Yansong Li and Paula Branco and Alexander M. Hoole and Manish Marwah and Hari Manassery Koduvely and Guy-Vincent Jourdan and Stephan Jou,2025 IEEE Symposium on Security and Privacy,2025,detector,https://doi.org/10.1109/SP61157.2025.00191,peer-reviewed publication,peer-reviewed,2026-09-16,DOI registration plus official publisher or proceedings record,Supports the motivation that model scores and corpus splits can reflect shortcuts or weak generalization.,"Metadata, publication status, stable record, and manuscript use checked; accessed 2026-09-16"
long2016searchspace,An Analysis of the Search Spaces for Generate and Validate Patch Generation Systems,Fan Long and Martin Rinard,38th International Conference on Software Engineering,2016,repair,https://doi.org/10.1145/2884781.2884872,peer-reviewed publication,peer-reviewed,2026-09-16,DOI registration plus official publisher or proceedings record,"Positions exact submitted-pair validation against patch generation, plausibility, and overfitting work.","Metadata, publication status, stable record, and manuscript use checked; accessed 2026-09-16"
lopes2015alive,Provably Correct Peephole Optimizations with Alive,Nuno P. Lopes and David Menendez and Santosh Nagarakatte and John Regehr,36th ACM SIGPLAN Conference on Programming Language Design and Implementation,2015,relational,https://doi.org/10.1145/2737924.2737965,peer-reviewed publication,peer-reviewed,2026-09-16,DOI registration plus official publisher or proceedings record,"Positions the asymmetric finite pair relation against validation, equivalence, and multi-run reasoning.","Metadata, publication status, stable record, and manuscript use checked; accessed 2026-09-16"
lopes2017dejavu,DéjàVu: A Map of Code Duplicates on GitHub,Cristina V. Lopes and Petr Maj and Pedro Martins and Vaibhav Saini and Di Yang and Jakub Zitny and Hitesh Sajnani and Jan Vitek,Proceedings of the ACM on Programming Languages,2017,detector,https://doi.org/10.1145/3133908,peer-reviewed publication,peer-reviewed,2026-09-16,DOI registration plus official publisher or proceedings record,Supports the motivation that model scores and corpus splits can reflect shortcuts or weak generalization.,"Metadata, publication status, stable record, and manuscript use checked; accessed 2026-09-16"
lopes2021alive2,Alive2: Bounded Translation Validation for LLVM,Nuno P. Lopes and Juneyoung Lee and Chung-Kil Hur and Zhengyang Liu and John Regehr,42nd ACM SIGPLAN International Conference on Programming Language Design and Implementation,2021,relational,https://doi.org/10.1145/3453483.3454030,peer-reviewed publication,peer-reviewed,2026-09-16,DOI registration plus official publisher or proceedings record,"Positions the asymmetric finite pair relation against validation, equivalence, and multi-run reasoning.","Metadata, publication status, stable record, and manuscript use checked; accessed 2026-09-16"
lu2021codexglue,CodeXGLUE: A Machine Learning Benchmark Dataset for Code Understanding and Generation,Shuai Lu and Daya Guo and Shuo Ren and Junjie Huang and Alexey Svyatkovskiy and Ambrosio Blanco and Colin Clement and Dawn Drain and Daxin Jiang and Duyu Tang and Ge Li and Lidong Zhou and Linjun Shou and Long Zhou and Michele Tufano and Ming Gong and Ming Zhou and Nan Duan and Neel Sundaresan and Shao Kun Deng and Shengyu Fu and Shujie Liu,Proceedings of the Neural Information Processing Systems Track on Datasets and Benchmarks,2021,detector,https://datasets-benchmarks-proceedings.neurips.cc/paper/2021/hash/c16a5320fa475530d9583c34fd356ef5-Abstract-round1.html,peer-reviewed publication,peer-reviewed,2026-09-21,Official proceedings abstract and published 16-page paper; proceedings volume 1; no unsupported global page range,"Establishes the multi-task code-understanding benchmark context, including defect detection and code repair; does not establish shortcut behavior.","Publisher title, ordered byline, year, track, volume, and task coverage inspected on 2026-09-21."
luu2016making,Making Smart Contracts Smarter,Loi Luu and Duc-Hiep Chu and Hrishi Olickel and Prateek Saxena and Aquinas Hobor,23rd ACM SIGSAC Conference on Computer and Communications Security,2016,semantics-and-assurance,https://doi.org/10.1145/2976749.2978309,peer-reviewed publication,peer-reviewed,2026-09-16,DOI registration plus official publisher or proceedings record,Defines the native-semantics boundary and prevents proxy abstractions from being read as source-level guarantees.,"Metadata, publication status, stable record, and manuscript use checked; accessed 2026-09-16"
mcconnell2011certifying,Certifying Algorithms,Ross M. McConnell and Kurt Mehlhorn and Stefan Näher and Pascal Schweitzer,Computer Science Review,2011,certificate,https://doi.org/10.1016/j.cosrev.2010.09.009,peer-reviewed publication,peer-reviewed,2026-09-16,DOI registration plus official publisher or proceedings record,Clarifies that the submitted certificate binds claims but does not replace or compress full replay.,"Metadata, publication status, stable record, and manuscript use checked; accessed 2026-09-16"
mechtaev2016angelix,Angelix: Scalable Multiline Program Patch Synthesis via Symbolic Analysis,Sergey Mechtaev and Jooyong Yi and Abhik Roychoudhury,38th International Conference on Software Engineering,2016,repair,https://doi.org/10.1145/2884781.2884807,peer-reviewed publication,peer-reviewed,2026-09-16,DOI registration plus official publisher or proceedings record,"Positions exact submitted-pair validation against patch generation, plausibility, and overfitting work.","Metadata, publication status, stable record, and manuscript use checked; accessed 2026-09-16"
misherghi2006hdd,HDD: Hierarchical Delta Debugging,Ghassan Shakib Misherghi and Zhendong Su,28th International Conference on Software Engineering,2006,diagnostics,https://doi.org/10.1145/1134285.1134307,peer-reviewed publication,peer-reviewed,2026-09-16,DOI registration plus official publisher or proceedings record,Distinguishes fixed-universe witness minimization from general failure reduction or causal explanation.,"Metadata, publication status, stable record, and manuscript use checked; accessed 2026-09-16"
necula1997pcc,Proof-Carrying Code,George C. Necula,24th ACM SIGPLAN-SIGACT Symposium on Principles of Programming Languages,1997,certificate,https://doi.org/10.1145/263699.263712,peer-reviewed publication,peer-reviewed,2026-09-16,DOI registration plus official publisher or proceedings record,Clarifies that the submitted certificate binds claims but does not replace or compress full replay.,"Metadata, publication status, stable record, and manuscript use checked; accessed 2026-09-16"
necula2000tv,Translation Validation for an Optimizing Compiler,George C. Necula,ACM SIGPLAN Conference on Programming Language Design and Implementation,2000,relational,https://doi.org/10.1145/349299.349314,peer-reviewed publication,peer-reviewed,2026-09-16,DOI registration plus official publisher or proceedings record,"Positions the asymmetric finite pair relation against validation, equivalence, and multi-run reasoning.","Metadata, publication status, stable record, and manuscript use checked; accessed 2026-09-16"
pearce2022asleep,Asleep at the Keyboard? Assessing the Security of GitHub Copilot's Code Contributions,Hammond Pearce and Baleegh Ahmad and Benjamin Tan and Brendan Dolan-Gavitt and Ramesh Karri,2022 IEEE Symposium on Security and Privacy,2022,repair,https://doi.org/10.1109/SP46214.2022.9833571,peer-reviewed publication,peer-reviewed,2026-09-16,DOI registration plus official publisher or proceedings record,"Positions exact submitted-pair validation against patch generation, plausibility, and overfitting work.","Metadata, publication status, stable record, and manuscript use checked; accessed 2026-09-16"
pearce2023repair,Examining Zero-Shot Vulnerability Repair with Large Language Models,Hammond Pearce and Benjamin Tan and Baleegh Ahmad and Ramesh Karri and Brendan Dolan-Gavitt,2023 IEEE Symposium on Security and Privacy,2023,repair,https://doi.org/10.1109/SP46215.2023.10179324,peer-reviewed publication,peer-reviewed,2026-09-16,DOI registration plus official publisher or proceedings record,"Positions exact submitted-pair validation against patch generation, plausibility, and overfitting work.","Metadata, publication status, stable record, and manuscript use checked; accessed 2026-09-16"
permenev2020verx,VerX: Safety Verification of Smart Contracts,Anton Permenev and Dimitar Dimitrov and Petar Tsankov and Dana Drachsler-Cohen and Martin Vechev,2020 IEEE Symposium on Security and Privacy,2020,semantics-and-assurance,https://doi.org/10.1109/SP40000.2020.00024,peer-reviewed publication,peer-reviewed,2026-09-16,DOI registration plus official publisher or proceedings record,Defines the native-semantics boundary and prevents proxy abstractions from being read as source-level guarantees.,"Metadata, publication status, stable record, and manuscript use checked; accessed 2026-09-16"
person2008differential,Differential Symbolic Execution,Suzette Person and Matthew B. Dwyer and Sebastian Elbaum and Corina S. Păsăreanu,16th ACM SIGSOFT International Symposium on Foundations of Software Engineering,2008,relational,https://doi.org/10.1145/1453101.1453131,peer-reviewed publication,peer-reviewed,2026-09-16,DOI registration plus official publisher or proceedings record,"Positions the asymmetric finite pair relation against validation, equivalence, and multi-run reasoning.","Metadata, publication status, stable record, and manuscript use checked; accessed 2026-09-16"
pnueli1998translation,Translation Validation,Amir Pnueli and Michael Siegel and Eli Singerman,Tools and Algorithms for the Construction and Analysis of Systems,1998,relational,https://doi.org/10.1007/BFb0054170,peer-reviewed publication,peer-reviewed,2026-09-16,DOI registration plus official publisher or proceedings record,"Positions the asymmetric finite pair relation against validation, equivalence, and multi-run reasoning.","Metadata, publication status, stable record, and manuscript use checked; accessed 2026-09-16"
ponta2019fixes,A Manually-Curated Dataset of Fixes to Vulnerabilities of Open-Source Software,Serena E. Ponta and Henrik Plate and Antonino Sabetta and Michele Bezzi and Cédric Dangremont,16th International Conference on Mining Software Repositories,2019,corpus,https://doi.org/10.1109/MSR.2019.00064,peer-reviewed publication,peer-reviewed,2026-09-16,DOI registration plus official publisher or proceedings record,Contrasts corpus provenance or ground-truth construction with per-pair root-repair certification.,"Metadata, publication status, stable record, and manuscript use checked; accessed 2026-09-16"
rabin2021generalizability,On the Generalizability of Neural Program Models with Respect to Semantic-Preserving Program Transformations,Md Rafiqul Islam Rabin and Nghi D. Q. Bui and Ke Wang and Yijun Yu and Lingxiao Jiang and Mohammad Amin Alipour,Information and Software Technology,2021,transformation,https://doi.org/10.1016/j.infsof.2021.106552,peer-reviewed publication,peer-reviewed,2026-09-16,DOI registration plus official publisher or proceedings record,"Positions independently checked transformations against robustness, metamorphic, and mutation testing.","Metadata, publication status, stable record, and manuscript use checked; accessed 2026-09-16"
regehr2012creduce,Test-Case Reduction for C Compiler Bugs,John Regehr and Yang Chen and Pascal Cuoq and Eric Eide and Chucky Ellison and Xuejun Yang,33rd ACM SIGPLAN Conference on Programming Language Design and Implementation,2012,diagnostics,https://doi.org/10.1145/2254064.2254104,peer-reviewed publication,peer-reviewed,2026-09-16,DOI registration plus official publisher or proceedings record,Distinguishes fixed-universe witness minimization from general failure reduction or causal explanation.,"Metadata, publication status, stable record, and manuscript use checked; accessed 2026-09-16"
risse2024limits,Uncovering the Limits of Machine Learning for Automatic Vulnerability Detection,Niklas Risse and Marcel Böhme,33rd USENIX Security Symposium,2024,detector,https://www.usenix.org/conference/usenixsecurity24/presentation/risse,peer-reviewed publication,peer-reviewed,2026-09-16,official USENIX proceedings record,Supports the motivation that model scores and corpus splits can reflect shortcuts or weak generalization.,"Metadata, publication status, stable record, and manuscript use checked; accessed 2026-09-16"
risse2025wrongexam,Top Score on the Wrong Exam: On Benchmarking in Machine Learning for Vulnerability Detection,Niklas Risse and Jing Liu and Marcel Böhme,Proceedings of the ACM on Software Engineering,2025,detector,https://doi.org/10.1145/3728887,peer-reviewed publication,peer-reviewed,2026-09-16,DOI registration plus official publisher or proceedings record,Supports the motivation that model scores and corpus splits can reflect shortcuts or weak generalization.,"Metadata, publication status, stable record, and manuscript use checked; accessed 2026-09-16"
sabelfeld2003information,Language-Based Information-Flow Security,Andrei Sabelfeld and Andrew C. Myers,IEEE Journal on Selected Areas in Communications,2003,relational,https://www.cs.cornell.edu/andru/papers/jsac/sm-jsac03.pdf,peer-reviewed publication,peer-reviewed,2026-09-21,First-party scholarly full text and publication record; Title page; Section II on noninterference and security typing,Separates invariance of security profiles from the stronger and undesired invariance of all functional outputs.,First-party title/byline/year and cited technical passage rechecked; no DOI response claimed where only an author copy was accessible.
segura2016metamorphic,A Survey on Metamorphic Testing,Sergio Segura and Gordon Fraser and Ana B. Sanchez and Antonio Ruiz-Cortés,IEEE Transactions on Software Engineering,2016,transformation,https://doi.org/10.1109/TSE.2016.2532875,peer-reviewed publication,peer-reviewed,2026-09-16,DOI registration plus official publisher or proceedings record,"Positions independently checked transformations against robustness, metamorphic, and mutation testing.","Metadata, publication status, stable record, and manuscript use checked; accessed 2026-09-16"
sewell2013kernelvalidation,Translation Validation for a Verified OS Kernel,Thomas Arthur Leck Sewell and Magnus O. Myreen and Gerwin Klein,34th ACM SIGPLAN Conference on Programming Language Design and Implementation,2013,relational,https://doi.org/10.1145/2491956.2462183,peer-reviewed publication,peer-reviewed,2026-09-16,DOI registration plus official publisher or proceedings record,"Positions the asymmetric finite pair relation against validation, equivalence, and multi-run reasoning.","Metadata, publication status, stable record, and manuscript use checked; accessed 2026-09-16"
smith2015overfitting,Is the Cure Worse than the Disease? Overfitting in Automated Program Repair,Edward K. Smith and Earl T. Barr and Claire Le Goues and Yuriy Brun,10th Joint Meeting on Foundations of Software Engineering,2015,repair,https://doi.org/10.1145/2786805.2786825,peer-reviewed publication,peer-reviewed,2026-09-16,DOI registration plus official publisher or proceedings record,"Positions exact submitted-pair validation against patch generation, plausibility, and overfitting work.","Metadata, publication status, stable record, and manuscript use checked; accessed 2026-09-16"
so2020verismart,VeriSmart: A Highly Precise Safety Verifier for Ethereum Smart Contracts,Sunbeom So and Myungho Lee and Jisu Park and Heejo Lee and Hakjoo Oh,2020 IEEE Symposium on Security and Privacy,2020,semantics-and-assurance,https://doi.org/10.1109/SP40000.2020.00032,peer-reviewed publication,peer-reviewed,2026-09-16,DOI registration plus official publisher or proceedings record,Defines the native-semantics boundary and prevents proxy abstractions from being read as source-level guarantees.,"Metadata, publication status, stable record, and manuscript use checked; accessed 2026-09-16"
sousa2016cartesian,Cartesian Hoare Logic for Verifying k-Safety Properties,Marcelo Sousa and Isil Dillig,37th ACM SIGPLAN Conference on Programming Language Design and Implementation,2016,relational,https://doi.org/10.1145/2908080.2908092,peer-reviewed publication,peer-reviewed,2026-09-16,DOI registration plus official publisher or proceedings record,"Positions the asymmetric finite pair relation against validation, equivalence, and multi-run reasoning.","Metadata, publication status, stable record, and manuscript use checked; accessed 2026-09-16"
tristan2008validators,Formal Verification of Translation Validators: A Case Study on Instruction Scheduling Optimizations,Jean-Baptiste Tristan and Xavier Leroy,35th ACM SIGPLAN-SIGACT Symposium on Principles of Programming Languages,2008,relational,https://doi.org/10.1145/1328438.1328444,peer-reviewed publication,peer-reviewed,2026-09-16,DOI registration plus official publisher or proceedings record,"Positions the asymmetric finite pair relation against validation, equivalence, and multi-run reasoning.","Metadata, publication status, stable record, and manuscript use checked; accessed 2026-09-16"
tsankov2018securify,Securify: Practical Security Analysis of Smart Contracts,Petar Tsankov and Andrei Dan and Dana Drachsler-Cohen and Arthur Gervais and Florian Bünzli and Martin Vechev,25th ACM SIGSAC Conference on Computer and Communications Security,2018,semantics-and-assurance,https://doi.org/10.1145/3243734.3243780,peer-reviewed publication,peer-reviewed,2026-09-16,DOI registration plus official publisher or proceedings record,Defines the native-semantics boundary and prevents proxy abstractions from being read as source-level guarantees.,"Metadata, publication status, stable record, and manuscript use checked; accessed 2026-09-16"
veronese2023webspec,WebSpec: Towards Machine-Checked Analysis of Browser Security Mechanisms,Lorenzo Veronese and Benjamin Farinier and Pedro Bernardo and Mauro Tempesta and Marco Squarcina and Matteo Maffei,2023 IEEE Symposium on Security and Privacy,2023,semantics-and-assurance,https://doi.org/10.1109/SP46215.2023.10179465,peer-reviewed publication,peer-reviewed,2026-09-16,DOI registration plus official publisher or proceedings record,Defines the native-semantics boundary and prevents proxy abstractions from being read as source-level guarantees.,"Metadata, publication status, stable record, and manuscript use checked; accessed 2026-09-16"
yefet2020adversarial,Adversarial Examples for Models of Code,Noam Yefet and Uri Alon and Eran Yahav,Proceedings of the ACM on Programming Languages,2020,transformation,https://doi.org/10.1145/3428230,peer-reviewed publication,peer-reviewed,2026-09-16,DOI registration plus official publisher or proceedings record,"Positions independently checked transformations against robustness, metamorphic, and mutation testing.","Metadata, publication status, stable record, and manuscript use checked; accessed 2026-09-16"
zeller2002simplifying,Simplifying and Isolating Failure-Inducing Input,Andreas Zeller and Ralf Hildebrandt,IEEE Transactions on Software Engineering,2002,diagnostics,https://doi.org/10.1109/32.988498,peer-reviewed publication,peer-reviewed,2026-09-16,DOI registration plus official publisher or proceedings record,Distinguishes fixed-universe witness minimization from general failure reduction or causal explanation.,"Metadata, publication status, stable record, and manuscript use checked; accessed 2026-09-16"
zhou2019devign,Devign: Effective Vulnerability Identification by Learning Comprehensive Program Semantics via Graph Neural Networks,Yaqin Zhou and Shangqing Liu and Jingkai Siow and Xiaoning Du and Yang Liu,Advances in Neural Information Processing Systems,2019,detector,https://proceedings.neurips.cc/paper/2019/hash/49265d2447bc3bbfe9e76306ce40a31f-Abstract.html,peer-reviewed publication,peer-reviewed,2026-09-16,official NeurIPS proceedings or OpenReview record plus author preprint,Supports the motivation that model scores and corpus splits can reflect shortcuts or weak generalization.,"Metadata, publication status, stable record, and manuscript use checked; accessed 2026-09-16"
