claim_id,manuscript_claim,formal_basis,implementation_or_test,raw_evidence,paper_surface,maturity
T1,"Checked finite context transport fixes security and abort profiles, lifts uniform vulnerable/productive-safe witnesses, and preserves nonviolating observations within each context",TRANSPORT_PROOFS.md Sections 1-5; main theorem,rcsc/transport.py; tests/test_transport.py,results/transport_primary.csv; results/transport_oracle.csv; results/transport_summary.json,Abstract; Sections 3-5; Fig. 1,Proof argument for sufficient finite fragment; no mechanized implementation proof
T2,"Context totality and conservative resource bounds are checked in addition to syntactic effects, with suffix analysis inheriting the post-prefix store",TRANSPORT_PROOFS.md Section 4,rcsc/transport.py; tests/test_transport.py,results/transport_controls.csv; results/transport_counterexamples.json,Sections 4-5,Established under the declared abstract-domain and runtime bounds
T3,Every pointwise pair may be valid while the vulnerable root-input partition moves with context,TRANSPORT_PROOFS.md Section 9; moving-witness proposition,tests/test_transport.py,results/test_summary.json,Section 5; stable-label proposition,Exact two-by-two counterexample; not an extra primary sample
T4,Root tables are reusable across separately checked wrappers; semantic factorization does not require incoming certificates,TRANSPORT_PROOFS.md Corollaries 1-2,rcsc/transport.py; rcsc/transport_producer.py; tests/test_transport.py,results/transport_primary.csv; results/transport_packets.json,Sections 4-6,Six distinct tables; factored audit shares implementation and is not independent proof
T5,All 36 primary packets satisfy separately recorded declaration/domain and exact-repair premises and the factorization-independent Cartesian semantic contract; 516 root runs correspond to 8256 full endpoint/reference comparisons,TRANSPORT_PROOFS.md Theorem 1; Section 3 oracle boundary; finite experiment definitions,rcsc/transport_cases.py; rcsc/transport_oracle.py; rcsc/transport_contract_gate.py; rcsc/transport_experiment.py; check_transport_results.py,results/transport_primary.csv; results/transport_oracle.csv; results/transport_summary.json; results/transport_functional_variation.json,Abstract; Section 6,"Cartesian semantics avoid footprint, abstract interpretation and root tables; exact repair reuses production code and is explicitly non-independent"
T6,"After separate declaration/domain and repair checks, the 76 controls remain 27 invalid expanded semantics, 13 valid exclusions, 30 false claims over valid factored relations and six missing anchors; 22 invalid expansions pass the anchor",TRANSPORT_PROOFS.md Section 7,rcsc/transport_oracle.py; rcsc/transport_contract_gate.py; rcsc/transport_experiment.py; check_transport_results.py; tests/test_transport_results.py,results/transport_controls.csv; results/transport_control_packets.json; results/transport_counterexamples.json; results/transport_summary.json,Abstract; Section 6; Table 3,Classification comes from explicit structural premises plus Cartesian semantic replay; valid exclusions are not detected attacks
T7,Scaling fully executes 36 points through ten binary context inputs and 117390 endpoints; six twenty-input points are symbolic-only; every point retains three raw transport times whose median is recomputed,TRANSPORT_PROOFS.md Section 6,rcsc/transport_experiment.py; check_transport_results.py; export_transport_data.py; tests/test_transport_results.py,results/transport_scaling.csv; results/transport_summary.json; paper-data/transport-scaling.csv,Section 6; Fig. 2; Table 4,Measured versus represented workloads explicitly separated; medians must derive from the three retained raw values
T8,"Tables have median 3548 and maximum 6187 bytes; the retained single-worker campaign records CPU/wall/RSS, CPU/OS/architecture/Python environment and measurement definitions",TRANSPORT_PROOFS.md cost analysis,rcsc/transport.py; rcsc/transport_experiment.py; check_transport_results.py; export_transport_data.py,results/transport_primary.csv; results/transport_scaling.csv; results/transport_summary.json,Section 6; Table 4; Fig. 2,"Fixed-selection retained Linux measurement; CPU/wall exclude later result-file writes, RSS is process-lifetime peak; no production bound"
T9,"At zero nuisance dimensions 268 of 274 base-valid pairs fit the sufficient fragment, with no new invalid acceptance",Finite compatibility audit,rcsc/transport_experiment.py; check_transport_results.py,results/transport_applicability.csv,Section 6,"Compatibility, not transported-context coverage or native replication"
T10,"Without restricting an opaque predicate, zero-error complete universal checking must query every context",TRANSPORT_PROOFS.md Proposition 1,TRANSPORT_PROOFS.md,TRANSPORT_PROOFS.md,Section 5; opaque-query proposition,"Restricted elementary query argument, not a lower bound for static or symbolic analysis"
T11,"Two oracle-scope mutations distinguish semantic replay from Definition 1 entry: a trailing patched-root nop passes semantics but fails exact repair, while a division pair declared fixed_overflow fails monitor consistency and exact repair; production rejects both",SPECIFICATION.md Sections 2-5; TRANSPORT_PROOFS.md Sections 3 and 7,rcsc/transport_oracle.py; rcsc/transport_contract_gate.py; rcsc/transport_experiment.py; tests/test_transport.py; tests/test_transport_results.py,results/transport_oracle_scope_controls.csv; results/transport_summary.json,Table 1; Sections 4.5 and 6.1,Observed retained mutations; shared exact-repair check is labeled non-independent and is not counted as Cartesian semantic evidence
B1,"The finite substrate accepts 274 of 556 pairs under exact repair, closure, productive nonvacuity and typed observations",PROOFS.md Theorems 1-2,rcsc/checker.py; rcsc/repair.py; tests/test_repair.py; tests/test_boundaries.py,results/pair_results.csv; results/description_pair_results.csv; results/observation_results.csv,Sections 3 and 6,Established for admitted finite semantics
B2,An independent immutable IR interpreter agrees in 42004 retained semantic and operational comparisons,PROOFS.md finite execution evidence,rcsc/reference_semantics.py; rcsc/reference_experiment.py,results/reference_summary.json; results/reference_semantics.csv; results/reference_mismatches.json,Section 6; Table 5,Retained admitted programs; not parser or whole-checker proof
B3,"The typed boundary matrix has 2609 cases, 1370 dynamic errors and 7827 agreeing evaluations",SPECIFICATION.md typed semantic boundary matrix,rcsc/semantic_boundary.py; tests/test_semantic_boundary.py,results/semantic_boundary_summary.json; results/semantic_expression_matrix.csv; results/semantic_instruction_matrix.csv,Section 6; Table 5,"Exact for frozen matrices; error comparison is definedness, not message identity"
B4,Typed immutable observation oracle has 9216 matches; defective alias/type/combined observers falsely accept 16/20/52 cases,PROOFS.md observation lemma,rcsc/observation_oracle.py; tests/test_boundaries.py,results/observation_summary.json; results/observation_counterexamples.json,Section 6; Table 5,Exact for 288-pair grammar
B5,Sixty owned source pairs yield 2580 source/IR matches and 55 rejected bridge controls,PROOFS.md source translation argument,rcsc/source_bridge.py; rcsc/source_reference.py; tests/test_source_bridge.py,results/source_summary.json; results/source_controls.csv; results/source_semantics.csv,Section 6; Table 5; Section 8,"One-to-one custom syntax, not native source translation"
B6,2236 named transformations and 46 membership controls have their specified outcomes,SPECIFICATION.md transformation relation,rcsc/transform.py; rcsc/membership.py; tests/test_rcsc.py,results/transform_results.csv; results/membership_results.csv,Section 6; Table 5,Retained named transformations
B7,"Eleven seeded mutants, 72 pair controls and four finite-relation boundary cases have expected outcomes",PROOFS.md finite counterexamples,rcsc/experiment.py; rcsc/boundary_experiment.py,results/mutation_results.csv; results/negative_controls.csv; results/boundary_results.csv,Section 6 substrate text,"Fault-detection evidence, not complete verification"
B8,Ten of twelve official descriptions yield finite predicates agreeing in 184 comparisons; native source-equivalent count is zero,Declared description-to-predicate mapping,rcsc/descriptions.py; tests/test_descriptions.py,results/description_selection.csv; results/description_semantics.csv; results/description_summary.json,Section 6 applicability; Section 8,Description abstraction only
B9,The pair-conditioned one-half quotient is only a balance identity after validated repair erasure,PROOFS.md quotient theorem,rcsc/surface_experiment.py; tests/test_repair.py,results/surface_balance.csv; results/surface_summary.json,Section 8 only; not a principal result,Does not establish raw-endpoint blindness or context transport
B10,Fixed fourteen-feature minimization does not establish general minimal causal explanations,PROOFS.md feature minimization proposition,rcsc/leakage.py,results/leakage_results.csv; results/summary.json,Section 7 diagnostic comparison; supporting artifact,Complete only within the named feature universe
B11,62 cited scholarly records close against the inventory: 61 classified publications and one preprint; no unused or undefined citation,bibliography-inventory.csv; literature-synthesis.md,audit_literature.py; tests/test_literature.py,bibliography-inventory.csv; literature-comparison.csv; external_resources.csv; manuscript-records/references.bib,Sections 1 and 7; References,Offline cross-file audit with recorded primary verification; not a fresh full reading of every source
B12,"136 regression tests pass with deterministic retained test identifiers and outcomes, including oracle-scope, raw-timing closure, packet/witness binding and binary-null operand tests",Executable regression selection,run_tests.py; tests/test_transport.py; tests/test_transport_results.py; tests/test_literature.py,results/test_summary.json,Artifact reproduction support,"Regression evidence, not a proof or venue-quality score"
