resource_name,primary_url,license_or_rights,access_date,resource_type,acquisition_method,integration_mode,supported_claim,internals_modified,notes
IEEE Symposium on Security and Privacy 2027 call for papers,https://sp2027.ieee-security.org/cfpapers.html,Official public webpage,2026-09-11,venue rule,Read-only first-party webpage,Planning and format calibration only,"Track, dates, anonymity, page and appendix rules",no,Not a manuscript research citation
SV-TrustEval-C: Evaluating Structure and Semantic Reasoning in Large Language Models for Source Code Vulnerability Analysis,https://arxiv.org/html/2505.20630,Publisher/author rights; citation and own comparison only,2026-09-10,scholarly publication,Read-only primary scholarly full text or author/publisher record,Bibliographic citation or private calibration; no paper/code redistributed,Related-work position or venue-calibration pattern,no,"Full-text structural read: abstract, benchmark design, generator, pairwise analysis, results, limits and appendices"
Examining Zero-Shot Vulnerability Repair with Large Language Models,https://arxiv.org/html/2112.02125,Publisher/author rights; citation and own comparison only,2026-09-10,scholarly publication,Read-only primary scholarly full text or author/publisher record,Bibliographic citation or private calibration; no paper/code redistributed,Related-work position or venue-calibration pattern,no,"Full-text structural read: scenarios, prompt design, synthetic/hand-crafted/real-world evaluation, qualitative analysis and study limitations"
Asleep at the Keyboard? Assessing the Security of GitHub Copilot Code Contributions,https://arxiv.org/html/2108.09293,Publisher/author rights; citation and own comparison only,2026-09-10,scholarly publication,Read-only primary scholarly full text or author/publisher record,Bibliographic citation or private calibration; no paper/code redistributed,Related-work position or venue-calibration pattern,no,"Full-text structural read: threat scenarios, experimental pipeline, diversity/context studies, validity threats and dataset access"
WebSpec: Towards Machine-Checked Analysis of Browser Security Mechanisms,https://arxiv.org/html/2201.01649,Publisher/author rights; citation and own comparison only,2026-09-10,scholarly publication,Read-only primary scholarly full text or author/publisher record,Bibliographic citation or private calibration; no paper/code redistributed,Related-work position or venue-calibration pattern,no,"Full-text structural read: formal model, invariants, compiler, trace verifier, case studies, evaluation and compiler restrictions"
SCAPHY: Detecting Modern ICS Attacks by Correlating Behaviors in SCADA and PHYsical,https://arxiv.org/html/2211.14642,Publisher/author rights; citation and own comparison only,2026-09-10,scholarly publication,Read-only primary scholarly full text or author/publisher record,Bibliographic citation or private calibration; no paper/code redistributed,Related-work position or venue-calibration pattern,no,"Full-text structural read: motivating attacks, threat model, architecture, implementation, multi-industry evaluation, comparisons and practicality discussion"
SoK: Certified Robustness for Deep Neural Networks,https://arxiv.org/html/2009.04131,Publisher/author rights; citation and own comparison only,2026-09-10,scholarly publication,Read-only primary scholarly full text or author/publisher record,Bibliographic citation or private calibration; no paper/code redistributed,Related-work position or venue-calibration pattern,no,"Full-text structural read: taxonomy, formal robustness definitions, certification methods, evaluation dimensions and open challenges"
RAB: Provable Robustness Against Backdoor Attacks,https://arxiv.org/html/2003.08904,Publisher/author rights; citation and own comparison only,2026-09-10,scholarly publication,Read-only primary scholarly full text or author/publisher record,Bibliographic citation or private calibration; no paper/code redistributed,Related-work position or venue-calibration pattern,no,"Full-text structural read: poisoning model, randomized smoothing construction, theorems, experiments and limitations"
ObjectSeeker: Certifiably Robust Object Detection against Patch Hiding Attacks via Patch-agnostic Masking,https://arxiv.org/html/2202.01811,Publisher/author rights; citation and own comparison only,2026-09-10,scholarly publication,Read-only primary scholarly full text or author/publisher record,Bibliographic citation or private calibration; no paper/code redistributed,Related-work position or venue-calibration pattern,no,"Full-text structural read: attack model, masking construction, detection certificates, evaluation and stated certification scope"
PublicCheck: Public Integrity Verification for Services of Run-time Deep Models,https://arxiv.org/html/2203.10902,Publisher/author rights; citation and own comparison only,2026-09-10,scholarly publication,Read-only primary scholarly full text or author/publisher record,Bibliographic citation or private calibration; no paper/code redistributed,Related-work position or venue-calibration pattern,no,"Full-text structural read: public-verification threat model, fingerprint construction, adaptive attacks, evaluation and appendices"
Sound Verification of Security Protocols: From Design to Interoperable Implementations,https://arxiv.org/html/2212.04171,Publisher/author rights; citation and own comparison only,2026-09-10,scholarly publication,Read-only primary scholarly full text or author/publisher record,Bibliographic citation or private calibration; no paper/code redistributed,Related-work position or venue-calibration pattern,no,"Full-text structural read: Tamarin-to-I/O specifications, metatheorems, implementation verification, WireGuard case study and trusted-base discussion"
VeriSmart: A Highly Precise Safety Verifier for Ethereum Smart Contracts,https://arxiv.org/html/1908.11227,Publisher/author rights; citation and own comparison only,2026-09-10,scholarly publication,Read-only primary scholarly full text or author/publisher record,Bibliographic citation or private calibration; no paper/code redistributed,Related-work position or venue-calibration pattern,no,"Full-text structural read: transaction invariants, verification algorithm, implementation, real-contract evaluation and threats"
Clockwork Finance: Automated Analysis of Economic Security in Smart Contracts,https://arxiv.org/html/2109.04347,Publisher/author rights; citation and own comparison only,2026-09-10,scholarly publication,Read-only primary scholarly full text or author/publisher record,Bibliographic citation or private calibration; no paper/code redistributed,Related-work position or venue-calibration pattern,no,"Full-text structural read: economic threat model, modeling language, synthesis/analysis method, case studies, experiments and limits"
Four Attacks and a Proof for Telegram,https://mtpsym.github.io/,Publisher/author rights; citation and own comparison only,2026-09-10,scholarly publication,Read-only primary scholarly full text or author/publisher record,Bibliographic citation or private calibration; no paper/code redistributed,Related-work position or venue-calibration pattern,no,"Full-text structural read through author-hosted paper/project record: protocol reconstruction, attacks, formal proof, disclosure and fixes"
False negative -- that one is going to kill you: Understanding Industry Perspectives of Static Analysis based Security Testing,https://arxiv.org/html/2307.16325,Publisher/author rights; citation and own comparison only,2026-09-10,scholarly publication,Read-only primary scholarly full text or author/publisher record,Bibliographic citation or private calibration; no paper/code redistributed,Related-work position or venue-calibration pattern,no,"Full-text structural read: research questions, interview design, coding/analysis, findings, implications, limitations and appendices"
SoK: Prudent Evaluation Practices for Fuzzing,https://arxiv.org/html/2405.10220,Publisher/author rights; citation and own comparison only,2026-09-10,scholarly publication,Read-only primary scholarly full text or author/publisher record,Bibliographic citation or private calibration; no paper/code redistributed,Related-work position or venue-calibration pattern,no,"Full-text structural read: guideline synthesis, 150-paper audit, systematic-error analyses, recommendations and threats"
SoK: Unintended Interactions among Machine Learning Defenses and Risks,https://arxiv.org/html/2312.04542,Publisher/author rights; citation and own comparison only,2026-09-10,scholarly publication,Read-only primary scholarly full text or author/publisher record,Bibliographic citation or private calibration; no paper/code redistributed,Related-work position or venue-calibration pattern,no,"Full-text structural read: interaction framework, literature mapping, conjectures, empirical validation and limits"
Uncovering the Limits of Machine Learning for Automatic Vulnerability Detection,https://www.usenix.org/conference/usenixsecurity24/presentation/risse,Publisher/author rights; citation and own comparison only,2026-09-10,scholarly publication,Read-only primary scholarly full text or author/publisher record,Bibliographic citation or private calibration; no paper/code redistributed,Related-work position or venue-calibration pattern,no,"Full-text structural read: benchmark construction, realistic patches, semantics-preserving changes, detector evaluation, analyses and limitations"
Top Score on the Wrong Exam: On Benchmarking in Machine Learning for Vulnerability Detection,https://niklasrisse.github.io/files/risse-2025-top-score-wrong-exam.pdf,Publisher/author rights; citation and own comparison only,2026-09-10,scholarly publication,Read-only primary scholarly full text or author/publisher record,Bibliographic citation or private calibration; no paper/code redistributed,Related-work position or venue-calibration pattern,no,"Full-text structural read: benchmark-task critique, formal task distinctions, empirical analyses, recommendations and threats"
Data Quality for Software Vulnerability Datasets,https://arxiv.org/html/2301.05456,Publisher/author rights; citation and own comparison only,2026-09-10,scholarly publication,Read-only primary scholarly full text or author/publisher record,Bibliographic citation or private calibration; no paper/code redistributed,Related-work position or venue-calibration pattern,no,"Full-text structural read: quality model, dataset study, defect taxonomy, cleaning experiments and threats"
Alive2: Bounded Translation Validation for LLVM,https://web.ist.utl.pt/nuno.lopes/pubs/alive2-pldi21.pdf,Publisher/author rights; citation and own comparison only,2026-09-10,scholarly publication,Read-only primary scholarly full text or author/publisher record,Bibliographic citation or private calibration; no paper/code redistributed,Related-work position or venue-calibration pattern,no,"Full-text structural read: LLVM semantics, refinement relation, SMT encoding, validation modes, evaluation and unsupported features"
Correctness Witnesses: Exchanging Verification Results between Verifiers,https://www.sosy-lab.org/research/pub/2016-FSE.Correctness_Witnesses_Exchanging_Verification_Results_between_Verifiers.pdf,Publisher/author rights; citation and own comparison only,2026-09-10,scholarly publication,Read-only primary scholarly full text or author/publisher record,Bibliographic citation or private calibration; no paper/code redistributed,Related-work position or venue-calibration pattern,no,"Full-text structural read: witness format, validators, empty-witness baseline, cross-tool experiments, limitations and discussion"
Translation Validation,https://link.springer.com/chapter/10.1007/BFb0054170,Publisher/author rights; citation and own comparison only,2026-09-10,scholarly publication,Read-only primary scholarly full text or author/publisher record,Bibliographic citation or private calibration; no paper/code redistributed,Related-work position or venue-calibration pattern,no,"Full-paper conceptual read through publisher and archival copies: validator architecture, relation and examples"
Relational Verification Using Product Programs,https://link.springer.com/chapter/10.1007/978-3-642-21437-0_17,Publisher/author rights; citation and own comparison only,2026-09-10,scholarly publication,Read-only primary scholarly full text or author/publisher record,Bibliographic citation or private calibration; no paper/code redistributed,Related-work position or venue-calibration pattern,no,"Full-paper conceptual read: product construction, proof rules, examples and limits"
Simplifying and Isolating Failure-Inducing Input,https://www.st.cs.uni-saarland.de/papers/tse2002/,Publisher/author rights; citation and own comparison only,2026-09-10,scholarly publication,Read-only primary scholarly full text or author/publisher record,Bibliographic citation or private calibration; no paper/code redistributed,Related-work position or venue-calibration pattern,no,"Full-text structural read: delta-debugging algorithms, assumptions, case studies, complexity and limitations"
NIST Software Assurance Reference Dataset,https://samate.nist.gov/SARD/,U.S. government/public record; individual records retain stated terms,2026-09-10,description source,Read-only public source,Facts retained in external_inputs and description selection,Description-to-predicate attribution and exclusions,no,Selected factual descriptions only; no executable source redistributed
NIST Juliet Test Suite publication,https://www.nist.gov/publications/juliet-11-cc-and-java-test-suite,Publisher rights; citation and factual description only,2026-09-10,scholarly/publication source,Read-only public source,Facts retained in external_inputs and description selection,Description-to-predicate attribution and exclusions,no,Suite description used only for selection/exclusion context
Smart Contract Weakness Classification registry,https://swcregistry.io/,Registry terms; factual descriptions only,2026-09-10,category description,Read-only public source,Facts retained in external_inputs and description selection,Description-to-predicate attribution and exclusions,no,Three historical category descriptions; no contracts consumed
EIP-1470 Smart Contract Weakness Classification,https://eips.ethereum.org/EIPS/eip-1470,CC0 informational proposal,2026-09-10,classification proposal,Read-only public source,Facts retained in external_inputs and description selection,Description-to-predicate attribution and exclusions,no,Historical taxonomy status and terminology only
The Adverse Effects of Code Duplication in Machine Learning Models of Code,https://doi.org/10.1145/3359591.3359735,"Publisher, author, or standards rights; bibliographic citation and analytical comparison only",2026-09-11,scholarly publication,"Read-only primary publisher, author, standards, or arXiv record","Bibliographic citation and literature calibration; no paper, code, or dataset redistributed",Supports the motivation that model scores and corpus splits can reflect shortcuts or weak generalization.,no,"Metadata, abstract, and the specific cited claim inspected; no external executable integrated"
Secure Information Flow by Self-Composition,https://doi.org/10.1109/CSFW.2004.17,"Publisher, author, or standards rights; bibliographic citation and analytical comparison only",2026-09-11,scholarly publication,"Read-only primary publisher, author, standards, or arXiv record","Bibliographic citation and literature calibration; no paper, code, or dataset redistributed","Positions the asymmetric finite pair relation against validation, equivalence, and multi-run reasoning.",no,"Metadata, abstract, and the specific cited claim inspected; no external executable integrated"
Simple Relational Correctness Proofs for Static Analyses and Program Transformations,https://doi.org/10.1145/964001.964003,"Publisher, author, or standards rights; bibliographic citation and analytical comparison only",2026-09-11,scholarly publication,"Read-only primary publisher, author, standards, or arXiv record","Bibliographic citation and literature calibration; no paper, code, or dataset redistributed","Positions the asymmetric finite pair relation against validation, equivalence, and multi-run reasoning.",no,"Metadata, abstract, and the specific cited claim inspected; no external executable integrated"
CVEfixes: Automated Collection of Vulnerabilities and Their Fixes from Open-Source Software,https://doi.org/10.1145/3475960.3475985,"Publisher, author, or standards rights; bibliographic citation and analytical comparison only",2026-09-11,scholarly publication,"Read-only primary publisher, author, standards, or arXiv record","Bibliographic citation and literature calibration; no paper, code, or dataset redistributed",Contrasts corpus provenance or ground-truth construction with per-pair root-repair certification.,no,"Metadata, abstract, and the specific cited claim inspected; no external executable integrated"
A Software Assurance Reference Dataset: Thousands of Programs With Known Bugs,https://doi.org/10.6028/jres.123.005,"Publisher, author, or standards rights; bibliographic citation and analytical comparison only",2026-09-11,scholarly publication,"Read-only primary publisher, author, standards, or arXiv record","Bibliographic citation and literature calibration; no paper, code, or dataset redistributed",Contrasts corpus provenance or ground-truth construction with per-pair root-repair certification.,no,"Metadata, abstract, and the specific cited claim inspected; no external executable integrated"
The Juliet 1.1 C/C++ and Java Test Suite,https://doi.org/10.1109/MC.2012.345,"Publisher, author, or standards rights; bibliographic citation and analytical comparison only",2026-09-11,scholarly publication,"Read-only primary publisher, author, standards, or arXiv record","Bibliographic citation and literature calibration; no paper, code, or dataset redistributed",Contrasts corpus provenance or ground-truth construction with per-pair root-repair certification.,no,"Metadata, abstract, and the specific cited claim inspected; no external executable integrated"
Deep Learning Based Vulnerability Detection: Are We There Yet?,https://doi.org/10.1109/TSE.2021.3087402,"Publisher, author, or standards rights; bibliographic citation and analytical comparison only",2026-09-11,scholarly publication,"Read-only primary publisher, author, standards, or arXiv record","Bibliographic citation and literature calibration; no paper, code, or dataset redistributed",Supports the motivation that model scores and corpus splits can reflect shortcuts or weak generalization.,no,"Metadata, abstract, and the specific cited claim inspected; no external executable integrated"
DiverseVul: A New Vulnerable Source Code Dataset for Deep Learning Based Vulnerability Detection,https://doi.org/10.1145/3607199.3607242,"Publisher, author, or standards rights; bibliographic citation and analytical comparison only",2026-09-16,peer-reviewed scholarly publication,"Read-only primary publisher, author, standards, or arXiv record","Bibliographic citation and literature calibration; no paper, code, or dataset redistributed",Contrasts corpus provenance or ground-truth construction with per-pair root-repair certification.,no,Publisher/proceedings metadata and the specific cited claim inspected; no external executable integrated
Hyperproperties,https://doi.org/10.3233/JCS-2009-0393,"Publisher, author, or standards rights; bibliographic citation and analytical comparison only",2026-09-11,scholarly publication,"Read-only primary publisher, author, standards, or arXiv record","Bibliographic citation and literature calibration; no paper, code, or dataset redistributed","Positions the asymmetric finite pair relation against validation, equivalence, and multi-run reasoning.",no,"Metadata, abstract, and the specific cited claim inspected; no external executable integrated"
Vulnerability Detection with Code Language Models: How Far Are We?,https://doi.org/10.1109/ICSE55347.2025.00038,"Publisher, author, or standards rights; bibliographic citation and analytical comparison only",2026-09-11,scholarly publication,"Read-only primary publisher, author, standards, or arXiv record","Bibliographic citation and literature calibration; no paper, code, or dataset redistributed",Supports the motivation that model scores and corpus splits can reflect shortcuts or weak generalization.,no,"Metadata, abstract, and the specific cited claim inspected; no external executable integrated"
LAVA: Large-Scale Automated Vulnerability Addition,https://doi.org/10.1109/SP.2016.15,"Publisher, author, or standards rights; bibliographic citation and analytical comparison only",2026-09-11,scholarly publication,"Read-only primary publisher, author, standards, or arXiv record","Bibliographic citation and literature calibration; no paper, code, or dataset redistributed",Contrasts corpus provenance or ground-truth construction with per-pair root-repair certification.,no,"Metadata, abstract, and the specific cited claim inspected; no external executable integrated"
A C/C++ Code Vulnerability Dataset with Code Changes and CVE Summaries,https://doi.org/10.1145/3379597.3387501,"Publisher, author, or standards rights; bibliographic citation and analytical comparison only",2026-09-11,scholarly publication,"Read-only primary publisher, author, standards, or arXiv record","Bibliographic citation and literature calibration; no paper, code, or dataset redistributed",Contrasts corpus provenance or ground-truth construction with per-pair root-repair certification.,no,"Metadata, abstract, and the specific cited claim inspected; no external executable integrated"
LineVul: A Transformer-Based Line-Level Vulnerability Prediction,https://doi.org/10.1145/3524842.3528452,"Publisher, author, or standards rights; bibliographic citation and analytical comparison only",2026-09-11,scholarly publication,"Read-only primary publisher, author, standards, or arXiv record","Bibliographic citation and literature calibration; no paper, code, or dataset redistributed",Supports the motivation that model scores and corpus splits can reflect shortcuts or weak generalization.,no,"Metadata, abstract, and the specific cited claim inspected; no external executable integrated"
VulRepair: A T5-Based Automated Software Vulnerability Repair,https://doi.org/10.1145/3540250.3549098,"Publisher, author, or standards rights; bibliographic citation and analytical comparison only",2026-09-11,scholarly publication,"Read-only primary publisher, author, standards, or arXiv record","Bibliographic citation and literature calibration; no paper, code, or dataset redistributed","Positions exact submitted-pair validation against patch generation, plausibility, and overfitting work.",no,"Metadata, abstract, and the specific cited claim inspected; no external executable integrated"
A Semantic Framework for the Security Analysis of Ethereum Smart Contracts,https://doi.org/10.1007/978-3-319-89722-6_10,"Publisher, author, or standards rights; bibliographic citation and analytical comparison only",2026-09-11,scholarly publication,"Read-only primary publisher, author, standards, or arXiv record","Bibliographic citation and literature calibration; no paper, code, or dataset redistributed",Defines the native-semantics boundary and prevents proxy abstractions from being read as source-level guarantees.,no,"Metadata, abstract, and the specific cited claim inspected; no external executable integrated"
Magma: A Ground-Truth Fuzzing Benchmark,https://doi.org/10.1145/3428334,"Publisher, author, or standards rights; bibliographic citation and analytical comparison only",2026-09-11,scholarly publication,"Read-only primary publisher, author, standards, or arXiv record","Bibliographic citation and literature calibration; no paper, code, or dataset redistributed",Contrasts corpus provenance or ground-truth construction with per-pair root-repair certification.,no,"Metadata, abstract, and the specific cited claim inspected; no external executable integrated"
Do Fine-Tuned LLMs Understand Vulnerabilities? An Investigation into the Semantic Trap,https://arxiv.org/abs/2601.22655,"Publisher, author, or standards rights; bibliographic citation and analytical comparison only",2026-09-16,scholarly preprint (not peer reviewed),"Read-only primary publisher, author, standards, or arXiv record","Bibliographic citation and literature calibration; no paper, code, or dataset redistributed",Supports the motivation that model scores and corpus splits can reflect shortcuts or weak generalization.,no,"Current arXiv v3 metadata, abstract, and cited claim inspected; no external executable integrated"
Are Mutants a Valid Substitute for Real Faults in Software Testing?,https://doi.org/10.1145/2635868.2635929,"Publisher, author, or standards rights; bibliographic citation and analytical comparison only",2026-09-11,scholarly publication,"Read-only primary publisher, author, standards, or arXiv record","Bibliographic citation and literature calibration; no paper, code, or dataset redistributed","Positions independently checked transformations against robustness, metamorphic, and mutation testing.",no,"Metadata, abstract, and the specific cited claim inspected; no external executable integrated"
SYMDIFF: A Language-Agnostic Semantic Diff Tool for Imperative Programs,https://doi.org/10.1007/978-3-642-31424-7_54,"Publisher, author, or standards rights; bibliographic citation and analytical comparison only",2026-09-11,scholarly publication,"Read-only primary publisher, author, standards, or arXiv record","Bibliographic citation and literature calibration; no paper, code, or dataset redistributed","Positions the asymmetric finite pair relation against validation, equivalence, and multi-run reasoning.",no,"Metadata, abstract, and the specific cited claim inspected; no external executable integrated"
A Systematic Study of Automated Program Repair: Fixing 55 out of 105 Bugs for $8 Each,https://doi.org/10.1109/ICSE.2012.6227211,"Publisher, author, or standards rights; bibliographic citation and analytical comparison only",2026-09-11,scholarly publication,"Read-only primary publisher, author, standards, or arXiv record","Bibliographic citation and literature calibration; no paper, code, or dataset redistributed","Positions exact submitted-pair validation against patch generation, plausibility, and overfitting work.",no,"Metadata, abstract, and the specific cited claim inspected; no external executable integrated"
Formal Verification of a Realistic Compiler,https://doi.org/10.1145/1538788.1538814,"Publisher, author, or standards rights; bibliographic citation and analytical comparison only",2026-09-11,scholarly publication,"Read-only primary publisher, author, standards, or arXiv record","Bibliographic citation and literature calibration; no paper, code, or dataset redistributed","Positions the asymmetric finite pair relation against validation, equivalence, and multi-run reasoning.",no,"Metadata, abstract, and the specific cited claim inspected; no external executable integrated"
VulDeePecker: A Deep Learning-Based System for Vulnerability Detection,https://doi.org/10.14722/ndss.2018.23158,"Publisher, author, or standards rights; bibliographic citation and analytical comparison only",2026-09-11,scholarly publication,"Read-only primary publisher, author, standards, or arXiv record","Bibliographic citation and literature calibration; no paper, code, or dataset redistributed",Supports the motivation that model scores and corpus splits can reflect shortcuts or weak generalization.,no,"Metadata, abstract, and the specific cited claim inspected; no external executable integrated"
An Analysis of the Search Spaces for Generate and Validate Patch Generation Systems,https://doi.org/10.1145/2884781.2884872,"Publisher, author, or standards rights; bibliographic citation and analytical comparison only",2026-09-11,scholarly publication,"Read-only primary publisher, author, standards, or arXiv record","Bibliographic citation and literature calibration; no paper, code, or dataset redistributed","Positions exact submitted-pair validation against patch generation, plausibility, and overfitting work.",no,"Metadata, abstract, and the specific cited claim inspected; no external executable integrated"
Provably Correct Peephole Optimizations with Alive,https://doi.org/10.1145/2737924.2737965,"Publisher, author, or standards rights; bibliographic citation and analytical comparison only",2026-09-11,scholarly publication,"Read-only primary publisher, author, standards, or arXiv record","Bibliographic citation and literature calibration; no paper, code, or dataset redistributed","Positions the asymmetric finite pair relation against validation, equivalence, and multi-run reasoning.",no,"Metadata, abstract, and the specific cited claim inspected; no external executable integrated"
DéjàVu: A Map of Code Duplicates on GitHub,https://doi.org/10.1145/3133908,"Publisher, author, or standards rights; bibliographic citation and analytical comparison only",2026-09-11,scholarly publication,"Read-only primary publisher, author, standards, or arXiv record","Bibliographic citation and literature calibration; no paper, code, or dataset redistributed",Supports the motivation that model scores and corpus splits can reflect shortcuts or weak generalization.,no,"Metadata, abstract, and the specific cited claim inspected; no external executable integrated"
CodeXGLUE: A Machine Learning Benchmark Dataset for Code Understanding and Generation,https://datasets-benchmarks-proceedings.neurips.cc/paper/2021/hash/c16a5320fa475530d9583c34fd356ef5-Abstract-round1.html,"Publisher, author, or standards rights; bibliographic citation and analytical comparison only",2026-09-21,peer-reviewed scholarly publication,Read-only official proceedings abstract and published paper,"Bibliographic citation and literature calibration; no paper, code, or dataset redistributed",Multi-task code benchmark with defect-detection and code-repair tasks,no,Official track proceedings volume 1; unsupported global page range omitted; no external code or data integrated
Making Smart Contracts Smarter,https://doi.org/10.1145/2976749.2978309,"Publisher, author, or standards rights; bibliographic citation and analytical comparison only",2026-09-11,scholarly publication,"Read-only primary publisher, author, standards, or arXiv record","Bibliographic citation and literature calibration; no paper, code, or dataset redistributed",Defines the native-semantics boundary and prevents proxy abstractions from being read as source-level guarantees.,no,"Metadata, abstract, and the specific cited claim inspected; no external executable integrated"
Certifying Algorithms,https://doi.org/10.1016/j.cosrev.2010.09.009,"Publisher, author, or standards rights; bibliographic citation and analytical comparison only",2026-09-11,scholarly publication,"Read-only primary publisher, author, standards, or arXiv record","Bibliographic citation and literature calibration; no paper, code, or dataset redistributed",Clarifies that the submitted certificate binds claims but does not replace or compress full replay.,no,"Metadata, abstract, and the specific cited claim inspected; no external executable integrated"
Angelix: Scalable Multiline Program Patch Synthesis via Symbolic Analysis,https://doi.org/10.1145/2884781.2884807,"Publisher, author, or standards rights; bibliographic citation and analytical comparison only",2026-09-11,scholarly publication,"Read-only primary publisher, author, standards, or arXiv record","Bibliographic citation and literature calibration; no paper, code, or dataset redistributed","Positions exact submitted-pair validation against patch generation, plausibility, and overfitting work.",no,"Metadata, abstract, and the specific cited claim inspected; no external executable integrated"
HDD: Hierarchical Delta Debugging,https://doi.org/10.1145/1134285.1134307,"Publisher, author, or standards rights; bibliographic citation and analytical comparison only",2026-09-11,scholarly publication,"Read-only primary publisher, author, standards, or arXiv record","Bibliographic citation and literature calibration; no paper, code, or dataset redistributed",Distinguishes fixed-universe witness minimization from general failure reduction or causal explanation.,no,"Metadata, abstract, and the specific cited claim inspected; no external executable integrated"
Proof-Carrying Code,https://doi.org/10.1145/263699.263712,"Publisher, author, or standards rights; bibliographic citation and analytical comparison only",2026-09-11,scholarly publication,"Read-only primary publisher, author, standards, or arXiv record","Bibliographic citation and literature calibration; no paper, code, or dataset redistributed",Clarifies that the submitted certificate binds claims but does not replace or compress full replay.,no,"Metadata, abstract, and the specific cited claim inspected; no external executable integrated"
Translation Validation for an Optimizing Compiler,https://doi.org/10.1145/349299.349314,"Publisher, author, or standards rights; bibliographic citation and analytical comparison only",2026-09-11,scholarly publication,"Read-only primary publisher, author, standards, or arXiv record","Bibliographic citation and literature calibration; no paper, code, or dataset redistributed","Positions the asymmetric finite pair relation against validation, equivalence, and multi-run reasoning.",no,"Metadata, abstract, and the specific cited claim inspected; no external executable integrated"
Asleep at the Keyboard? Assessing the Security of GitHub Copilot's Code Contributions,https://doi.org/10.1109/SP46214.2022.9833571,"Publisher, author, or standards rights; bibliographic citation and analytical comparison only",2026-09-16,peer-reviewed scholarly publication,"Read-only primary publisher, author, standards, or arXiv record","Bibliographic citation and literature calibration; no paper, code, or dataset redistributed","Positions exact submitted-pair validation against patch generation, plausibility, and overfitting work.",no,Publisher/proceedings metadata and the specific cited claim inspected; no external executable integrated
VerX: Safety Verification of Smart Contracts,https://doi.org/10.1109/SP40000.2020.00024,"Publisher, author, or standards rights; bibliographic citation and analytical comparison only",2026-09-11,scholarly publication,"Read-only primary publisher, author, standards, or arXiv record","Bibliographic citation and literature calibration; no paper, code, or dataset redistributed",Defines the native-semantics boundary and prevents proxy abstractions from being read as source-level guarantees.,no,"Metadata, abstract, and the specific cited claim inspected; no external executable integrated"
Differential Symbolic Execution,https://doi.org/10.1145/1453101.1453131,"Publisher, author, or standards rights; bibliographic citation and analytical comparison only",2026-09-11,scholarly publication,"Read-only primary publisher, author, standards, or arXiv record","Bibliographic citation and literature calibration; no paper, code, or dataset redistributed","Positions the asymmetric finite pair relation against validation, equivalence, and multi-run reasoning.",no,"Metadata, abstract, and the specific cited claim inspected; no external executable integrated"
A Manually-Curated Dataset of Fixes to Vulnerabilities of Open-Source Software,https://doi.org/10.1109/MSR.2019.00064,"Publisher, author, or standards rights; bibliographic citation and analytical comparison only",2026-09-11,scholarly publication,"Read-only primary publisher, author, standards, or arXiv record","Bibliographic citation and literature calibration; no paper, code, or dataset redistributed",Contrasts corpus provenance or ground-truth construction with per-pair root-repair certification.,no,"Metadata, abstract, and the specific cited claim inspected; no external executable integrated"
On the Generalizability of Neural Program Models with Respect to Semantic-Preserving Program Transformations,https://doi.org/10.1016/j.infsof.2021.106552,"Publisher, author, or standards rights; bibliographic citation and analytical comparison only",2026-09-11,scholarly publication,"Read-only primary publisher, author, standards, or arXiv record","Bibliographic citation and literature calibration; no paper, code, or dataset redistributed","Positions independently checked transformations against robustness, metamorphic, and mutation testing.",no,"Metadata, abstract, and the specific cited claim inspected; no external executable integrated"
Test-Case Reduction for C Compiler Bugs,https://doi.org/10.1145/2254064.2254104,"Publisher, author, or standards rights; bibliographic citation and analytical comparison only",2026-09-11,scholarly publication,"Read-only primary publisher, author, standards, or arXiv record","Bibliographic citation and literature calibration; no paper, code, or dataset redistributed",Distinguishes fixed-universe witness minimization from general failure reduction or causal explanation.,no,"Metadata, abstract, and the specific cited claim inspected; no external executable integrated"
A Survey on Metamorphic Testing,https://doi.org/10.1109/TSE.2016.2532875,"Publisher, author, or standards rights; bibliographic citation and analytical comparison only",2026-09-11,scholarly publication,"Read-only primary publisher, author, standards, or arXiv record","Bibliographic citation and literature calibration; no paper, code, or dataset redistributed","Positions independently checked transformations against robustness, metamorphic, and mutation testing.",no,"Metadata, abstract, and the specific cited claim inspected; no external executable integrated"
Translation Validation for a Verified OS Kernel,https://doi.org/10.1145/2491956.2462183,"Publisher, author, or standards rights; bibliographic citation and analytical comparison only",2026-09-11,scholarly publication,"Read-only primary publisher, author, standards, or arXiv record","Bibliographic citation and literature calibration; no paper, code, or dataset redistributed","Positions the asymmetric finite pair relation against validation, equivalence, and multi-run reasoning.",no,"Metadata, abstract, and the specific cited claim inspected; no external executable integrated"
Is the Cure Worse than the Disease? Overfitting in Automated Program Repair,https://doi.org/10.1145/2786805.2786825,"Publisher, author, or standards rights; bibliographic citation and analytical comparison only",2026-09-11,scholarly publication,"Read-only primary publisher, author, standards, or arXiv record","Bibliographic citation and literature calibration; no paper, code, or dataset redistributed","Positions exact submitted-pair validation against patch generation, plausibility, and overfitting work.",no,"Metadata, abstract, and the specific cited claim inspected; no external executable integrated"
Cartesian Hoare Logic for Verifying k-Safety Properties,https://doi.org/10.1145/2908080.2908092,"Publisher, author, or standards rights; bibliographic citation and analytical comparison only",2026-09-11,scholarly publication,"Read-only primary publisher, author, standards, or arXiv record","Bibliographic citation and literature calibration; no paper, code, or dataset redistributed","Positions the asymmetric finite pair relation against validation, equivalence, and multi-run reasoning.",no,"Metadata, abstract, and the specific cited claim inspected; no external executable integrated"
Formal Verification of Translation Validators: A Case Study on Instruction Scheduling Optimizations,https://doi.org/10.1145/1328438.1328444,"Publisher, author, or standards rights; bibliographic citation and analytical comparison only",2026-09-11,scholarly publication,"Read-only primary publisher, author, standards, or arXiv record","Bibliographic citation and literature calibration; no paper, code, or dataset redistributed","Positions the asymmetric finite pair relation against validation, equivalence, and multi-run reasoning.",no,"Metadata, abstract, and the specific cited claim inspected; no external executable integrated"
Securify: Practical Security Analysis of Smart Contracts,https://doi.org/10.1145/3243734.3243780,"Publisher, author, or standards rights; bibliographic citation and analytical comparison only",2026-09-11,scholarly publication,"Read-only primary publisher, author, standards, or arXiv record","Bibliographic citation and literature calibration; no paper, code, or dataset redistributed",Defines the native-semantics boundary and prevents proxy abstractions from being read as source-level guarantees.,no,"Metadata, abstract, and the specific cited claim inspected; no external executable integrated"
Adversarial Examples for Models of Code,https://doi.org/10.1145/3428230,"Publisher, author, or standards rights; bibliographic citation and analytical comparison only",2026-09-11,scholarly publication,"Read-only primary publisher, author, standards, or arXiv record","Bibliographic citation and literature calibration; no paper, code, or dataset redistributed","Positions independently checked transformations against robustness, metamorphic, and mutation testing.",no,"Metadata, abstract, and the specific cited claim inspected; no external executable integrated"
Devign: Effective Vulnerability Identification by Learning Comprehensive Program Semantics via Graph Neural Networks,https://proceedings.neurips.cc/paper/2019/hash/49265d2447bc3bbfe9e76306ce40a31f-Abstract.html,"Publisher, author, or standards rights; bibliographic citation and analytical comparison only",2026-09-16,peer-reviewed scholarly publication,"Read-only primary publisher, author, standards, or arXiv record","Bibliographic citation and literature calibration; no paper, code, or dataset redistributed",Supports the motivation that model scores and corpus splits can reflect shortcuts or weak generalization.,no,Publisher/proceedings metadata and the specific cited claim inspected; no external executable integrated
Relational Logic with Framing and Hypotheses,https://drops.dagstuhl.de/entities/document/10.4230/LIPIcs.FSTTCS.2016.11,"Publisher or author-hosted scholarly text; metadata and original paraphrase only, no full-text redistribution",2026-09-21,scholarly publication,Read-only first-party record and paper,Bibliographic metadata and bounded technical comparison,"Establishes relational framing as prior work; the transport protocol is a bounded specialization, not a new frame logic.",no,"Abstract; Sections 2-4, especially read/write effects and frame side conditions on pp. 11:4-11:5"
Language-Based Information-Flow Security,https://www.cs.cornell.edu/andru/papers/jsac/sm-jsac03.pdf,"Publisher or author-hosted scholarly text; metadata and original paraphrase only, no full-text redistribution",2026-09-21,scholarly publication,Read-only first-party record and paper,Bibliographic metadata and bounded technical comparison,Separates invariance of security profiles from the stronger and undesired invariance of all functional outputs.,no,Title page; Section II on noninterference and security typing
Abstract Interpretation: A Unified Lattice Model for Static Analysis of Programs by Construction or Approximation of Fixpoints,https://www.di.ens.fr/~cousot/COUSOTpapers/POPL77.shtml,"Publisher or author-hosted scholarly text; metadata and original paraphrase only, no full-text redistribution",2026-09-21,scholarly publication,Read-only first-party record and paper,Bibliographic metadata and bounded technical comparison,Attributes interval/type approximation to established abstract interpretation rather than treating the totality checker as a new abstract domain.,no,Author-hosted publication record and paper pp. 238-240; approximation and sound abstract interpretation
