roles,citation_key,title,venue,year,primary_url,award_or_visibility_evidence,reading_basis,motivating_pain,general_principle,correctness_or_performance_argument,practice_link,evaluation_breadth,artifact_strength,story_sequence,likely_reviewer_attack,delta_to_rcsc,status
same-track;closest,li2025svtrust,SV-TrustEval-C: Evaluating Structure and Semantic Reasoning in Large Language Models for Source Code Vulnerability Analysis,IEEE Symposium on Security and Privacy,2025,https://arxiv.org/html/2505.20630,Official proceedings record,"Full-text structural read: abstract, benchmark design, generator, pairwise analysis, results, limits and appendices",Existing vulnerability benchmarks do not separate structural from semantic reasoning,"Generate controlled safe, unsafe and impaired variants and evaluate consistency",Behavior simulator and paired evaluations support benchmark labels; no consumer-side proof of each pair relation,C source-code vulnerability reasoning,"Eleven models; structure, counterfactual, goal-driven, predictive and pairwise analyses",Public benchmark dataset and detailed generator description,Benchmark gap -> generator -> model evaluation -> behavior analysis -> limits,Generated labels and transformations may still inherit simulator assumptions,"RCSC does not claim the safe/unsafe/impaired distinction; it supplies a consumer-checkable pair relation, exact repair membership and a bounded context-transport condition",complete
same-track;closest,pearce2023repair,Examining Zero-Shot Vulnerability Repair with Large Language Models,IEEE Symposium on Security and Privacy,2023,https://doi.org/10.1109/SP46215.2023.10179324,Official venue paper,"Full-text structural read: scenarios, prompt design, synthetic/hand-crafted/real-world evaluation, qualitative analysis and study limitations",Generated patches can pass weak checks without being reliable repairs,"Evaluate candidate repairs with compilation, tests and security tools across several scenario classes",Tests and tools provide empirical evidence but cannot prove absence of residual vulnerability or preserve all functionality,Automated vulnerability repair,"Synthetic, hand-crafted and historical real-world scenarios across multiple models",Scenario corpus and evaluation procedure described; dependencies on tests and analyzers are explicit,Repair promise -> experimental protocol -> quantitative and qualitative results -> limitations,Functional tests and security tools are incomplete or correlated oracles,RCSC checks a bounded repair relation exhaustively and exposes its observation premises; it does not generate or judge native repairs,complete
same-track;closest;distinguished,pearce2022asleep,Asleep at the Keyboard? Assessing the Security of GitHub Copilot Code Contributions,IEEE Symposium on Security and Privacy,2022,https://doi.org/10.1109/SP46214.2022.9833571,IEEE S&P 2022 Distinguished Paper,"Full-text structural read: threat scenarios, experimental pipeline, diversity/context studies, validity threats and dataset access",Code completion can produce insecure code and react to semantically irrelevant context,"Systematically vary prompts and context, then analyze generated completions with tools and manual review",Repeated scenarios and contextual perturbations support empirical sensitivity claims; tool limits and manual judgments remain,Security of code-completion systems,"89 CWE scenarios, multiple languages/domains, prompt/context variants",Released scenarios and framework; validity threats identify oracle limitations,Motivation -> scenario construction -> empirical axes -> context perturbations -> threats,Tool and human labels may not establish exact program semantics,RCSC addresses the benchmark object rather than model output and proves repair-blind endpoint balance under a declared finite relation,complete
same-track,veronese2023webspec,WebSpec: Towards Machine-Checked Analysis of Browser Security Mechanisms,IEEE Symposium on Security and Privacy,2023,https://doi.org/10.1109/SP46215.2023.10179465,Official program record,"Full-text structural read: formal model, invariants, compiler, trace verifier, case studies, evaluation and compiler restrictions",Informal and component-local browser reasoning misses interaction bugs,Combine a Coq browser model with automated CHC analysis and machine-checked traces/proofs,Type-preserving translation and proof/trace validation provide end-to-end assurance within a stated logic fragment,Browser security standards and implementations,"Multiple Web mechanisms, invariants, attacks and browser validation cases","Formal model, compiler, verifier and executable test mapping",Platform gap -> formal model -> toolchain -> discovered inconsistencies/proofs -> restrictions,Model-to-browser correspondence and restricted logic fragment define the trust boundary,"RCSC is much smaller; its transferable lesson is explicit checker semantics and independent validation, not comparable platform coverage",complete
same-track,ike2023scaphy,SCAPHY: Detecting Modern ICS Attacks by Correlating Behaviors in SCADA and PHYsical,IEEE Symposium on Security and Privacy,2023,https://arxiv.org/html/2211.14642,Official program record,"Full-text structural read: motivating attacks, threat model, architecture, implementation, multi-industry evaluation, comparisons and practicality discussion",Traffic or physical signals alone miss context-aware ICS attacks,Correlate phase-specific host behavior with physical-process effects,Cross-layer model plus controlled testbed evaluation supports detection claims under an explicit trusted hypervisor,Industrial control systems,"Four industries, 24 scenarios and 40 attacks with comparative and evasion analyses",Released scenarios/datasets and implementation description,Real attacks -> phase insight -> cross-layer system -> testbed evidence -> deployment limits,External validity and trusted infrastructure dominate transfer,Calibrates venue expectations for a consequential practice link; RCSC instead offers a formal benchmark-integrity primitive and makes its lack of native deployment explicit,complete
same-track,li2023certified,SoK: Certified Robustness for Deep Neural Networks,IEEE Symposium on Security and Privacy,2023,https://arxiv.org/html/2009.04131,Official program record,"Full-text structural read: taxonomy, formal robustness definitions, certification methods, evaluation dimensions and open challenges",Empirical robustness does not imply a worst-case guarantee,Define threat models and certify bounded perturbation sets,Sound certificates prove local properties under explicit norms and assumptions; completeness and scalability differ by method,Adversarial machine learning,"Broad systematization across certification families, datasets, threat models and metrics","Taxonomy, unified notation and comparative evidence inventory",Guarantee gap -> formal taxonomy -> methods/evaluation -> challenges,A certificate may be vacuous or irrelevant when its threat model is poorly chosen,RCSC adopts the same evidence discipline at a different object: a finite paired-program relation rather than neural robustness,complete
same-track,weber2023rab,RAB: Provable Robustness Against Backdoor Attacks,IEEE Symposium on Security and Privacy,2023,https://arxiv.org/html/2003.08904,Official program record,"Full-text structural read: poisoning model, randomized smoothing construction, theorems, experiments and limitations",Backdoor defenses lacked certified guarantees against bounded poisoning,Use randomized smoothing over training data to certify prediction invariance,Theorems connect poisoning budget to prediction certificates; experiments measure certified accuracy and cost,Backdoor-resilient learning,"Multiple datasets, attacks, budgets and base learners",Algorithms and experimental protocol are described and released in the scholarly record,Threat model -> certificate -> theorem -> evaluation -> limits,"Guarantee usefulness depends on perturbation model, base accuracy and scalability","RCSC likewise separates a conditional certificate from its external adequacy, but its relation is exact and finite rather than probabilistic",complete
same-track,xiang2023objectseeker,ObjectSeeker: Certifiably Robust Object Detection against Patch Hiding Attacks via Patch-agnostic Masking,IEEE Symposium on Security and Privacy,2023,https://arxiv.org/html/2202.01811,Official program record,"Full-text structural read: attack model, masking construction, detection certificates, evaluation and stated certification scope",Patch attacks can hide objects from detectors and empirical defenses lack guarantees,Mask image regions independently of patch location and aggregate detections,A sound detection certificate follows when at least one clean masking view retains the object; experiments report certified recall,Robust object detection,"Several detectors, datasets, patch sizes, attacks and runtime settings",Implementation and evaluation details accompany the proof,Attack -> mask insight -> certificate -> empirical certified performance -> limitations,Certified recall does not establish precision or robustness outside the patch model,"RCSC similarly states exactly what its certificate proves and supplies necessity ablations, but targets benchmark pairs rather than predictions",complete
same-track,wang2023publiccheck,PublicCheck: Public Integrity Verification for Services of Run-time Deep Models,IEEE Symposium on Security and Privacy,2023,https://arxiv.org/html/2203.10902,Official program record,"Full-text structural read: public-verification threat model, fingerprint construction, adaptive attacks, evaluation and appendices",Users cannot trust a possibly dishonest model-service provider to self-verify integrity,Generate disposable smooth black-box fingerprints around decision boundaries,Behavioral agreement on selected fingerprints detects tested model modifications; anti-counterfeiting is evaluated empirically,Deployed ML services,"Multiple datasets/models, integrity attacks, compression, query and generation overheads","Detailed algorithms, settings and appendices",Trust problem -> fingerprint design -> adversary -> broad evaluation -> limits,Selected fingerprints do not prove functional identity of arbitrary models,"RCSC replays all admitted inputs, so its certificate is not a probabilistic fingerprint; PublicCheck calibrates the consumer-verification narrative",complete
same-track,arquint2023sound,Sound Verification of Security Protocols: From Design to Interoperable Implementations,IEEE Symposium on Security and Privacy,2023,https://doi.org/10.1109/SP46215.2023.10179325,Official program record,"Full-text structural read: Tamarin-to-I/O specifications, metatheorems, implementation verification, WireGuard case study and trusted-base discussion",Protocol-model proofs often stop before implementation code,Translate verified protocol roles into separation-logic I/O specifications and prove a soundness bridge,Metatheorems transfer trace properties from model to verified implementation under explicit assumptions,Security protocol implementations,Substantial WireGuard Go implementation plus framework validation,"Tools, formal definitions, proofs and case study",Model-code gap -> translation -> metatheorem -> implementation proof -> practical case,"Soundness depends on translation, verifier assumptions and unverified code boundary",RCSC currently has no native-source bridge and states that gap; this work is the standard for any future source refinement claim,complete
same-track,so2020verismart,VeriSmart: A Highly Precise Safety Verifier for Ethereum Smart Contracts,IEEE Symposium on Security and Privacy,2020,https://arxiv.org/html/1908.11227,Official scholarly record and high citation visibility,"Full-text structural read: transaction invariants, verification algorithm, implementation, real-contract evaluation and threats",Arithmetic safety analyzers trade false positives against missed bugs,Discover transaction invariants specialized to smart-contract arithmetic,Exhaustive verification within the modeled semantics plus empirical comparison supports precision/recall claims,Ethereum smart contracts,"Real contracts, arithmetic bugs, analyzer comparisons and performance",Verifier implementation and evaluation methodology are described,High-impact failure -> domain algorithm -> sound analysis -> real-contract evidence,Language/semantics coverage and invariant discovery completeness constrain conclusions,RCSC Solidity-like operations are only monitor proxies and are explicitly not a contract verifier,complete
same-track,babel2024clockwork,Clockwork Finance: Automated Analysis of Economic Security in Smart Contracts,IEEE Symposium on Security and Privacy,2024,https://arxiv.org/html/2109.04347,Official S&P 2024 program record,"Full-text structural read: economic threat model, modeling language, synthesis/analysis method, case studies, experiments and limits",Local code correctness does not ensure economic security across market interactions,"Model protocols and adversarial economic actions, then search for profitable strategies",Formalized utility and bounded search generate attack witnesses under declared market assumptions,DeFi and smart contracts,"Protocols, historical attacks, synthesized strategies and sensitivity analyses",Modeling and analysis artifacts accompany case studies,Economic gap -> formal model -> automated search -> attacks/validation -> limitations,"Model fidelity, horizon and market assumptions bound soundness","RCSC is orthogonal: it validates a pair relation under tiny operational semantics, not economic behavior",complete
distinguished,albrecht2022telegram,Four Attacks and a Proof for Telegram,IEEE Symposium on Security and Privacy,2022,https://mtpsym.github.io/,IEEE S&P 2022 Distinguished Paper,"Full-text structural read through author-hosted paper/project record: protocol reconstruction, attacks, formal proof, disclosure and fixes",Telegram protocol security claims lacked a precise public cryptographic analysis,"Reconstruct the protocol, derive attacks, and prove a corrected construction under stated assumptions",Concrete cryptographic attacks plus a formal reduction for the repaired design,Secure messaging protocol,Multiple protocol attacks and a proof-backed repair,"Author-hosted paper, technical details and disclosure record",Protocol ambiguity -> attacks -> formalization -> repair/proof -> deployment response,Model reconstruction and implementation correspondence can invalidate proofs,"Calibrates the bar for a certificate paper: theorem and checker must connect to a consequential boundary, not merely attach metadata",complete
distinguished,ami2024falsenegative,False negative -- that one is going to kill you: Understanding Industry Perspectives of Static Analysis based Security Testing,IEEE Symposium on Security and Privacy,2024,https://arxiv.org/html/2307.16325,IEEE S&P 2024 Distinguished Paper,"Full-text structural read: research questions, interview design, coding/analysis, findings, implications, limitations and appendices",SAST design priorities often differ from practitioner expectations and workflows,Ground tool research directions in qualitative evidence from practitioners,Transparent sampling and thematic analysis support bounded human-factors findings rather than universal tool claims,Industrial static analysis,"Twenty practitioners, 17 findings and design implications","Interview protocol, coding description and supplementary materials",Practice gap -> qualitative method -> findings -> implications -> limits,Sample composition and self-report constrain transfer,RCSC has no human evidence; this paper calibrates how clearly practical consequences and evidence boundaries must be stated,complete
distinguished,schloegel2024prudent,SoK: Prudent Evaluation Practices for Fuzzing,IEEE Symposium on Security and Privacy,2024,https://arxiv.org/html/2405.10220,IEEE S&P 2024 Distinguished Paper,"Full-text structural read: guideline synthesis, 150-paper audit, systematic-error analyses, recommendations and threats","Fuzzing conclusions are fragile under randomness, target choice and weak statistics",Audit evaluation practice against explicit methodological requirements,Large systematic corpus and reanalyses expose recurring threats and motivate enforceable reporting guidance,Security experimentation,150 top-venue papers from 2018--2023 plus targeted reanalyses,Public coding criteria and paper inventory,Evaluation problem -> guideline framework -> field audit -> consequences -> recommendations,Coding judgments and evolving best practice require careful interpretation,"Directly motivates RCSC raw-table reconciliation, negative controls and claim-evidence ledger; it does not establish RCSC novelty",complete
distinguished,duddu2024interactions,SoK: Unintended Interactions among Machine Learning Defenses and Risks,IEEE Symposium on Security and Privacy,2024,https://arxiv.org/html/2312.04542,IEEE S&P 2024 Distinguished Paper,"Full-text structural read: interaction framework, literature mapping, conjectures, empirical validation and limits",A defense against one ML risk can worsen another,Organize interactions through overfitting and memorization mechanisms and test new predictions,Synthesis plus targeted experiments support a causal organizing hypothesis within the selected risk set,"ML security, privacy and fairness",Cross-risk literature survey and two empirical interaction studies,Structured taxonomy and reproducible experiment descriptions,Fragmented evidence -> framework -> mapped literature -> new tests -> implications,Single organizing mechanism may not explain all interactions,"Calibrates how a paper turns a boundary into a reusable principle; RCSC uses separation of relation, observer and surface channels as its analogous principle",complete
adjacent;closest,risse2024limits,Uncovering the Limits of Machine Learning for Automatic Vulnerability Detection,USENIX Security Symposium,2024,https://www.usenix.org/conference/usenixsecurity24/presentation/risse,Official USENIX paper record,"Full-text structural read: benchmark construction, realistic patches, semantics-preserving changes, detector evaluation, analyses and limitations",High random-split detector scores do not imply responsiveness to vulnerabilities,Evaluate detectors on patched and semantics-preserving variants that hold functionality relationships fixed,Controlled paired tests and perturbations expose shortcut behavior across detectors,ML vulnerability detection,"Multiple datasets, detector families, patches and perturbations",Official paper and artifact links,Headline scores -> discriminating paired tests -> failures -> implications,Patch and perturbation validity remain critical assumptions,"Closest empirical motivation: RCSC provides a finite consumer-checkable relation for such pairs, not a detector study",complete
adjacent;closest,risse2025wrongexam,Top Score on the Wrong Exam: On Benchmarking in Machine Learning for Vulnerability Detection,ACM ISSTA / PACMSE,2025,https://niklasrisse.github.io/files/risse-2025-top-score-wrong-exam.pdf,Peer-reviewed adjacent top venue,"Full-text structural read: benchmark-task critique, formal task distinctions, empirical analyses, recommendations and threats",Function-level datasets can reward the wrong task because vulnerability context lies outside the sample,Align benchmark unit and evaluation protocol with the security question,Cross-benchmark and context analyses show when conventional labels measure proxy tasks,ML vulnerability detection,"Several datasets, context settings and task formulations",Author paper and supporting material,Task mismatch -> theory/diagnosis -> empirical evidence -> benchmark guidance,New benchmark contracts still require representative source coverage,RCSC addresses endpoint integrity inside a declared unit; it cannot repair an incorrectly chosen source unit,complete
adjacent;closest,croft2023quality,Data Quality for Software Vulnerability Datasets,International Conference on Software Engineering,2023,https://arxiv.org/html/2301.05456,Peer-reviewed adjacent top venue,"Full-text structural read: quality model, dataset study, defect taxonomy, cleaning experiments and threats","Vulnerability datasets contain duplicates, label noise, overlap and inconsistent metadata",Evaluate and improve dataset quality before drawing model conclusions,Systematic measurements and cleaning show material changes in data and downstream evaluation,Software-vulnerability datasets,Multiple public datasets and quality dimensions,Analysis scripts/data transformations documented,Dataset defects -> quality framework -> measurements -> effects -> guidance,Cleaning heuristics and ground-truth uncertainty remain,"RCSC is pair-local and complementary: exact relation checks do not replace corpus-wide provenance, split or label audits",complete
adjacent;closest,lopes2021alive2,Alive2: Bounded Translation Validation for LLVM,ACM PLDI,2021,https://web.ist.utl.pt/nuno.lopes/pubs/alive2-pldi21.pdf,Field-defining translation validator,"Full-text structural read: LLVM semantics, refinement relation, SMT encoding, validation modes, evaluation and unsupported features",Compiler optimizations can be wrong and testing cannot cover all inputs,Validate each source-target transformation against a formal refinement semantics,SMT-based counterexamples or proofs establish bounded refinement under modeled LLVM semantics,Compiler correctness,"Large optimization suites, LLVM integration and bug findings",Open implementation and extensive test corpus,Compiler-risk -> semantics -> validator -> integration/evaluation -> limits,Undefined behavior and unsupported IR features dominate soundness boundary,"Strongest mechanism competitor; RCSC has a different asymmetric security relation and a much smaller language, so it claims no general validation advance",complete
adjacent;closest,beyer2016witnesses,Correctness Witnesses: Exchanging Verification Results between Verifiers,ACM FSE,2016,https://www.sosy-lab.org/research/pub/2016-FSE.Correctness_Witnesses_Exchanging_Verification_Results_between_Verifiers.pdf,Foundational witness-validation paper,"Full-text structural read: witness format, validators, empty-witness baseline, cross-tool experiments, limitations and discussion",Verification results are difficult to exchange and independently validate,Carry invariants in a standard witness and validate them with another verifier,Cross-validator experiments compare witness content against empty-witness baselines and expose compatibility/common-component issues,Software verification,"Multiple verifiers, tasks and witness configurations","Witness specification, tools and benchmark procedure",Exchangeability gap -> format -> validators -> experiments -> lessons,Shared front ends and weak witnesses can create misleading agreement,Strongest witness competitor; RCSC certificates validate explicit pair claims but add no semantic power over full replay,complete
foundational,pnueli1998translation,Translation Validation,TACAS,1998,https://link.springer.com/chapter/10.1007/BFb0054170,Foundational formulation,"Full-paper conceptual read through publisher and archival copies: validator architecture, relation and examples",Proving every compiler pass is costly and brittle,Validate each translation result instead of the producer,A separate validator checks semantic correspondence for each output,Compiler correctness,Illustrative transformations and formal relation,Formal architecture rather than modern executable artifact,Compiler trust -> per-result validation -> examples -> implications,Validator and source semantics remain trusted,RCSC follows per-instance validation but changes the relation to asymmetric security-root closure and safe-input equivalence,complete
foundational,barthe2011product,Relational Verification Using Product Programs,FM,2011,https://link.springer.com/chapter/10.1007/978-3-642-21437-0_17,Foundational relational-verification method,"Full-paper conceptual read: product construction, proof rules, examples and limits",Unary verification infrastructure does not directly prove relational properties,Reduce paired executions to a product program,Sound product construction enables standard verification of relational judgments,Program verification,Representative relational properties and examples,Formal method and proofs,Relational need -> product construction -> rules/examples -> scope,Alignment choices and language semantics determine automation,RCSC uses explicit paired replay rather than claiming a new product construction,complete
foundational,zeller2002simplifying,Simplifying and Isolating Failure-Inducing Input,IEEE Transactions on Software Engineering,2002,https://www.st.cs.uni-saarland.de/papers/tse2002/,Field-defining failure minimization,"Full-text structural read: delta-debugging algorithms, assumptions, case studies, complexity and limitations",Large failing inputs obscure causes,Systematically minimize failure-inducing differences under a test predicate,Algorithms guarantee minimality notions relative to monotonicity/granularity assumptions,Debugging and test reduction,Several software failures and input/difference structures,Algorithms and examples are fully specified,Debugging pain -> algorithm -> case studies -> guarantees/limits,Minimal failing difference is not necessarily a causal explanation,RCSC only exhausts a fixed 14-feature universe; it does not claim general causal or globally smallest rejection explanations,complete
cited;detector,allamanis2019duplication,The Adverse Effects of Code Duplication in Machine Learning Models of Code,Onward! 2019,2019,https://doi.org/10.1145/3359591.3359735,Cited primary scholarly publication or official specification record,"Primary publisher, author, specification, or arXiv record; metadata, abstract, and the manuscript-supported claim inspected","High benchmark scores can reflect duplication, context, or representation shortcuts rather than vulnerability causes","Evaluate detection models and datasets under controlled splits, variants, and generalization tests",Empirical performance and perturbation evidence expose benchmark/model failure modes but do not certify each pair,Learning-based source-code vulnerability detection and benchmark quality,"Models, projects, splits, representations, or controlled variants","Datasets, model evaluations, or reproducible benchmark analyses reported by the primary work",Detector promise -> evaluation design -> failure/generalization evidence -> validity limits,Observed model failure does not identify a model-independent admissibility relation,The current result checks transport of an exact repair and uniform root-input security partition across a declared finite context family; it does not claim novelty for this work's existing method or native-language coverage.,claim-verified
cited;relational,barthe2004selfcomposition,Secure Information Flow by Self-Composition,17th IEEE Computer Security Foundations Workshop,2004,https://doi.org/10.1109/CSFW.2004.17,Cited primary scholarly publication or official specification record,"Primary publisher, author, specification, or arXiv record; metadata, abstract, and the manuscript-supported claim inspected",Trusting a producer or comparing single runs is insufficient for semantic relations between programs,Validate each transformation or encode multi-run properties as relational proof obligations,"Proofs, validators, symbolic execution, or bounded refinement establish relations under explicit semantics","Compiler validation, relational verification, and semantic differencing","Languages, passes, program pairs, or proof obligations specific to each system",Formal definitions and implementations or proofs described by the primary publication,Untrusted transformation -> relational semantics -> checker/proof -> boundary,General equivalence or refinement is not the asymmetric relation needed for vulnerability repairs,"RCSC specializes per-result validation to one exact root repair, patched closure, and equality only on the vulnerable endpoint safe partition.",claim-verified
cited;relational,benton2004relational,Simple Relational Correctness Proofs for Static Analyses and Program Transformations,31st ACM SIGPLAN-SIGACT Symposium on Principles of Programming Languages,2004,https://doi.org/10.1145/964001.964003,Cited primary scholarly publication or official specification record,"Primary publisher, author, specification, or arXiv record; metadata, abstract, and the manuscript-supported claim inspected",Trusting a producer or comparing single runs is insufficient for semantic relations between programs,Validate each transformation or encode multi-run properties as relational proof obligations,"Proofs, validators, symbolic execution, or bounded refinement establish relations under explicit semantics","Compiler validation, relational verification, and semantic differencing","Languages, passes, program pairs, or proof obligations specific to each system",Formal definitions and implementations or proofs described by the primary publication,Untrusted transformation -> relational semantics -> checker/proof -> boundary,General equivalence or refinement is not the asymmetric relation needed for vulnerability repairs,"RCSC specializes per-result validation to one exact root repair, patched closure, and equality only on the vulnerable endpoint safe partition.",claim-verified
cited;corpus,bhandari2021cvefixes,CVEfixes: Automated Collection of Vulnerabilities and Their Fixes from Open-Source Software,17th International Conference on Predictive Models and Data Analytics in Software Engineering,2021,https://doi.org/10.1145/3475960.3475985,Cited primary scholarly publication or official specification record,"Primary publisher, author, specification, or arXiv record; metadata, abstract, and the manuscript-supported claim inspected",Vulnerability labels and fix provenance do not automatically establish controlled endpoint pairs,"Construct, curate, inject, or instrument software artifacts with explicit security ground truth","Dataset curation or instrumentation supports labels and benchmark measurement, but not the RCSC pair theorem","Native software-assurance, vulnerability, or fuzzing benchmarks","Corpus scale, target diversity, provenance, or bug-level ground truth",Dataset or benchmark-construction surface described by the primary publication,Ground-truth gap -> corpus construction -> benchmark use -> validity limits,"Labels, fixes, or injected bugs may still fail to isolate one root repair for a selected pair",RCSC operates after pair selection and checks one finite root-repair relation; it neither replaces nor validates the native corpus.,claim-verified
cited;corpus,black2018sard,A Software Assurance Reference Dataset: Thousands of Programs With Known Bugs,Journal of Research of the National Institute of Standards and Technology,2018,https://doi.org/10.6028/jres.123.005,Cited primary scholarly publication or official specification record,"Primary publisher, author, specification, or arXiv record; metadata, abstract, and the manuscript-supported claim inspected",Vulnerability labels and fix provenance do not automatically establish controlled endpoint pairs,"Construct, curate, inject, or instrument software artifacts with explicit security ground truth","Dataset curation or instrumentation supports labels and benchmark measurement, but not the RCSC pair theorem","Native software-assurance, vulnerability, or fuzzing benchmarks","Corpus scale, target diversity, provenance, or bug-level ground truth",Dataset or benchmark-construction surface described by the primary publication,Ground-truth gap -> corpus construction -> benchmark use -> validity limits,"Labels, fixes, or injected bugs may still fail to isolate one root repair for a selected pair",RCSC operates after pair selection and checks one finite root-repair relation; it neither replaces nor validates the native corpus.,claim-verified
cited;corpus,boland2012juliet,The Juliet 1.1 C/C++ and Java Test Suite,Computer,2012,https://doi.org/10.1109/MC.2012.345,Cited primary scholarly publication or official specification record,"Primary publisher, author, specification, or arXiv record; metadata, abstract, and the manuscript-supported claim inspected",Vulnerability labels and fix provenance do not automatically establish controlled endpoint pairs,"Construct, curate, inject, or instrument software artifacts with explicit security ground truth","Dataset curation or instrumentation supports labels and benchmark measurement, but not the RCSC pair theorem","Native software-assurance, vulnerability, or fuzzing benchmarks","Corpus scale, target diversity, provenance, or bug-level ground truth",Dataset or benchmark-construction surface described by the primary publication,Ground-truth gap -> corpus construction -> benchmark use -> validity limits,"Labels, fixes, or injected bugs may still fail to isolate one root repair for a selected pair",RCSC operates after pair selection and checks one finite root-repair relation; it neither replaces nor validates the native corpus.,claim-verified
cited;detector,chakraborty2022dlvuln,Deep Learning Based Vulnerability Detection: Are We There Yet?,IEEE Transactions on Software Engineering,2022,https://doi.org/10.1109/TSE.2021.3087402,Cited primary scholarly publication or official specification record,"Primary publisher, author, specification, or arXiv record; metadata, abstract, and the manuscript-supported claim inspected","High benchmark scores can reflect duplication, context, or representation shortcuts rather than vulnerability causes","Evaluate detection models and datasets under controlled splits, variants, and generalization tests",Empirical performance and perturbation evidence expose benchmark/model failure modes but do not certify each pair,Learning-based source-code vulnerability detection and benchmark quality,"Models, projects, splits, representations, or controlled variants","Datasets, model evaluations, or reproducible benchmark analyses reported by the primary work",Detector promise -> evaluation design -> failure/generalization evidence -> validity limits,Observed model failure does not identify a model-independent admissibility relation,The current result checks transport of an exact repair and uniform root-input security partition across a declared finite context family; it does not claim novelty for this work's existing method or native-language coverage.,claim-verified
cited;corpus,chen2023diversevul,DiverseVul: A New Vulnerable Source Code Dataset for Deep Learning Based Vulnerability Detection,"26th International Symposium on Research in Attacks, Intrusions and Defenses",2023,https://doi.org/10.1145/3607199.3607242,Cited primary scholarly publication or official specification record,"Primary publisher, author, specification, or arXiv record; metadata, abstract, and the manuscript-supported claim inspected",Vulnerability labels and fix provenance do not automatically establish controlled endpoint pairs,"Construct, curate, inject, or instrument software artifacts with explicit security ground truth","Dataset curation or instrumentation supports labels and benchmark measurement, but not the RCSC pair theorem","Native software-assurance, vulnerability, or fuzzing benchmarks","Corpus scale, target diversity, provenance, or bug-level ground truth",Dataset or benchmark-construction surface described by the primary publication,Ground-truth gap -> corpus construction -> benchmark use -> validity limits,"Labels, fixes, or injected bugs may still fail to isolate one root repair for a selected pair",RCSC operates after pair selection and checks one finite root-repair relation; it neither replaces nor validates the native corpus.,claim-verified
cited;relational,clarkson2010hyperproperties,Hyperproperties,Journal of Computer Security,2010,https://doi.org/10.3233/JCS-2009-0393,Cited primary scholarly publication or official specification record,"Primary publisher, author, specification, or arXiv record; metadata, abstract, and the manuscript-supported claim inspected",Trusting a producer or comparing single runs is insufficient for semantic relations between programs,Validate each transformation or encode multi-run properties as relational proof obligations,"Proofs, validators, symbolic execution, or bounded refinement establish relations under explicit semantics","Compiler validation, relational verification, and semantic differencing","Languages, passes, program pairs, or proof obligations specific to each system",Formal definitions and implementations or proofs described by the primary publication,Untrusted transformation -> relational semantics -> checker/proof -> boundary,General equivalence or refinement is not the asymmetric relation needed for vulnerability repairs,"RCSC specializes per-result validation to one exact root repair, patched closure, and equality only on the vulnerable endpoint safe partition.",claim-verified
cited;detector,ding2025primevul,Vulnerability Detection with Code Language Models: How Far Are We?,47th IEEE/ACM International Conference on Software Engineering,2025,https://doi.org/10.1109/ICSE55347.2025.00038,Cited primary scholarly publication or official specification record,"Primary publisher, author, specification, or arXiv record; metadata, abstract, and the manuscript-supported claim inspected","High benchmark scores can reflect duplication, context, or representation shortcuts rather than vulnerability causes","Evaluate detection models and datasets under controlled splits, variants, and generalization tests",Empirical performance and perturbation evidence expose benchmark/model failure modes but do not certify each pair,Learning-based source-code vulnerability detection and benchmark quality,"Models, projects, splits, representations, or controlled variants","Datasets, model evaluations, or reproducible benchmark analyses reported by the primary work",Detector promise -> evaluation design -> failure/generalization evidence -> validity limits,Observed model failure does not identify a model-independent admissibility relation,The current result checks transport of an exact repair and uniform root-input security partition across a declared finite context family; it does not claim novelty for this work's existing method or native-language coverage.,claim-verified
cited;corpus,dolangavitt2016lava,LAVA: Large-Scale Automated Vulnerability Addition,2016 IEEE Symposium on Security and Privacy,2016,https://doi.org/10.1109/SP.2016.15,Cited primary scholarly publication or official specification record,"Primary publisher, author, specification, or arXiv record; metadata, abstract, and the manuscript-supported claim inspected",Vulnerability labels and fix provenance do not automatically establish controlled endpoint pairs,"Construct, curate, inject, or instrument software artifacts with explicit security ground truth","Dataset curation or instrumentation supports labels and benchmark measurement, but not the RCSC pair theorem","Native software-assurance, vulnerability, or fuzzing benchmarks","Corpus scale, target diversity, provenance, or bug-level ground truth",Dataset or benchmark-construction surface described by the primary publication,Ground-truth gap -> corpus construction -> benchmark use -> validity limits,"Labels, fixes, or injected bugs may still fail to isolate one root repair for a selected pair",RCSC operates after pair selection and checks one finite root-repair relation; it neither replaces nor validates the native corpus.,claim-verified
cited;corpus,fan2020bigvul,A C/C++ Code Vulnerability Dataset with Code Changes and CVE Summaries,17th International Conference on Mining Software Repositories,2020,https://doi.org/10.1145/3379597.3387501,Cited primary scholarly publication or official specification record,"Primary publisher, author, specification, or arXiv record; metadata, abstract, and the manuscript-supported claim inspected",Vulnerability labels and fix provenance do not automatically establish controlled endpoint pairs,"Construct, curate, inject, or instrument software artifacts with explicit security ground truth","Dataset curation or instrumentation supports labels and benchmark measurement, but not the RCSC pair theorem","Native software-assurance, vulnerability, or fuzzing benchmarks","Corpus scale, target diversity, provenance, or bug-level ground truth",Dataset or benchmark-construction surface described by the primary publication,Ground-truth gap -> corpus construction -> benchmark use -> validity limits,"Labels, fixes, or injected bugs may still fail to isolate one root repair for a selected pair",RCSC operates after pair selection and checks one finite root-repair relation; it neither replaces nor validates the native corpus.,claim-verified
cited;detector,fu2022linevul,LineVul: A Transformer-Based Line-Level Vulnerability Prediction,19th International Conference on Mining Software Repositories,2022,https://doi.org/10.1145/3524842.3528452,Cited primary scholarly publication or official specification record,"Primary publisher, author, specification, or arXiv record; metadata, abstract, and the manuscript-supported claim inspected","High benchmark scores can reflect duplication, context, or representation shortcuts rather than vulnerability causes","Evaluate detection models and datasets under controlled splits, variants, and generalization tests",Empirical performance and perturbation evidence expose benchmark/model failure modes but do not certify each pair,Learning-based source-code vulnerability detection and benchmark quality,"Models, projects, splits, representations, or controlled variants","Datasets, model evaluations, or reproducible benchmark analyses reported by the primary work",Detector promise -> evaluation design -> failure/generalization evidence -> validity limits,Observed model failure does not identify a model-independent admissibility relation,The current result checks transport of an exact repair and uniform root-input security partition across a declared finite context family; it does not claim novelty for this work's existing method or native-language coverage.,claim-verified
cited;repair,fu2022vulrepair,VulRepair: A T5-Based Automated Software Vulnerability Repair,30th ACM Joint European Software Engineering Conference and Symposium on the Foundations of Software Engineering,2022,https://doi.org/10.1145/3540250.3549098,Cited primary scholarly publication or official specification record,"Primary publisher, author, specification, or arXiv record; metadata, abstract, and the manuscript-supported claim inspected",A generated or test-plausible patch may overfit or change unrelated behavior,"Search, synthesize, or evaluate candidate program repairs against explicit oracles","Tests, symbolic constraints, analyzers, or search analyses provide patch evidence with stated oracle limits",Automated program and vulnerability repair,"Bug sets, candidate patches, tests, analyzers, or model-generated repairs","Repair implementation, benchmark, or evaluation procedure described by the primary work",Repair problem -> generation/search -> validation -> residual correctness risk,Plausibility or tool agreement is weaker than exact repair membership and semantic preservation,RCSC does not generate native patches; it validates a submitted finite pair against a declared exact repair and safe-observation relation.,claim-verified
cited;smart-contract,grishchenko2018semantic,A Semantic Framework for the Security Analysis of Ethereum Smart Contracts,Principles of Security and Trust,2018,https://doi.org/10.1007/978-3-319-89722-6_10,Cited primary scholarly publication or official specification record,"Primary publisher, author, specification, or arXiv record; metadata, abstract, and the manuscript-supported claim inspected",Native platforms have behaviors and security effects absent from simplified finite profiles,Model platform semantics or connect specifications to implementations for security verification,"Formal semantics, analyzers, or verified pipelines support platform-specific claims","Smart-contract, browser, and protocol security","Contracts, platform mechanisms, or protocol implementations","Semantics, analyzers, proofs, or case studies described by the primary work/specification",Platform threat -> semantic model -> analysis/proof -> deployment boundary,A bounded proxy can be mistaken for a source- or platform-level guarantee,RCSC cites these works to delimit its abstraction and claims zero source-equivalent native programs or refinement theorem.,claim-verified
cited;corpus,hazimeh2020magma,Magma: A Ground-Truth Fuzzing Benchmark,Proceedings of the ACM on Measurement and Analysis of Computing Systems,2020,https://doi.org/10.1145/3428334,Cited primary scholarly publication or official specification record,"Primary publisher, author, specification, or arXiv record; metadata, abstract, and the manuscript-supported claim inspected",Vulnerability labels and fix provenance do not automatically establish controlled endpoint pairs,"Construct, curate, inject, or instrument software artifacts with explicit security ground truth","Dataset curation or instrumentation supports labels and benchmark measurement, but not the RCSC pair theorem","Native software-assurance, vulnerability, or fuzzing benchmarks","Corpus scale, target diversity, provenance, or bug-level ground truth",Dataset or benchmark-construction surface described by the primary publication,Ground-truth gap -> corpus construction -> benchmark use -> validity limits,"Labels, fixes, or injected bugs may still fail to isolate one root repair for a selected pair",RCSC operates after pair selection and checks one finite root-repair relation; it neither replaces nor validates the native corpus.,claim-verified
cited;detector,huang2026semantictrap,Do Fine-Tuned LLMs Understand Vulnerabilities? An Investigation into the Semantic Trap,arXiv preprint arXiv:2601.22655,2026,https://arxiv.org/abs/2601.22655,Cited primary scholarly publication or official specification record,"Primary publisher, author, specification, or arXiv record; metadata, abstract, and the manuscript-supported claim inspected","High benchmark scores can reflect duplication, context, or representation shortcuts rather than vulnerability causes","Evaluate detection models and datasets under controlled splits, variants, and generalization tests",Empirical performance and perturbation evidence expose benchmark/model failure modes but do not certify each pair,Learning-based source-code vulnerability detection and benchmark quality,"Models, projects, splits, representations, or controlled variants","Datasets, model evaluations, or reproducible benchmark analyses reported by the primary work",Detector promise -> evaluation design -> failure/generalization evidence -> validity limits,Observed model failure does not identify a model-independent admissibility relation,The current result checks transport of an exact repair and uniform root-input security partition across a declared finite context family; it does not claim novelty for this work's existing method or native-language coverage.,claim-verified
cited;transformation,just2014mutants,Are Mutants a Valid Substitute for Real Faults in Software Testing?,22nd ACM SIGSOFT International Symposium on Foundations of Software Engineering,2014,https://doi.org/10.1145/2635868.2635929,Cited primary scholarly publication or official specification record,"Primary publisher, author, specification, or arXiv record; metadata, abstract, and the manuscript-supported claim inspected",Models and tests can be brittle under semantics-preserving or adversarial program variants,"Use controlled transformations, metamorphic relations, or mutants as discriminating follow-up tests","Transformation studies reveal sensitivity, while mutant validity depends on correspondence to real faults",Robustness and metamorphic testing for program models and software,"Transformation families, models, tasks, or fault populations",Transformation framework or empirical comparison reported by the primary work,Oracle/robustness gap -> variant construction -> differential result -> scope limits,A generator name or sampled agreement does not establish membership in the intended transformation class,RCSC treats generators as untrusted and checks transformation membership separately from replay.,claim-verified
cited;relational,lahiri2012symdiff,SYMDIFF: A Language-Agnostic Semantic Diff Tool for Imperative Programs,Computer Aided Verification,2012,https://doi.org/10.1007/978-3-642-31424-7_54,Cited primary scholarly publication or official specification record,"Primary publisher, author, specification, or arXiv record; metadata, abstract, and the manuscript-supported claim inspected",Trusting a producer or comparing single runs is insufficient for semantic relations between programs,Validate each transformation or encode multi-run properties as relational proof obligations,"Proofs, validators, symbolic execution, or bounded refinement establish relations under explicit semantics","Compiler validation, relational verification, and semantic differencing","Languages, passes, program pairs, or proof obligations specific to each system",Formal definitions and implementations or proofs described by the primary publication,Untrusted transformation -> relational semantics -> checker/proof -> boundary,General equivalence or refinement is not the asymmetric relation needed for vulnerability repairs,"RCSC specializes per-result validation to one exact root repair, patched closure, and equality only on the vulnerable endpoint safe partition.",claim-verified
cited;repair,legoues2012genprog,A Systematic Study of Automated Program Repair: Fixing 55 out of 105 Bugs for $8 Each,34th International Conference on Software Engineering,2012,https://doi.org/10.1109/ICSE.2012.6227211,Cited primary scholarly publication or official specification record,"Primary publisher, author, specification, or arXiv record; metadata, abstract, and the manuscript-supported claim inspected",A generated or test-plausible patch may overfit or change unrelated behavior,"Search, synthesize, or evaluate candidate program repairs against explicit oracles","Tests, symbolic constraints, analyzers, or search analyses provide patch evidence with stated oracle limits",Automated program and vulnerability repair,"Bug sets, candidate patches, tests, analyzers, or model-generated repairs","Repair implementation, benchmark, or evaluation procedure described by the primary work",Repair problem -> generation/search -> validation -> residual correctness risk,Plausibility or tool agreement is weaker than exact repair membership and semantic preservation,RCSC does not generate native patches; it validates a submitted finite pair against a declared exact repair and safe-observation relation.,claim-verified
cited;relational,leroy2009compcert,Formal Verification of a Realistic Compiler,Communications of the ACM,2009,https://doi.org/10.1145/1538788.1538814,Cited primary scholarly publication or official specification record,"Primary publisher, author, specification, or arXiv record; metadata, abstract, and the manuscript-supported claim inspected",Trusting a producer or comparing single runs is insufficient for semantic relations between programs,Validate each transformation or encode multi-run properties as relational proof obligations,"Proofs, validators, symbolic execution, or bounded refinement establish relations under explicit semantics","Compiler validation, relational verification, and semantic differencing","Languages, passes, program pairs, or proof obligations specific to each system",Formal definitions and implementations or proofs described by the primary publication,Untrusted transformation -> relational semantics -> checker/proof -> boundary,General equivalence or refinement is not the asymmetric relation needed for vulnerability repairs,"RCSC specializes per-result validation to one exact root repair, patched closure, and equality only on the vulnerable endpoint safe partition.",claim-verified
cited;detector,li2018vuldeepecker,VulDeePecker: A Deep Learning-Based System for Vulnerability Detection,25th Annual Network and Distributed System Security Symposium,2018,https://doi.org/10.14722/ndss.2018.23158,Cited primary scholarly publication or official specification record,"Primary publisher, author, specification, or arXiv record; metadata, abstract, and the manuscript-supported claim inspected","High benchmark scores can reflect duplication, context, or representation shortcuts rather than vulnerability causes","Evaluate detection models and datasets under controlled splits, variants, and generalization tests",Empirical performance and perturbation evidence expose benchmark/model failure modes but do not certify each pair,Learning-based source-code vulnerability detection and benchmark quality,"Models, projects, splits, representations, or controlled variants","Datasets, model evaluations, or reproducible benchmark analyses reported by the primary work",Detector promise -> evaluation design -> failure/generalization evidence -> validity limits,Observed model failure does not identify a model-independent admissibility relation,The current result checks transport of an exact repair and uniform root-input security partition across a declared finite context family; it does not claim novelty for this work's existing method or native-language coverage.,claim-verified
cited;repair,long2016searchspace,An Analysis of the Search Spaces for Generate and Validate Patch Generation Systems,38th International Conference on Software Engineering,2016,https://doi.org/10.1145/2884781.2884872,Cited primary scholarly publication or official specification record,"Primary publisher, author, specification, or arXiv record; metadata, abstract, and the manuscript-supported claim inspected",A generated or test-plausible patch may overfit or change unrelated behavior,"Search, synthesize, or evaluate candidate program repairs against explicit oracles","Tests, symbolic constraints, analyzers, or search analyses provide patch evidence with stated oracle limits",Automated program and vulnerability repair,"Bug sets, candidate patches, tests, analyzers, or model-generated repairs","Repair implementation, benchmark, or evaluation procedure described by the primary work",Repair problem -> generation/search -> validation -> residual correctness risk,Plausibility or tool agreement is weaker than exact repair membership and semantic preservation,RCSC does not generate native patches; it validates a submitted finite pair against a declared exact repair and safe-observation relation.,claim-verified
cited;relational,lopes2015alive,Provably Correct Peephole Optimizations with Alive,36th ACM SIGPLAN Conference on Programming Language Design and Implementation,2015,https://doi.org/10.1145/2737924.2737965,Cited primary scholarly publication or official specification record,"Primary publisher, author, specification, or arXiv record; metadata, abstract, and the manuscript-supported claim inspected",Trusting a producer or comparing single runs is insufficient for semantic relations between programs,Validate each transformation or encode multi-run properties as relational proof obligations,"Proofs, validators, symbolic execution, or bounded refinement establish relations under explicit semantics","Compiler validation, relational verification, and semantic differencing","Languages, passes, program pairs, or proof obligations specific to each system",Formal definitions and implementations or proofs described by the primary publication,Untrusted transformation -> relational semantics -> checker/proof -> boundary,General equivalence or refinement is not the asymmetric relation needed for vulnerability repairs,"RCSC specializes per-result validation to one exact root repair, patched closure, and equality only on the vulnerable endpoint safe partition.",claim-verified
cited;detector,lopes2017dejavu,DéjàVu: A Map of Code Duplicates on GitHub,Proceedings of the ACM on Programming Languages,2017,https://doi.org/10.1145/3133908,Cited primary scholarly publication or official specification record,"Primary publisher, author, specification, or arXiv record; metadata, abstract, and the manuscript-supported claim inspected","High benchmark scores can reflect duplication, context, or representation shortcuts rather than vulnerability causes","Evaluate detection models and datasets under controlled splits, variants, and generalization tests",Empirical performance and perturbation evidence expose benchmark/model failure modes but do not certify each pair,Learning-based source-code vulnerability detection and benchmark quality,"Models, projects, splits, representations, or controlled variants","Datasets, model evaluations, or reproducible benchmark analyses reported by the primary work",Detector promise -> evaluation design -> failure/generalization evidence -> validity limits,Observed model failure does not identify a model-independent admissibility relation,The current result checks transport of an exact repair and uniform root-input security partition across a declared finite context family; it does not claim novelty for this work's existing method or native-language coverage.,claim-verified
cited;detector,lu2021codexglue,CodeXGLUE: A Machine Learning Benchmark Dataset for Code Understanding and Generation,Proceedings of the Neural Information Processing Systems Track on Datasets and Benchmarks,2021,https://datasets-benchmarks-proceedings.neurips.cc/paper/2021/hash/c16a5320fa475530d9583c34fd356ef5-Abstract-round1.html,Cited primary scholarly publication or official specification record,"Official proceedings abstract and published paper, Sections 2.2 and 2.5; metadata and task scope inspected",Code-understanding tasks lacked a common collection and evaluation platform,Combine ten tasks over fourteen datasets with common baseline systems,"Empirical task and baseline evaluations, including defect detection and code repair",Training and comparison across code-understanding and generation tasks,Ten tasks across fourteen datasets; no certified context-transport relation,Public benchmark collection and baseline platform,Task collection -> datasets -> baseline systems -> comparison,A benchmark platform does not itself test transport of security predicates,"The present contract checks whether the same repair and root-input security partition survive declared context variation, rather than adding a multi-task dataset.",claim-verified
cited;smart-contract,luu2016making,Making Smart Contracts Smarter,23rd ACM SIGSAC Conference on Computer and Communications Security,2016,https://doi.org/10.1145/2976749.2978309,Cited primary scholarly publication or official specification record,"Primary publisher, author, specification, or arXiv record; metadata, abstract, and the manuscript-supported claim inspected",Native platforms have behaviors and security effects absent from simplified finite profiles,Model platform semantics or connect specifications to implementations for security verification,"Formal semantics, analyzers, or verified pipelines support platform-specific claims","Smart-contract, browser, and protocol security","Contracts, platform mechanisms, or protocol implementations","Semantics, analyzers, proofs, or case studies described by the primary work/specification",Platform threat -> semantic model -> analysis/proof -> deployment boundary,A bounded proxy can be mistaken for a source- or platform-level guarantee,RCSC cites these works to delimit its abstraction and claims zero source-equivalent native programs or refinement theorem.,claim-verified
cited;certificate,mcconnell2011certifying,Certifying Algorithms,Computer Science Review,2011,https://doi.org/10.1016/j.cosrev.2010.09.009,Cited primary scholarly publication or official specification record,"Primary publisher, author, specification, or arXiv record; metadata, abstract, and the manuscript-supported claim inspected",A consumer needs independently checkable evidence rather than trust in the producer,Attach witnesses or proofs that a simpler checker can validate,Soundness depends on the checker and evidence semantics; evidence can compress or exchange proof obligations,"Proof-carrying code, certifying algorithms, and verification witnesses","Proof systems, algorithms, or verifier interoperability",Formal witness/checker contract and implementations described by the primary work,Trust gap -> evidence format -> independent checking -> soundness boundary,The RCSC witness may be redundant when exhaustive replay is available,RCSC concedes eliminability: its certificate binds submitted claims but does not compress the complete finite replay.,claim-verified
cited;repair,mechtaev2016angelix,Angelix: Scalable Multiline Program Patch Synthesis via Symbolic Analysis,38th International Conference on Software Engineering,2016,https://doi.org/10.1145/2884781.2884807,Cited primary scholarly publication or official specification record,"Primary publisher, author, specification, or arXiv record; metadata, abstract, and the manuscript-supported claim inspected",A generated or test-plausible patch may overfit or change unrelated behavior,"Search, synthesize, or evaluate candidate program repairs against explicit oracles","Tests, symbolic constraints, analyzers, or search analyses provide patch evidence with stated oracle limits",Automated program and vulnerability repair,"Bug sets, candidate patches, tests, analyzers, or model-generated repairs","Repair implementation, benchmark, or evaluation procedure described by the primary work",Repair problem -> generation/search -> validation -> residual correctness risk,Plausibility or tool agreement is weaker than exact repair membership and semantic preservation,RCSC does not generate native patches; it validates a submitted finite pair against a declared exact repair and safe-observation relation.,claim-verified
cited;diagnostics,misherghi2006hdd,HDD: Hierarchical Delta Debugging,28th International Conference on Software Engineering,2006,https://doi.org/10.1145/1134285.1134307,Cited primary scholarly publication or official specification record,"Primary publisher, author, specification, or arXiv record; metadata, abstract, and the manuscript-supported claim inspected",Large failing inputs obscure the condition responsible for a reproduced failure,Minimize a failure-inducing input relative to an explicit test predicate and search space,"Reduction guarantees are conditional on the predicate, hierarchy, or reduction passes",Debugging and compiler-test reduction,"Failure inputs, structures, or compiler bugs",Reduction algorithms and practical evaluations described by the primary work,Failure -> reduction predicate -> minimized case -> conditional interpretation,Canonical diagnostics or a fixed-feature minimum may be overstated as a general causal root cause,Only the fixed fourteen-feature search is globally minimum-cardinality; other RCSC diagnostics are canonical witnesses.,claim-verified
cited;certificate,necula1997pcc,Proof-Carrying Code,24th ACM SIGPLAN-SIGACT Symposium on Principles of Programming Languages,1997,https://doi.org/10.1145/263699.263712,Cited primary scholarly publication or official specification record,"Primary publisher, author, specification, or arXiv record; metadata, abstract, and the manuscript-supported claim inspected",A consumer needs independently checkable evidence rather than trust in the producer,Attach witnesses or proofs that a simpler checker can validate,Soundness depends on the checker and evidence semantics; evidence can compress or exchange proof obligations,"Proof-carrying code, certifying algorithms, and verification witnesses","Proof systems, algorithms, or verifier interoperability",Formal witness/checker contract and implementations described by the primary work,Trust gap -> evidence format -> independent checking -> soundness boundary,The RCSC witness may be redundant when exhaustive replay is available,RCSC concedes eliminability: its certificate binds submitted claims but does not compress the complete finite replay.,claim-verified
cited;relational,necula2000tv,Translation Validation for an Optimizing Compiler,ACM SIGPLAN Conference on Programming Language Design and Implementation,2000,https://doi.org/10.1145/349299.349314,Cited primary scholarly publication or official specification record,"Primary publisher, author, specification, or arXiv record; metadata, abstract, and the manuscript-supported claim inspected",Trusting a producer or comparing single runs is insufficient for semantic relations between programs,Validate each transformation or encode multi-run properties as relational proof obligations,"Proofs, validators, symbolic execution, or bounded refinement establish relations under explicit semantics","Compiler validation, relational verification, and semantic differencing","Languages, passes, program pairs, or proof obligations specific to each system",Formal definitions and implementations or proofs described by the primary publication,Untrusted transformation -> relational semantics -> checker/proof -> boundary,General equivalence or refinement is not the asymmetric relation needed for vulnerability repairs,"RCSC specializes per-result validation to one exact root repair, patched closure, and equality only on the vulnerable endpoint safe partition.",claim-verified
cited;smart-contract,permenev2020verx,VerX: Safety Verification of Smart Contracts,2020 IEEE Symposium on Security and Privacy,2020,https://doi.org/10.1109/SP40000.2020.00024,Cited primary scholarly publication or official specification record,"Primary publisher, author, specification, or arXiv record; metadata, abstract, and the manuscript-supported claim inspected",Native platforms have behaviors and security effects absent from simplified finite profiles,Model platform semantics or connect specifications to implementations for security verification,"Formal semantics, analyzers, or verified pipelines support platform-specific claims","Smart-contract, browser, and protocol security","Contracts, platform mechanisms, or protocol implementations","Semantics, analyzers, proofs, or case studies described by the primary work/specification",Platform threat -> semantic model -> analysis/proof -> deployment boundary,A bounded proxy can be mistaken for a source- or platform-level guarantee,RCSC cites these works to delimit its abstraction and claims zero source-equivalent native programs or refinement theorem.,claim-verified
cited;relational,person2008differential,Differential Symbolic Execution,16th ACM SIGSOFT International Symposium on Foundations of Software Engineering,2008,https://doi.org/10.1145/1453101.1453131,Cited primary scholarly publication or official specification record,"Primary publisher, author, specification, or arXiv record; metadata, abstract, and the manuscript-supported claim inspected",Trusting a producer or comparing single runs is insufficient for semantic relations between programs,Validate each transformation or encode multi-run properties as relational proof obligations,"Proofs, validators, symbolic execution, or bounded refinement establish relations under explicit semantics","Compiler validation, relational verification, and semantic differencing","Languages, passes, program pairs, or proof obligations specific to each system",Formal definitions and implementations or proofs described by the primary publication,Untrusted transformation -> relational semantics -> checker/proof -> boundary,General equivalence or refinement is not the asymmetric relation needed for vulnerability repairs,"RCSC specializes per-result validation to one exact root repair, patched closure, and equality only on the vulnerable endpoint safe partition.",claim-verified
cited;corpus,ponta2019fixes,A Manually-Curated Dataset of Fixes to Vulnerabilities of Open-Source Software,16th International Conference on Mining Software Repositories,2019,https://doi.org/10.1109/MSR.2019.00064,Cited primary scholarly publication or official specification record,"Primary publisher, author, specification, or arXiv record; metadata, abstract, and the manuscript-supported claim inspected",Vulnerability labels and fix provenance do not automatically establish controlled endpoint pairs,"Construct, curate, inject, or instrument software artifacts with explicit security ground truth","Dataset curation or instrumentation supports labels and benchmark measurement, but not the RCSC pair theorem","Native software-assurance, vulnerability, or fuzzing benchmarks","Corpus scale, target diversity, provenance, or bug-level ground truth",Dataset or benchmark-construction surface described by the primary publication,Ground-truth gap -> corpus construction -> benchmark use -> validity limits,"Labels, fixes, or injected bugs may still fail to isolate one root repair for a selected pair",RCSC operates after pair selection and checks one finite root-repair relation; it neither replaces nor validates the native corpus.,claim-verified
cited;transformation,rabin2021generalizability,On the Generalizability of Neural Program Models with Respect to Semantic-Preserving Program Transformations,Information and Software Technology,2021,https://doi.org/10.1016/j.infsof.2021.106552,Cited primary scholarly publication or official specification record,"Primary publisher, author, specification, or arXiv record; metadata, abstract, and the manuscript-supported claim inspected",Models and tests can be brittle under semantics-preserving or adversarial program variants,"Use controlled transformations, metamorphic relations, or mutants as discriminating follow-up tests","Transformation studies reveal sensitivity, while mutant validity depends on correspondence to real faults",Robustness and metamorphic testing for program models and software,"Transformation families, models, tasks, or fault populations",Transformation framework or empirical comparison reported by the primary work,Oracle/robustness gap -> variant construction -> differential result -> scope limits,A generator name or sampled agreement does not establish membership in the intended transformation class,RCSC treats generators as untrusted and checks transformation membership separately from replay.,claim-verified
cited;diagnostics,regehr2012creduce,Test-Case Reduction for C Compiler Bugs,33rd ACM SIGPLAN Conference on Programming Language Design and Implementation,2012,https://doi.org/10.1145/2254064.2254104,Cited primary scholarly publication or official specification record,"Primary publisher, author, specification, or arXiv record; metadata, abstract, and the manuscript-supported claim inspected",Large failing inputs obscure the condition responsible for a reproduced failure,Minimize a failure-inducing input relative to an explicit test predicate and search space,"Reduction guarantees are conditional on the predicate, hierarchy, or reduction passes",Debugging and compiler-test reduction,"Failure inputs, structures, or compiler bugs",Reduction algorithms and practical evaluations described by the primary work,Failure -> reduction predicate -> minimized case -> conditional interpretation,Canonical diagnostics or a fixed-feature minimum may be overstated as a general causal root cause,Only the fixed fourteen-feature search is globally minimum-cardinality; other RCSC diagnostics are canonical witnesses.,claim-verified
cited;transformation,segura2016metamorphic,A Survey on Metamorphic Testing,IEEE Transactions on Software Engineering,2016,https://doi.org/10.1109/TSE.2016.2532875,Cited primary scholarly publication or official specification record,"Primary publisher, author, specification, or arXiv record; metadata, abstract, and the manuscript-supported claim inspected",Models and tests can be brittle under semantics-preserving or adversarial program variants,"Use controlled transformations, metamorphic relations, or mutants as discriminating follow-up tests","Transformation studies reveal sensitivity, while mutant validity depends on correspondence to real faults",Robustness and metamorphic testing for program models and software,"Transformation families, models, tasks, or fault populations",Transformation framework or empirical comparison reported by the primary work,Oracle/robustness gap -> variant construction -> differential result -> scope limits,A generator name or sampled agreement does not establish membership in the intended transformation class,RCSC treats generators as untrusted and checks transformation membership separately from replay.,claim-verified
cited;relational,sewell2013kernelvalidation,Translation Validation for a Verified OS Kernel,34th ACM SIGPLAN Conference on Programming Language Design and Implementation,2013,https://doi.org/10.1145/2491956.2462183,Cited primary scholarly publication or official specification record,"Primary publisher, author, specification, or arXiv record; metadata, abstract, and the manuscript-supported claim inspected",Trusting a producer or comparing single runs is insufficient for semantic relations between programs,Validate each transformation or encode multi-run properties as relational proof obligations,"Proofs, validators, symbolic execution, or bounded refinement establish relations under explicit semantics","Compiler validation, relational verification, and semantic differencing","Languages, passes, program pairs, or proof obligations specific to each system",Formal definitions and implementations or proofs described by the primary publication,Untrusted transformation -> relational semantics -> checker/proof -> boundary,General equivalence or refinement is not the asymmetric relation needed for vulnerability repairs,"RCSC specializes per-result validation to one exact root repair, patched closure, and equality only on the vulnerable endpoint safe partition.",claim-verified
cited;repair,smith2015overfitting,Is the Cure Worse than the Disease? Overfitting in Automated Program Repair,10th Joint Meeting on Foundations of Software Engineering,2015,https://doi.org/10.1145/2786805.2786825,Cited primary scholarly publication or official specification record,"Primary publisher, author, specification, or arXiv record; metadata, abstract, and the manuscript-supported claim inspected",A generated or test-plausible patch may overfit or change unrelated behavior,"Search, synthesize, or evaluate candidate program repairs against explicit oracles","Tests, symbolic constraints, analyzers, or search analyses provide patch evidence with stated oracle limits",Automated program and vulnerability repair,"Bug sets, candidate patches, tests, analyzers, or model-generated repairs","Repair implementation, benchmark, or evaluation procedure described by the primary work",Repair problem -> generation/search -> validation -> residual correctness risk,Plausibility or tool agreement is weaker than exact repair membership and semantic preservation,RCSC does not generate native patches; it validates a submitted finite pair against a declared exact repair and safe-observation relation.,claim-verified
cited;relational,sousa2016cartesian,Cartesian Hoare Logic for Verifying k-Safety Properties,37th ACM SIGPLAN Conference on Programming Language Design and Implementation,2016,https://doi.org/10.1145/2908080.2908092,Cited primary scholarly publication or official specification record,"Primary publisher, author, specification, or arXiv record; metadata, abstract, and the manuscript-supported claim inspected",Trusting a producer or comparing single runs is insufficient for semantic relations between programs,Validate each transformation or encode multi-run properties as relational proof obligations,"Proofs, validators, symbolic execution, or bounded refinement establish relations under explicit semantics","Compiler validation, relational verification, and semantic differencing","Languages, passes, program pairs, or proof obligations specific to each system",Formal definitions and implementations or proofs described by the primary publication,Untrusted transformation -> relational semantics -> checker/proof -> boundary,General equivalence or refinement is not the asymmetric relation needed for vulnerability repairs,"RCSC specializes per-result validation to one exact root repair, patched closure, and equality only on the vulnerable endpoint safe partition.",claim-verified
cited;relational,tristan2008validators,Formal Verification of Translation Validators: A Case Study on Instruction Scheduling Optimizations,35th ACM SIGPLAN-SIGACT Symposium on Principles of Programming Languages,2008,https://doi.org/10.1145/1328438.1328444,Cited primary scholarly publication or official specification record,"Primary publisher, author, specification, or arXiv record; metadata, abstract, and the manuscript-supported claim inspected",Trusting a producer or comparing single runs is insufficient for semantic relations between programs,Validate each transformation or encode multi-run properties as relational proof obligations,"Proofs, validators, symbolic execution, or bounded refinement establish relations under explicit semantics","Compiler validation, relational verification, and semantic differencing","Languages, passes, program pairs, or proof obligations specific to each system",Formal definitions and implementations or proofs described by the primary publication,Untrusted transformation -> relational semantics -> checker/proof -> boundary,General equivalence or refinement is not the asymmetric relation needed for vulnerability repairs,"RCSC specializes per-result validation to one exact root repair, patched closure, and equality only on the vulnerable endpoint safe partition.",claim-verified
cited;smart-contract,tsankov2018securify,Securify: Practical Security Analysis of Smart Contracts,25th ACM SIGSAC Conference on Computer and Communications Security,2018,https://doi.org/10.1145/3243734.3243780,Cited primary scholarly publication or official specification record,"Primary publisher, author, specification, or arXiv record; metadata, abstract, and the manuscript-supported claim inspected",Native platforms have behaviors and security effects absent from simplified finite profiles,Model platform semantics or connect specifications to implementations for security verification,"Formal semantics, analyzers, or verified pipelines support platform-specific claims","Smart-contract, browser, and protocol security","Contracts, platform mechanisms, or protocol implementations","Semantics, analyzers, proofs, or case studies described by the primary work/specification",Platform threat -> semantic model -> analysis/proof -> deployment boundary,A bounded proxy can be mistaken for a source- or platform-level guarantee,RCSC cites these works to delimit its abstraction and claims zero source-equivalent native programs or refinement theorem.,claim-verified
cited;transformation,yefet2020adversarial,Adversarial Examples for Models of Code,Proceedings of the ACM on Programming Languages,2020,https://doi.org/10.1145/3428230,Cited primary scholarly publication or official specification record,"Primary publisher, author, specification, or arXiv record; metadata, abstract, and the manuscript-supported claim inspected",Models and tests can be brittle under semantics-preserving or adversarial program variants,"Use controlled transformations, metamorphic relations, or mutants as discriminating follow-up tests","Transformation studies reveal sensitivity, while mutant validity depends on correspondence to real faults",Robustness and metamorphic testing for program models and software,"Transformation families, models, tasks, or fault populations",Transformation framework or empirical comparison reported by the primary work,Oracle/robustness gap -> variant construction -> differential result -> scope limits,A generator name or sampled agreement does not establish membership in the intended transformation class,RCSC treats generators as untrusted and checks transformation membership separately from replay.,claim-verified
cited;detector,zhou2019devign,Devign: Effective Vulnerability Identification by Learning Comprehensive Program Semantics via Graph Neural Networks,Advances in Neural Information Processing Systems,2019,https://proceedings.neurips.cc/paper/2019/hash/49265d2447bc3bbfe9e76306ce40a31f-Abstract.html,Cited primary scholarly publication or official specification record,"Primary publisher, author, specification, or arXiv record; metadata, abstract, and the manuscript-supported claim inspected","High benchmark scores can reflect duplication, context, or representation shortcuts rather than vulnerability causes","Evaluate detection models and datasets under controlled splits, variants, and generalization tests",Empirical performance and perturbation evidence expose benchmark/model failure modes but do not certify each pair,Learning-based source-code vulnerability detection and benchmark quality,"Models, projects, splits, representations, or controlled variants","Datasets, model evaluations, or reproducible benchmark analyses reported by the primary work",Detector promise -> evaluation design -> failure/generalization evidence -> validity limits,Observed model failure does not identify a model-independent admissibility relation,The current result checks transport of an exact repair and uniform root-input security partition across a declared finite context family; it does not claim novelty for this work's existing method or native-language coverage.,claim-verified
closest;foundational,banerjee2016framing,Relational Logic with Framing and Hypotheses,36th IARCS Annual Conference on Foundations of Software Technology and Theoretical Computer Science,2016,https://drops.dagstuhl.de/entities/document/10.4230/LIPIcs.FSTTCS.2016.11,Not used to meet an award or same-track quota,"Abstract; Sections 2-4, especially read/write effects and frame side conditions on pp. 11:4-11:5","Establishes relational framing as prior work; the transport protocol is a bounded specialization, not a new frame logic.","Establishes relational framing as prior work; the transport protocol is a bounded specialization, not a new frame logic.",Technical passages read for the stated comparison; no new independent replication of that work,Formal basis for the consumer contract,Not counted as an experiment in this artifact,Primary paper available; no external implementation executed,Problem -> formal principle -> guarantee,This prior work already supplies the underlying formal technique.,More expressive heap and relational hypotheses; this project supplies a finite benchmark-specific transport contract and independently replayed root table.,claim-verified
closest;foundational,sabelfeld2003information,Language-Based Information-Flow Security,IEEE Journal on Selected Areas in Communications,2003,https://www.cs.cornell.edu/andru/papers/jsac/sm-jsac03.pdf,Not used to meet an award or same-track quota,Title page; Section II on noninterference and security typing,Separates invariance of security profiles from the stronger and undesired invariance of all functional outputs.,Separates invariance of security profiles from the stronger and undesired invariance of all functional outputs.,Technical passages read for the stated comparison; no new independent replication of that work,Formal basis for the consumer contract,Not counted as an experiment in this artifact,Primary paper available; no external implementation executed,Problem -> formal principle -> guarantee,This prior work already supplies the underlying formal technique.,General information-flow survey; the benchmark relation preserves within-pair observations while allowing observable nuisance variation.,claim-verified
closest;foundational,cousot1977abstract,Abstract Interpretation: A Unified Lattice Model for Static Analysis of Programs by Construction or Approximation of Fixpoints,Proceedings of the ACM SIGPLAN-SIGACT Symposium on Principles of Programming Languages,1977,https://www.di.ens.fr/~cousot/COUSOTpapers/POPL77.shtml,Not used to meet an award or same-track quota,Author-hosted publication record and paper pp. 238-240; approximation and sound abstract interpretation,Attributes interval/type approximation to established abstract interpretation rather than treating the totality checker as a new abstract domain.,Attributes interval/type approximation to established abstract interpretation rather than treating the totality checker as a new abstract domain.,Technical passages read for the stated comparison; no new independent replication of that work,Formal basis for the consumer contract,Not counted as an experiment in this artifact,Primary paper available; no external implementation executed,Problem -> formal principle -> guarantee,This prior work already supplies the underlying formal technique.,Foundational general framework; this project uses a simple nonrelational interval/type domain to check finite-context totality.,claim-verified
