pair_id,direct_accept,certificate_accept,matched,direct_executions,direct_safe_inputs,direct_productive_safe_inputs,checked_safe_inputs,checked_productive_safe_inputs
gen-bounds_write-000,True,True,True,16,4,4,4,4
gen-bounds_write-001,True,True,True,16,4,4,4,4
gen-bounds_write-002,True,True,True,16,4,4,4,4
gen-bounds_write-003,True,True,True,16,4,4,4,4
gen-bounds_write-004,True,True,True,16,4,4,4,4
gen-bounds_write-005,True,True,True,16,4,4,4,4
gen-bounds_write-006,True,True,True,16,4,4,4,4
gen-bounds_write-007,True,True,True,16,4,4,4,4
gen-bounds_write-008,True,True,True,16,4,4,4,4
gen-bounds_write-009,True,True,True,16,4,4,4,4
gen-bounds_write-010,True,True,True,16,4,4,4,4
gen-bounds_write-011,True,True,True,16,4,4,4,4
gen-bounds_write-012,True,True,True,16,4,4,4,4
gen-bounds_write-013,True,True,True,16,4,4,4,4
gen-bounds_write-014,True,True,True,16,4,4,4,4
gen-bounds_write-015,True,True,True,16,4,4,4,4
gen-bounds_write-016,True,True,True,16,4,4,4,4
gen-bounds_write-017,True,True,True,16,4,4,4,4
gen-bounds_write-018,True,True,True,16,4,4,4,4
gen-bounds_write-019,True,True,True,16,4,4,4,4
gen-bounds_write-020,True,True,True,16,4,4,4,4
gen-bounds_write-021,True,True,True,16,4,4,4,4
gen-bounds_write-022,True,True,True,16,4,4,4,4
gen-bounds_write-023,True,True,True,16,4,4,4,4
gen-bounds_write-024,True,True,True,16,4,4,4,4
gen-bounds_write-025,True,True,True,16,4,4,4,4
gen-bounds_write-026,True,True,True,16,4,4,4,4
gen-bounds_write-027,True,True,True,16,4,4,4,4
gen-bounds_write-028,True,True,True,16,4,4,4,4
gen-bounds_write-029,True,True,True,16,4,4,4,4
gen-bounds_write-030,True,True,True,16,4,4,4,4
gen-bounds_write-031,True,True,True,16,4,4,4,4
gen-bounds_write-032,True,True,True,16,4,4,4,4
gen-bounds_write-033,True,True,True,16,4,4,4,4
gen-bounds_write-034,True,True,True,16,4,4,4,4
gen-bounds_write-035,True,True,True,16,4,4,4,4
gen-bounds_write-036,True,True,True,16,4,4,4,4
gen-bounds_write-037,True,True,True,16,4,4,4,4
gen-bounds_write-038,True,True,True,16,4,4,4,4
gen-bounds_write-039,True,True,True,16,4,4,4,4
pub-bounds_write-00,True,True,True,16,4,4,4,4
pub-bounds_write-01,True,True,True,16,4,4,4,4
pub-bounds_write-02,True,True,True,16,4,4,4,4
gen-divide_zero-000,True,True,True,24,9,9,9,9
gen-divide_zero-001,True,True,True,24,9,9,9,9
gen-divide_zero-002,True,True,True,24,9,9,9,9
gen-divide_zero-003,True,True,True,24,9,9,9,9
gen-divide_zero-004,True,True,True,24,9,9,9,9
gen-divide_zero-005,True,True,True,24,9,9,9,9
gen-divide_zero-006,True,True,True,24,9,9,9,9
gen-divide_zero-007,True,True,True,24,9,9,9,9
gen-divide_zero-008,True,True,True,24,9,9,9,9
gen-divide_zero-009,True,True,True,24,9,9,9,9
gen-divide_zero-010,True,True,True,24,9,9,9,9
gen-divide_zero-011,True,True,True,24,9,9,9,9
gen-divide_zero-012,True,True,True,24,9,9,9,9
gen-divide_zero-013,True,True,True,24,9,9,9,9
gen-divide_zero-014,True,True,True,24,9,9,9,9
gen-divide_zero-015,True,True,True,24,9,9,9,9
gen-divide_zero-016,True,True,True,24,9,9,9,9
gen-divide_zero-017,True,True,True,24,9,9,9,9
gen-divide_zero-018,True,True,True,24,9,9,9,9
gen-divide_zero-019,True,True,True,24,9,9,9,9
gen-divide_zero-020,True,True,True,24,9,9,9,9
gen-divide_zero-021,True,True,True,24,9,9,9,9
gen-divide_zero-022,True,True,True,24,9,9,9,9
gen-divide_zero-023,True,True,True,24,9,9,9,9
gen-divide_zero-024,True,True,True,24,9,9,9,9
gen-divide_zero-025,True,True,True,24,9,9,9,9
gen-divide_zero-026,True,True,True,24,9,9,9,9
gen-divide_zero-027,True,True,True,24,9,9,9,9
gen-divide_zero-028,True,True,True,24,9,9,9,9
gen-divide_zero-029,True,True,True,24,9,9,9,9
gen-divide_zero-030,True,True,True,24,9,9,9,9
gen-divide_zero-031,True,True,True,24,9,9,9,9
gen-divide_zero-032,True,True,True,24,9,9,9,9
gen-divide_zero-033,True,True,True,24,9,9,9,9
gen-divide_zero-034,True,True,True,24,9,9,9,9
gen-divide_zero-035,True,True,True,24,9,9,9,9
gen-divide_zero-036,True,True,True,24,9,9,9,9
gen-divide_zero-037,True,True,True,24,9,9,9,9
gen-divide_zero-038,True,True,True,24,9,9,9,9
gen-divide_zero-039,True,True,True,24,9,9,9,9
pub-divide_zero-00,True,True,True,24,9,9,9,9
pub-divide_zero-01,True,True,True,24,9,9,9,9
pub-divide_zero-02,True,True,True,24,9,9,9,9
gen-fixed_overflow-000,True,True,True,18,6,6,6,6
gen-fixed_overflow-001,True,True,True,18,6,6,6,6
gen-fixed_overflow-002,True,True,True,18,6,6,6,6
gen-fixed_overflow-003,True,True,True,18,6,6,6,6
gen-fixed_overflow-004,True,True,True,18,6,6,6,6
gen-fixed_overflow-005,True,True,True,18,6,6,6,6
gen-fixed_overflow-006,True,True,True,18,6,6,6,6
gen-fixed_overflow-007,True,True,True,18,6,6,6,6
gen-fixed_overflow-008,True,True,True,18,6,6,6,6
gen-fixed_overflow-009,True,True,True,18,6,6,6,6
gen-fixed_overflow-010,True,True,True,18,6,6,6,6
gen-fixed_overflow-011,True,True,True,18,6,6,6,6
gen-fixed_overflow-012,True,True,True,18,6,6,6,6
gen-fixed_overflow-013,True,True,True,18,6,6,6,6
gen-fixed_overflow-014,True,True,True,18,6,6,6,6
gen-fixed_overflow-015,True,True,True,18,6,6,6,6
gen-fixed_overflow-016,True,True,True,18,6,6,6,6
gen-fixed_overflow-017,True,True,True,18,6,6,6,6
gen-fixed_overflow-018,True,True,True,18,6,6,6,6
gen-fixed_overflow-019,True,True,True,18,6,6,6,6
gen-fixed_overflow-020,True,True,True,18,6,6,6,6
gen-fixed_overflow-021,True,True,True,18,6,6,6,6
gen-fixed_overflow-022,True,True,True,18,6,6,6,6
gen-fixed_overflow-023,True,True,True,18,6,6,6,6
gen-fixed_overflow-024,True,True,True,18,6,6,6,6
gen-fixed_overflow-025,True,True,True,18,6,6,6,6
gen-fixed_overflow-026,True,True,True,18,6,6,6,6
gen-fixed_overflow-027,True,True,True,18,6,6,6,6
gen-fixed_overflow-028,True,True,True,18,6,6,6,6
gen-fixed_overflow-029,True,True,True,18,6,6,6,6
gen-fixed_overflow-030,True,True,True,18,6,6,6,6
gen-fixed_overflow-031,True,True,True,18,6,6,6,6
gen-fixed_overflow-032,True,True,True,18,6,6,6,6
gen-fixed_overflow-033,True,True,True,18,6,6,6,6
gen-fixed_overflow-034,True,True,True,18,6,6,6,6
gen-fixed_overflow-035,True,True,True,18,6,6,6,6
gen-fixed_overflow-036,True,True,True,18,6,6,6,6
gen-fixed_overflow-037,True,True,True,18,6,6,6,6
gen-fixed_overflow-038,True,True,True,18,6,6,6,6
gen-fixed_overflow-039,True,True,True,18,6,6,6,6
pub-fixed_overflow-00,True,True,True,18,6,6,6,6
pub-fixed_overflow-01,True,True,True,18,6,6,6,6
pub-fixed_overflow-02,True,True,True,18,6,6,6,6
gen-access_control-000,True,True,True,12,2,2,2,2
gen-access_control-001,True,True,True,12,2,2,2,2
gen-access_control-002,True,True,True,12,2,2,2,2
gen-access_control-003,True,True,True,12,2,2,2,2
gen-access_control-004,True,True,True,12,2,2,2,2
gen-access_control-005,True,True,True,12,2,2,2,2
gen-access_control-006,True,True,True,12,2,2,2,2
gen-access_control-007,True,True,True,12,2,2,2,2
gen-access_control-008,True,True,True,12,2,2,2,2
gen-access_control-009,True,True,True,12,2,2,2,2
gen-access_control-010,True,True,True,12,2,2,2,2
gen-access_control-011,True,True,True,12,2,2,2,2
gen-access_control-012,True,True,True,12,2,2,2,2
gen-access_control-013,True,True,True,12,2,2,2,2
gen-access_control-014,True,True,True,12,2,2,2,2
gen-access_control-015,True,True,True,12,2,2,2,2
gen-access_control-016,True,True,True,12,2,2,2,2
gen-access_control-017,True,True,True,12,2,2,2,2
gen-access_control-018,True,True,True,12,2,2,2,2
gen-access_control-019,True,True,True,12,2,2,2,2
gen-access_control-020,True,True,True,12,2,2,2,2
gen-access_control-021,True,True,True,12,2,2,2,2
gen-access_control-022,True,True,True,12,2,2,2,2
gen-access_control-023,True,True,True,12,2,2,2,2
gen-access_control-024,True,True,True,12,2,2,2,2
gen-access_control-025,True,True,True,12,2,2,2,2
gen-access_control-026,True,True,True,12,2,2,2,2
gen-access_control-027,True,True,True,12,2,2,2,2
gen-access_control-028,True,True,True,12,2,2,2,2
gen-access_control-029,True,True,True,12,2,2,2,2
gen-access_control-030,True,True,True,12,2,2,2,2
gen-access_control-031,True,True,True,12,2,2,2,2
gen-access_control-032,True,True,True,12,2,2,2,2
gen-access_control-033,True,True,True,12,2,2,2,2
gen-access_control-034,True,True,True,12,2,2,2,2
gen-access_control-035,True,True,True,12,2,2,2,2
gen-access_control-036,True,True,True,12,2,2,2,2
gen-access_control-037,True,True,True,12,2,2,2,2
gen-access_control-038,True,True,True,12,2,2,2,2
gen-access_control-039,True,True,True,12,2,2,2,2
pub-access_control-00,True,True,True,12,2,2,2,2
pub-access_control-01,True,True,True,12,2,2,2,2
pub-access_control-02,True,True,True,12,2,2,2,2
gen-reentrancy-000,True,True,True,8,2,2,2,2
gen-reentrancy-001,True,True,True,8,2,2,2,2
gen-reentrancy-002,True,True,True,8,2,2,2,2
gen-reentrancy-003,True,True,True,8,2,2,2,2
gen-reentrancy-004,True,True,True,8,2,2,2,2
gen-reentrancy-005,True,True,True,8,2,2,2,2
gen-reentrancy-006,True,True,True,8,2,2,2,2
gen-reentrancy-007,True,True,True,8,2,2,2,2
gen-reentrancy-008,True,True,True,8,2,2,2,2
gen-reentrancy-009,True,True,True,8,2,2,2,2
gen-reentrancy-010,True,True,True,8,2,2,2,2
gen-reentrancy-011,True,True,True,8,2,2,2,2
gen-reentrancy-012,True,True,True,8,2,2,2,2
gen-reentrancy-013,True,True,True,8,2,2,2,2
gen-reentrancy-014,True,True,True,8,2,2,2,2
gen-reentrancy-015,True,True,True,8,2,2,2,2
gen-reentrancy-016,True,True,True,8,2,2,2,2
gen-reentrancy-017,True,True,True,8,2,2,2,2
gen-reentrancy-018,True,True,True,8,2,2,2,2
gen-reentrancy-019,True,True,True,8,2,2,2,2
gen-reentrancy-020,True,True,True,8,2,2,2,2
gen-reentrancy-021,True,True,True,8,2,2,2,2
gen-reentrancy-022,True,True,True,8,2,2,2,2
gen-reentrancy-023,True,True,True,8,2,2,2,2
gen-reentrancy-024,True,True,True,8,2,2,2,2
gen-reentrancy-025,True,True,True,8,2,2,2,2
gen-reentrancy-026,True,True,True,8,2,2,2,2
gen-reentrancy-027,True,True,True,8,2,2,2,2
gen-reentrancy-028,True,True,True,8,2,2,2,2
gen-reentrancy-029,True,True,True,8,2,2,2,2
gen-reentrancy-030,True,True,True,8,2,2,2,2
gen-reentrancy-031,True,True,True,8,2,2,2,2
gen-reentrancy-032,True,True,True,8,2,2,2,2
gen-reentrancy-033,True,True,True,8,2,2,2,2
gen-reentrancy-034,True,True,True,8,2,2,2,2
gen-reentrancy-035,True,True,True,8,2,2,2,2
gen-reentrancy-036,True,True,True,8,2,2,2,2
gen-reentrancy-037,True,True,True,8,2,2,2,2
gen-reentrancy-038,True,True,True,8,2,2,2,2
gen-reentrancy-039,True,True,True,8,2,2,2,2
pub-reentrancy-00,True,True,True,8,2,2,2,2
pub-reentrancy-01,True,True,True,8,2,2,2,2
pub-reentrancy-02,True,True,True,8,2,2,2,2
gen-unchecked_call-000,True,True,True,8,2,2,2,2
gen-unchecked_call-001,True,True,True,8,2,2,2,2
gen-unchecked_call-002,True,True,True,8,2,2,2,2
gen-unchecked_call-003,True,True,True,8,2,2,2,2
gen-unchecked_call-004,True,True,True,8,2,2,2,2
gen-unchecked_call-005,True,True,True,8,2,2,2,2
gen-unchecked_call-006,True,True,True,8,2,2,2,2
gen-unchecked_call-007,True,True,True,8,2,2,2,2
gen-unchecked_call-008,True,True,True,8,2,2,2,2
gen-unchecked_call-009,True,True,True,8,2,2,2,2
gen-unchecked_call-010,True,True,True,8,2,2,2,2
gen-unchecked_call-011,True,True,True,8,2,2,2,2
gen-unchecked_call-012,True,True,True,8,2,2,2,2
gen-unchecked_call-013,True,True,True,8,2,2,2,2
gen-unchecked_call-014,True,True,True,8,2,2,2,2
gen-unchecked_call-015,True,True,True,8,2,2,2,2
gen-unchecked_call-016,True,True,True,8,2,2,2,2
gen-unchecked_call-017,True,True,True,8,2,2,2,2
gen-unchecked_call-018,True,True,True,8,2,2,2,2
gen-unchecked_call-019,True,True,True,8,2,2,2,2
gen-unchecked_call-020,True,True,True,8,2,2,2,2
gen-unchecked_call-021,True,True,True,8,2,2,2,2
gen-unchecked_call-022,True,True,True,8,2,2,2,2
gen-unchecked_call-023,True,True,True,8,2,2,2,2
gen-unchecked_call-024,True,True,True,8,2,2,2,2
gen-unchecked_call-025,True,True,True,8,2,2,2,2
gen-unchecked_call-026,True,True,True,8,2,2,2,2
gen-unchecked_call-027,True,True,True,8,2,2,2,2
gen-unchecked_call-028,True,True,True,8,2,2,2,2
gen-unchecked_call-029,True,True,True,8,2,2,2,2
gen-unchecked_call-030,True,True,True,8,2,2,2,2
gen-unchecked_call-031,True,True,True,8,2,2,2,2
gen-unchecked_call-032,True,True,True,8,2,2,2,2
gen-unchecked_call-033,True,True,True,8,2,2,2,2
gen-unchecked_call-034,True,True,True,8,2,2,2,2
gen-unchecked_call-035,True,True,True,8,2,2,2,2
gen-unchecked_call-036,True,True,True,8,2,2,2,2
gen-unchecked_call-037,True,True,True,8,2,2,2,2
gen-unchecked_call-038,True,True,True,8,2,2,2,2
gen-unchecked_call-039,True,True,True,8,2,2,2,2
pub-unchecked_call-00,True,True,True,8,2,2,2,2
pub-unchecked_call-01,True,True,True,8,2,2,2,2
pub-unchecked_call-02,True,True,True,8,2,2,2,2
description-nist-sard-62684,True,True,True,16,4,4,4,4
description-nist-sard-62695,True,True,True,16,4,4,4,4
description-nist-sard-67603,True,True,True,16,4,4,4,4
description-nist-sard-95487,True,True,True,8,3,3,3,3
description-nist-sard-236684,True,True,True,8,3,3,3,3
description-nist-sard-236942,True,True,True,8,3,3,3,3
description-nist-sard-83596,True,True,True,8,3,3,3,3
description-swc-105,True,True,True,4,1,1,1,1
description-swc-107,True,True,True,4,1,1,1,1
description-swc-104,True,True,True,4,1,1,1,1
observation-001,True,True,True,16,4,4,4,4
observation-002,False,False,True,0,0,0,0,0
observation-003,False,False,True,0,0,0,0,0
observation-004,False,False,True,0,0,0,0,0
observation-005,False,False,True,0,0,0,0,0
observation-006,False,False,True,0,0,0,0,0
observation-007,False,False,True,0,0,0,0,0
observation-008,False,False,True,0,0,0,0,0
observation-009,False,False,True,0,0,0,0,0
observation-010,False,False,True,0,0,0,0,0
observation-011,False,False,True,0,0,0,0,0
observation-012,False,False,True,0,0,0,0,0
observation-013,False,False,True,0,0,0,0,0
observation-014,False,False,True,0,0,0,0,0
observation-015,False,False,True,0,0,0,0,0
observation-016,False,False,True,0,0,0,0,0
observation-017,False,False,True,0,0,0,0,0
observation-018,False,False,True,0,0,0,0,0
observation-019,False,False,True,0,0,0,0,0
observation-020,False,False,True,0,0,0,0,0
observation-021,False,False,True,0,0,0,0,0
observation-022,False,False,True,0,0,0,0,0
observation-023,False,False,True,0,0,0,0,0
observation-024,False,False,True,0,0,0,0,0
observation-025,False,False,True,0,0,0,0,0
observation-026,True,True,True,16,4,4,4,4
observation-027,False,False,True,0,0,0,0,0
observation-028,False,False,True,0,0,0,0,0
observation-029,False,False,True,0,0,0,0,0
observation-030,False,False,True,0,0,0,0,0
observation-031,False,False,True,0,0,0,0,0
observation-032,False,False,True,0,0,0,0,0
observation-033,False,False,True,0,0,0,0,0
observation-034,False,False,True,0,0,0,0,0
observation-035,False,False,True,0,0,0,0,0
observation-036,False,False,True,0,0,0,0,0
observation-037,False,False,True,0,0,0,0,0
observation-038,False,False,True,0,0,0,0,0
observation-039,False,False,True,0,0,0,0,0
observation-040,False,False,True,0,0,0,0,0
observation-041,False,False,True,0,0,0,0,0
observation-042,False,False,True,0,0,0,0,0
observation-043,False,False,True,0,0,0,0,0
observation-044,False,False,True,0,0,0,0,0
observation-045,False,False,True,0,0,0,0,0
observation-046,False,False,True,0,0,0,0,0
observation-047,False,False,True,0,0,0,0,0
observation-048,False,False,True,0,0,0,0,0
observation-049,False,False,True,0,0,0,0,0
observation-050,False,False,True,0,0,0,0,0
observation-051,False,False,True,0,0,0,0,0
observation-052,False,False,True,0,0,0,0,0
observation-053,False,False,True,0,0,0,0,0
observation-054,False,False,True,0,0,0,0,0
observation-055,False,False,True,0,0,0,0,0
observation-056,False,False,True,0,0,0,0,0
observation-057,False,False,True,0,0,0,0,0
observation-058,False,False,True,0,0,0,0,0
observation-059,False,False,True,0,0,0,0,0
observation-060,False,False,True,0,0,0,0,0
observation-061,True,True,True,16,4,4,4,4
observation-062,False,False,True,0,0,0,0,0
observation-063,False,False,True,0,0,0,0,0
observation-064,False,False,True,0,0,0,0,0
observation-065,False,False,True,0,0,0,0,0
observation-066,False,False,True,0,0,0,0,0
observation-067,False,False,True,0,0,0,0,0
observation-068,False,False,True,0,0,0,0,0
observation-069,False,False,True,0,0,0,0,0
observation-070,False,False,True,0,0,0,0,0
observation-071,False,False,True,0,0,0,0,0
observation-072,False,False,True,0,0,0,0,0
observation-073,False,False,True,0,0,0,0,0
observation-074,False,False,True,0,0,0,0,0
observation-075,False,False,True,0,0,0,0,0
observation-076,False,False,True,0,0,0,0,0
observation-077,False,False,True,0,0,0,0,0
observation-078,False,False,True,0,0,0,0,0
observation-079,False,False,True,0,0,0,0,0
observation-080,False,False,True,0,0,0,0,0
observation-081,False,False,True,0,0,0,0,0
observation-082,False,False,True,0,0,0,0,0
observation-083,False,False,True,0,0,0,0,0
observation-084,False,False,True,0,0,0,0,0
observation-085,False,False,True,0,0,0,0,0
observation-086,False,False,True,0,0,0,0,0
observation-087,False,False,True,0,0,0,0,0
observation-088,False,False,True,0,0,0,0,0
observation-089,True,True,True,16,4,4,4,4
observation-090,False,False,True,0,0,0,0,0
observation-091,False,False,True,0,0,0,0,0
observation-092,False,False,True,0,0,0,0,0
observation-093,False,False,True,0,0,0,0,0
observation-094,False,False,True,0,0,0,0,0
observation-095,False,False,True,0,0,0,0,0
observation-096,False,False,True,0,0,0,0,0
observation-097,False,False,True,0,0,0,0,0
observation-098,False,False,True,0,0,0,0,0
observation-099,False,False,True,0,0,0,0,0
observation-100,False,False,True,0,0,0,0,0
observation-101,False,False,True,0,0,0,0,0
observation-102,False,False,True,0,0,0,0,0
observation-103,False,False,True,0,0,0,0,0
observation-104,False,False,True,0,0,0,0,0
observation-105,False,False,True,0,0,0,0,0
observation-106,False,False,True,0,0,0,0,0
observation-107,False,False,True,0,0,0,0,0
observation-108,False,False,True,0,0,0,0,0
observation-109,False,False,True,0,0,0,0,0
observation-110,False,False,True,0,0,0,0,0
observation-111,False,False,True,0,0,0,0,0
observation-112,False,False,True,0,0,0,0,0
observation-113,False,False,True,0,0,0,0,0
observation-114,False,False,True,0,0,0,0,0
observation-115,True,True,True,16,4,4,4,4
observation-116,False,False,True,0,0,0,0,0
observation-117,False,False,True,0,0,0,0,0
observation-118,False,False,True,0,0,0,0,0
observation-119,False,False,True,0,0,0,0,0
observation-120,False,False,True,0,0,0,0,0
observation-121,False,False,True,0,0,0,0,0
observation-122,False,False,True,0,0,0,0,0
observation-123,False,False,True,0,0,0,0,0
observation-124,False,False,True,0,0,0,0,0
observation-125,False,False,True,0,0,0,0,0
observation-126,False,False,True,0,0,0,0,0
observation-127,False,False,True,0,0,0,0,0
observation-128,False,False,True,0,0,0,0,0
observation-129,False,False,True,0,0,0,0,0
observation-130,False,False,True,0,0,0,0,0
observation-131,False,False,True,0,0,0,0,0
observation-132,False,False,True,0,0,0,0,0
observation-133,False,False,True,0,0,0,0,0
observation-134,False,False,True,0,0,0,0,0
observation-135,False,False,True,0,0,0,0,0
observation-136,False,False,True,0,0,0,0,0
observation-137,False,False,True,0,0,0,0,0
observation-138,False,False,True,0,0,0,0,0
observation-139,False,False,True,0,0,0,0,0
observation-140,False,False,True,0,0,0,0,0
observation-141,False,False,True,0,0,0,0,0
observation-142,False,False,True,0,0,0,0,0
observation-143,True,True,True,16,4,4,4,4
observation-144,False,False,True,0,0,0,0,0
observation-145,False,False,True,0,0,0,0,0
observation-146,False,False,True,0,0,0,0,0
observation-147,False,False,True,0,0,0,0,0
observation-148,False,False,True,0,0,0,0,0
observation-149,False,False,True,0,0,0,0,0
observation-150,False,False,True,0,0,0,0,0
observation-151,False,False,True,0,0,0,0,0
observation-152,False,False,True,0,0,0,0,0
observation-153,False,False,True,0,0,0,0,0
observation-154,False,False,True,0,0,0,0,0
observation-155,False,False,True,0,0,0,0,0
observation-156,False,False,True,0,0,0,0,0
observation-157,False,False,True,0,0,0,0,0
observation-158,False,False,True,0,0,0,0,0
observation-159,False,False,True,0,0,0,0,0
observation-160,False,False,True,0,0,0,0,0
observation-161,False,False,True,0,0,0,0,0
observation-162,False,False,True,0,0,0,0,0
observation-163,False,False,True,0,0,0,0,0
observation-164,False,False,True,0,0,0,0,0
observation-165,False,False,True,0,0,0,0,0
observation-166,False,False,True,0,0,0,0,0
observation-167,False,False,True,0,0,0,0,0
observation-168,False,False,True,0,0,0,0,0
observation-169,False,False,True,0,0,0,0,0
observation-170,False,False,True,0,0,0,0,0
observation-171,False,False,True,0,0,0,0,0
observation-172,False,False,True,0,0,0,0,0
observation-173,False,False,True,0,0,0,0,0
observation-174,False,False,True,0,0,0,0,0
observation-175,False,False,True,0,0,0,0,0
observation-176,False,False,True,0,0,0,0,0
observation-177,False,False,True,0,0,0,0,0
observation-178,False,False,True,0,0,0,0,0
observation-179,False,False,True,0,0,0,0,0
observation-180,False,False,True,0,0,0,0,0
observation-181,False,False,True,0,0,0,0,0
observation-182,False,False,True,0,0,0,0,0
observation-183,False,False,True,0,0,0,0,0
observation-184,False,False,True,0,0,0,0,0
observation-185,False,False,True,0,0,0,0,0
observation-186,False,False,True,0,0,0,0,0
observation-187,False,False,True,0,0,0,0,0
observation-188,False,False,True,0,0,0,0,0
observation-189,False,False,True,0,0,0,0,0
observation-190,False,False,True,0,0,0,0,0
observation-191,False,False,True,0,0,0,0,0
observation-192,False,False,True,0,0,0,0,0
observation-193,False,False,True,0,0,0,0,0
observation-194,False,False,True,0,0,0,0,0
observation-195,False,False,True,0,0,0,0,0
observation-196,False,False,True,0,0,0,0,0
observation-197,False,False,True,0,0,0,0,0
observation-198,False,False,True,0,0,0,0,0
observation-199,False,False,True,0,0,0,0,0
observation-200,False,False,True,0,0,0,0,0
observation-201,False,False,True,0,0,0,0,0
observation-202,False,False,True,0,0,0,0,0
observation-203,False,False,True,0,0,0,0,0
observation-204,False,False,True,0,0,0,0,0
observation-205,False,False,True,0,0,0,0,0
observation-206,False,False,True,0,0,0,0,0
observation-207,False,False,True,0,0,0,0,0
observation-208,False,False,True,0,0,0,0,0
observation-209,False,False,True,0,0,0,0,0
observation-210,False,False,True,0,0,0,0,0
observation-211,False,False,True,0,0,0,0,0
observation-212,False,False,True,0,0,0,0,0
observation-213,False,False,True,0,0,0,0,0
observation-214,False,False,True,0,0,0,0,0
observation-215,False,False,True,0,0,0,0,0
observation-216,False,False,True,0,0,0,0,0
observation-217,False,False,True,0,0,0,0,0
observation-218,False,False,True,0,0,0,0,0
observation-219,False,False,True,0,0,0,0,0
observation-220,False,False,True,0,0,0,0,0
observation-221,False,False,True,0,0,0,0,0
observation-222,False,False,True,0,0,0,0,0
observation-223,False,False,True,0,0,0,0,0
observation-224,False,False,True,0,0,0,0,0
observation-225,False,False,True,0,0,0,0,0
observation-226,False,False,True,0,0,0,0,0
observation-227,False,False,True,0,0,0,0,0
observation-228,False,False,True,0,0,0,0,0
observation-229,False,False,True,0,0,0,0,0
observation-230,False,False,True,0,0,0,0,0
observation-231,False,False,True,0,0,0,0,0
observation-232,False,False,True,0,0,0,0,0
observation-233,False,False,True,0,0,0,0,0
observation-234,False,False,True,0,0,0,0,0
observation-235,False,False,True,0,0,0,0,0
observation-236,False,False,True,0,0,0,0,0
observation-237,False,False,True,0,0,0,0,0
observation-238,False,False,True,0,0,0,0,0
observation-239,False,False,True,0,0,0,0,0
observation-240,False,False,True,0,0,0,0,0
observation-241,False,False,True,0,0,0,0,0
observation-242,False,False,True,0,0,0,0,0
observation-243,False,False,True,0,0,0,0,0
observation-244,False,False,True,0,0,0,0,0
observation-245,False,False,True,0,0,0,0,0
observation-246,False,False,True,0,0,0,0,0
observation-247,False,False,True,0,0,0,0,0
observation-248,False,False,True,0,0,0,0,0
observation-249,False,False,True,0,0,0,0,0
observation-250,False,False,True,0,0,0,0,0
observation-251,False,False,True,0,0,0,0,0
observation-252,False,False,True,0,0,0,0,0
observation-253,False,False,True,0,0,0,0,0
observation-254,False,False,True,0,0,0,0,0
observation-255,False,False,True,0,0,0,0,0
observation-256,False,False,True,0,0,0,0,0
observation-257,False,False,True,0,0,0,0,0
observation-258,False,False,True,0,0,0,0,0
observation-259,False,False,True,0,0,0,0,0
observation-260,False,False,True,0,0,0,0,0
observation-261,False,False,True,0,0,0,0,0
observation-262,False,False,True,0,0,0,0,0
observation-263,False,False,True,0,0,0,0,0
observation-264,False,False,True,0,0,0,0,0
observation-265,False,False,True,0,0,0,0,0
observation-266,False,False,True,0,0,0,0,0
observation-267,False,False,True,0,0,0,0,0
observation-268,False,False,True,0,0,0,0,0
observation-269,False,False,True,0,0,0,0,0
observation-270,False,False,True,0,0,0,0,0
observation-271,False,False,True,0,0,0,0,0
observation-272,False,False,True,0,0,0,0,0
observation-273,False,False,True,0,0,0,0,0
observation-274,False,False,True,0,0,0,0,0
observation-275,False,False,True,0,0,0,0,0
observation-276,False,False,True,0,0,0,0,0
observation-277,False,False,True,0,0,0,0,0
observation-278,False,False,True,0,0,0,0,0
observation-279,False,False,True,0,0,0,0,0
observation-280,False,False,True,0,0,0,0,0
observation-281,False,False,True,0,0,0,0,0
observation-282,False,False,True,0,0,0,0,0
observation-283,False,False,True,0,0,0,0,0
observation-284,False,False,True,0,0,0,0,0
observation-285,False,False,True,0,0,0,0,0
observation-286,False,False,True,0,0,0,0,0
observation-287,False,False,True,0,0,0,0,0
observation-288,False,False,True,0,0,0,0,0
