pair_id,profile,family,source_kind,accepted,reason,input_count,obligations,safe_inputs_compared,productive_safe_inputs,vulnerable_inputs,certificate_bytes,elapsed_ms
gen-bounds_write-000,c,bounds_write,generated,True,accepted,8,24,4,4,4,313,1.664337
gen-bounds_write-001,c,bounds_write,generated,True,accepted,8,24,4,4,4,313,1.484369
gen-bounds_write-002,c,bounds_write,generated,True,accepted,8,24,4,4,4,313,1.592615
gen-bounds_write-003,c,bounds_write,generated,True,accepted,8,24,4,4,4,313,1.713452
gen-bounds_write-004,c,bounds_write,generated,True,accepted,8,24,4,4,4,313,1.490372
gen-bounds_write-005,c,bounds_write,generated,True,accepted,8,24,4,4,4,313,1.557863
gen-bounds_write-006,c,bounds_write,generated,True,accepted,8,24,4,4,4,313,2.681372
gen-bounds_write-007,c,bounds_write,generated,True,accepted,8,24,4,4,4,313,1.774421
gen-bounds_write-008,c,bounds_write,generated,True,accepted,8,24,4,4,4,313,1.470778
gen-bounds_write-009,c,bounds_write,generated,True,accepted,8,24,4,4,4,313,1.389651
gen-bounds_write-010,c,bounds_write,generated,True,accepted,8,24,4,4,4,313,1.400189
gen-bounds_write-011,c,bounds_write,generated,True,accepted,8,24,4,4,4,313,1.480634
gen-bounds_write-012,c,bounds_write,generated,True,accepted,8,24,4,4,4,313,1.457582
gen-bounds_write-013,c,bounds_write,generated,True,accepted,8,24,4,4,4,313,1.406127
gen-bounds_write-014,c,bounds_write,generated,True,accepted,8,24,4,4,4,313,1.410294
gen-bounds_write-015,c,bounds_write,generated,True,accepted,8,24,4,4,4,313,1.490175
gen-bounds_write-016,c,bounds_write,generated,True,accepted,8,24,4,4,4,313,1.445975
gen-bounds_write-017,c,bounds_write,generated,True,accepted,8,24,4,4,4,313,1.739805
gen-bounds_write-018,c,bounds_write,generated,True,accepted,8,24,4,4,4,313,1.455079
gen-bounds_write-019,c,bounds_write,generated,True,accepted,8,24,4,4,4,313,1.94368
gen-bounds_write-020,c,bounds_write,generated,True,accepted,8,24,4,4,4,313,1.46442
gen-bounds_write-021,c,bounds_write,generated,True,accepted,8,24,4,4,4,313,1.455371
gen-bounds_write-022,c,bounds_write,generated,True,accepted,8,24,4,4,4,313,1.44873
gen-bounds_write-023,c,bounds_write,generated,True,accepted,8,24,4,4,4,313,1.515549
gen-bounds_write-024,c,bounds_write,generated,True,accepted,8,24,4,4,4,313,1.458221
gen-bounds_write-025,c,bounds_write,generated,True,accepted,8,24,4,4,4,313,1.38129
gen-bounds_write-026,c,bounds_write,generated,True,accepted,8,24,4,4,4,313,1.39353
gen-bounds_write-027,c,bounds_write,generated,True,accepted,8,24,4,4,4,313,1.462006
gen-bounds_write-028,c,bounds_write,generated,True,accepted,8,24,4,4,4,313,1.47147
gen-bounds_write-029,c,bounds_write,generated,True,accepted,8,24,4,4,4,313,1.375175
gen-bounds_write-030,c,bounds_write,generated,True,accepted,8,24,4,4,4,313,1.397208
gen-bounds_write-031,c,bounds_write,generated,True,accepted,8,24,4,4,4,313,1.420751
gen-bounds_write-032,c,bounds_write,generated,True,accepted,8,24,4,4,4,313,1.45703
gen-bounds_write-033,c,bounds_write,generated,True,accepted,8,24,4,4,4,313,1.377772
gen-bounds_write-034,c,bounds_write,generated,True,accepted,8,24,4,4,4,313,1.439791
gen-bounds_write-035,c,bounds_write,generated,True,accepted,8,24,4,4,4,313,1.420136
gen-bounds_write-036,c,bounds_write,generated,True,accepted,8,24,4,4,4,313,1.486234
gen-bounds_write-037,c,bounds_write,generated,True,accepted,8,24,4,4,4,313,1.423941
gen-bounds_write-038,c,bounds_write,generated,True,accepted,8,24,4,4,4,313,1.383857
gen-bounds_write-039,c,bounds_write,generated,True,accepted,8,24,4,4,4,313,1.62968
pub-bounds_write-00,c,bounds_write,synthetic-reference-tagged,True,accepted,8,24,4,4,4,310,1.504108
pub-bounds_write-01,c,bounds_write,synthetic-reference-tagged,True,accepted,8,24,4,4,4,310,1.665322
pub-bounds_write-02,c,bounds_write,synthetic-reference-tagged,True,accepted,8,24,4,4,4,310,1.776161
gen-divide_zero-000,c,divide_zero,generated,True,accepted,12,37,9,9,3,321,1.437847
gen-divide_zero-001,c,divide_zero,generated,True,accepted,12,37,9,9,3,321,1.403353
gen-divide_zero-002,c,divide_zero,generated,True,accepted,12,37,9,9,3,321,1.389783
gen-divide_zero-003,c,divide_zero,generated,True,accepted,12,37,9,9,3,321,1.370212
gen-divide_zero-004,c,divide_zero,generated,True,accepted,12,37,9,9,3,321,1.351773
gen-divide_zero-005,c,divide_zero,generated,True,accepted,12,37,9,9,3,321,1.361326
gen-divide_zero-006,c,divide_zero,generated,True,accepted,12,37,9,9,3,321,1.342442
gen-divide_zero-007,c,divide_zero,generated,True,accepted,12,37,9,9,3,321,1.38032
gen-divide_zero-008,c,divide_zero,generated,True,accepted,12,37,9,9,3,321,1.405137
gen-divide_zero-009,c,divide_zero,generated,True,accepted,12,37,9,9,3,321,1.375966
gen-divide_zero-010,c,divide_zero,generated,True,accepted,12,37,9,9,3,321,1.368079
gen-divide_zero-011,c,divide_zero,generated,True,accepted,12,37,9,9,3,321,1.343269
gen-divide_zero-012,c,divide_zero,generated,True,accepted,12,37,9,9,3,321,1.391688
gen-divide_zero-013,c,divide_zero,generated,True,accepted,12,37,9,9,3,321,1.353906
gen-divide_zero-014,c,divide_zero,generated,True,accepted,12,37,9,9,3,321,1.390737
gen-divide_zero-015,c,divide_zero,generated,True,accepted,12,37,9,9,3,321,1.367278
gen-divide_zero-016,c,divide_zero,generated,True,accepted,12,37,9,9,3,321,1.352965
gen-divide_zero-017,c,divide_zero,generated,True,accepted,12,37,9,9,3,321,1.379877
gen-divide_zero-018,c,divide_zero,generated,True,accepted,12,37,9,9,3,321,1.364696
gen-divide_zero-019,c,divide_zero,generated,True,accepted,12,37,9,9,3,321,1.367942
gen-divide_zero-020,c,divide_zero,generated,True,accepted,12,37,9,9,3,321,1.364891
gen-divide_zero-021,c,divide_zero,generated,True,accepted,12,37,9,9,3,321,1.347915
gen-divide_zero-022,c,divide_zero,generated,True,accepted,12,37,9,9,3,321,1.3678
gen-divide_zero-023,c,divide_zero,generated,True,accepted,12,37,9,9,3,321,1.394002
gen-divide_zero-024,c,divide_zero,generated,True,accepted,12,37,9,9,3,321,1.456085
gen-divide_zero-025,c,divide_zero,generated,True,accepted,12,37,9,9,3,321,1.378425
gen-divide_zero-026,c,divide_zero,generated,True,accepted,12,37,9,9,3,321,1.390717
gen-divide_zero-027,c,divide_zero,generated,True,accepted,12,37,9,9,3,321,1.362149
gen-divide_zero-028,c,divide_zero,generated,True,accepted,12,37,9,9,3,321,1.359274
gen-divide_zero-029,c,divide_zero,generated,True,accepted,12,37,9,9,3,321,1.374876
gen-divide_zero-030,c,divide_zero,generated,True,accepted,12,37,9,9,3,321,1.355795
gen-divide_zero-031,c,divide_zero,generated,True,accepted,12,37,9,9,3,321,1.368625
gen-divide_zero-032,c,divide_zero,generated,True,accepted,12,37,9,9,3,321,1.356068
gen-divide_zero-033,c,divide_zero,generated,True,accepted,12,37,9,9,3,321,1.413102
gen-divide_zero-034,c,divide_zero,generated,True,accepted,12,37,9,9,3,321,1.360758
gen-divide_zero-035,c,divide_zero,generated,True,accepted,12,37,9,9,3,321,1.365044
gen-divide_zero-036,c,divide_zero,generated,True,accepted,12,37,9,9,3,321,1.359129
gen-divide_zero-037,c,divide_zero,generated,True,accepted,12,37,9,9,3,321,1.344863
gen-divide_zero-038,c,divide_zero,generated,True,accepted,12,37,9,9,3,321,1.421952
gen-divide_zero-039,c,divide_zero,generated,True,accepted,12,37,9,9,3,321,1.381142
pub-divide_zero-00,c,divide_zero,synthetic-reference-tagged,True,accepted,12,37,9,9,3,318,1.390973
pub-divide_zero-01,c,divide_zero,synthetic-reference-tagged,True,accepted,12,37,9,9,3,318,1.36714
pub-divide_zero-02,c,divide_zero,synthetic-reference-tagged,True,accepted,12,37,9,9,3,318,1.379594
gen-fixed_overflow-000,c,fixed_overflow,generated,True,accepted,9,28,6,6,3,319,1.222904
gen-fixed_overflow-001,c,fixed_overflow,generated,True,accepted,9,28,6,6,3,318,1.205047
gen-fixed_overflow-002,c,fixed_overflow,generated,True,accepted,9,28,6,6,3,319,1.178586
gen-fixed_overflow-003,c,fixed_overflow,generated,True,accepted,9,28,6,6,3,319,1.184587
gen-fixed_overflow-004,c,fixed_overflow,generated,True,accepted,9,28,6,6,3,319,1.204256
gen-fixed_overflow-005,c,fixed_overflow,generated,True,accepted,9,28,6,6,3,318,1.18303
gen-fixed_overflow-006,c,fixed_overflow,generated,True,accepted,9,28,6,6,3,319,1.17336
gen-fixed_overflow-007,c,fixed_overflow,generated,True,accepted,9,28,6,6,3,319,1.190391
gen-fixed_overflow-008,c,fixed_overflow,generated,True,accepted,9,28,6,6,3,319,1.171048
gen-fixed_overflow-009,c,fixed_overflow,generated,True,accepted,9,28,6,6,3,318,1.229137
gen-fixed_overflow-010,c,fixed_overflow,generated,True,accepted,9,28,6,6,3,319,1.196426
gen-fixed_overflow-011,c,fixed_overflow,generated,True,accepted,9,28,6,6,3,319,1.172351
gen-fixed_overflow-012,c,fixed_overflow,generated,True,accepted,9,28,6,6,3,319,1.210127
gen-fixed_overflow-013,c,fixed_overflow,generated,True,accepted,9,28,6,6,3,318,1.187645
gen-fixed_overflow-014,c,fixed_overflow,generated,True,accepted,9,28,6,6,3,319,1.193536
gen-fixed_overflow-015,c,fixed_overflow,generated,True,accepted,9,28,6,6,3,319,1.163191
gen-fixed_overflow-016,c,fixed_overflow,generated,True,accepted,9,28,6,6,3,319,1.148399
gen-fixed_overflow-017,c,fixed_overflow,generated,True,accepted,9,28,6,6,3,318,1.335973
gen-fixed_overflow-018,c,fixed_overflow,generated,True,accepted,9,28,6,6,3,319,1.16332
gen-fixed_overflow-019,c,fixed_overflow,generated,True,accepted,9,28,6,6,3,319,1.184518
gen-fixed_overflow-020,c,fixed_overflow,generated,True,accepted,9,28,6,6,3,319,1.163253
gen-fixed_overflow-021,c,fixed_overflow,generated,True,accepted,9,28,6,6,3,318,1.192548
gen-fixed_overflow-022,c,fixed_overflow,generated,True,accepted,9,28,6,6,3,319,1.239401
gen-fixed_overflow-023,c,fixed_overflow,generated,True,accepted,9,28,6,6,3,319,1.205956
gen-fixed_overflow-024,c,fixed_overflow,generated,True,accepted,9,28,6,6,3,319,1.255497
gen-fixed_overflow-025,c,fixed_overflow,generated,True,accepted,9,28,6,6,3,318,1.184378
gen-fixed_overflow-026,c,fixed_overflow,generated,True,accepted,9,28,6,6,3,319,1.215038
gen-fixed_overflow-027,c,fixed_overflow,generated,True,accepted,9,28,6,6,3,319,1.187974
gen-fixed_overflow-028,c,fixed_overflow,generated,True,accepted,9,28,6,6,3,319,1.360411
gen-fixed_overflow-029,c,fixed_overflow,generated,True,accepted,9,28,6,6,3,318,1.585636
gen-fixed_overflow-030,c,fixed_overflow,generated,True,accepted,9,28,6,6,3,319,1.21555
gen-fixed_overflow-031,c,fixed_overflow,generated,True,accepted,9,28,6,6,3,319,1.230129
gen-fixed_overflow-032,c,fixed_overflow,generated,True,accepted,9,28,6,6,3,319,1.24284
gen-fixed_overflow-033,c,fixed_overflow,generated,True,accepted,9,28,6,6,3,318,1.179297
gen-fixed_overflow-034,c,fixed_overflow,generated,True,accepted,9,28,6,6,3,319,1.160399
gen-fixed_overflow-035,c,fixed_overflow,generated,True,accepted,9,28,6,6,3,319,1.188541
gen-fixed_overflow-036,c,fixed_overflow,generated,True,accepted,9,28,6,6,3,319,1.169437
gen-fixed_overflow-037,c,fixed_overflow,generated,True,accepted,9,28,6,6,3,318,1.164259
gen-fixed_overflow-038,c,fixed_overflow,generated,True,accepted,9,28,6,6,3,319,1.196108
gen-fixed_overflow-039,c,fixed_overflow,generated,True,accepted,9,28,6,6,3,319,1.229262
pub-fixed_overflow-00,c,fixed_overflow,synthetic-reference-tagged,True,accepted,9,28,6,6,3,316,1.196854
pub-fixed_overflow-01,c,fixed_overflow,synthetic-reference-tagged,True,accepted,9,28,6,6,3,315,1.179556
pub-fixed_overflow-02,c,fixed_overflow,synthetic-reference-tagged,True,accepted,9,28,6,6,3,316,1.199003
gen-access_control-000,solidity,access_control,generated,True,accepted,6,18,2,2,4,328,0.910337
gen-access_control-001,solidity,access_control,generated,True,accepted,6,18,2,2,4,328,0.890898
gen-access_control-002,solidity,access_control,generated,True,accepted,6,18,2,2,4,328,0.884865
gen-access_control-003,solidity,access_control,generated,True,accepted,6,18,2,2,4,328,0.879617
gen-access_control-004,solidity,access_control,generated,True,accepted,6,18,2,2,4,328,0.894945
gen-access_control-005,solidity,access_control,generated,True,accepted,6,18,2,2,4,328,0.878288
gen-access_control-006,solidity,access_control,generated,True,accepted,6,18,2,2,4,328,0.898971
gen-access_control-007,solidity,access_control,generated,True,accepted,6,18,2,2,4,328,0.887199
gen-access_control-008,solidity,access_control,generated,True,accepted,6,18,2,2,4,328,0.885871
gen-access_control-009,solidity,access_control,generated,True,accepted,6,18,2,2,4,328,0.946603
gen-access_control-010,solidity,access_control,generated,True,accepted,6,18,2,2,4,328,0.876094
gen-access_control-011,solidity,access_control,generated,True,accepted,6,18,2,2,4,328,0.89425
gen-access_control-012,solidity,access_control,generated,True,accepted,6,18,2,2,4,328,0.875942
gen-access_control-013,solidity,access_control,generated,True,accepted,6,18,2,2,4,328,0.864565
gen-access_control-014,solidity,access_control,generated,True,accepted,6,18,2,2,4,328,0.886265
gen-access_control-015,solidity,access_control,generated,True,accepted,6,18,2,2,4,328,0.871853
gen-access_control-016,solidity,access_control,generated,True,accepted,6,18,2,2,4,328,0.862038
gen-access_control-017,solidity,access_control,generated,True,accepted,6,18,2,2,4,328,0.962149
gen-access_control-018,solidity,access_control,generated,True,accepted,6,18,2,2,4,328,0.913361
gen-access_control-019,solidity,access_control,generated,True,accepted,6,18,2,2,4,328,0.900437
gen-access_control-020,solidity,access_control,generated,True,accepted,6,18,2,2,4,328,0.886134
gen-access_control-021,solidity,access_control,generated,True,accepted,6,18,2,2,4,328,1.260554
gen-access_control-022,solidity,access_control,generated,True,accepted,6,18,2,2,4,328,1.845841
gen-access_control-023,solidity,access_control,generated,True,accepted,6,18,2,2,4,328,1.806936
gen-access_control-024,solidity,access_control,generated,True,accepted,6,18,2,2,4,328,1.777314
gen-access_control-025,solidity,access_control,generated,True,accepted,6,18,2,2,4,328,1.786864
gen-access_control-026,solidity,access_control,generated,True,accepted,6,18,2,2,4,328,1.78187
gen-access_control-027,solidity,access_control,generated,True,accepted,6,18,2,2,4,328,1.78654
gen-access_control-028,solidity,access_control,generated,True,accepted,6,18,2,2,4,328,1.801044
gen-access_control-029,solidity,access_control,generated,True,accepted,6,18,2,2,4,328,1.768054
gen-access_control-030,solidity,access_control,generated,True,accepted,6,18,2,2,4,328,1.785957
gen-access_control-031,solidity,access_control,generated,True,accepted,6,18,2,2,4,328,1.773714
gen-access_control-032,solidity,access_control,generated,True,accepted,6,18,2,2,4,328,1.793667
gen-access_control-033,solidity,access_control,generated,True,accepted,6,18,2,2,4,328,1.756086
gen-access_control-034,solidity,access_control,generated,True,accepted,6,18,2,2,4,328,1.876408
gen-access_control-035,solidity,access_control,generated,True,accepted,6,18,2,2,4,328,1.794503
gen-access_control-036,solidity,access_control,generated,True,accepted,6,18,2,2,4,328,1.808899
gen-access_control-037,solidity,access_control,generated,True,accepted,6,18,2,2,4,328,1.791195
gen-access_control-038,solidity,access_control,generated,True,accepted,6,18,2,2,4,328,1.827331
gen-access_control-039,solidity,access_control,generated,True,accepted,6,18,2,2,4,328,1.761485
pub-access_control-00,solidity,access_control,synthetic-reference-tagged,True,accepted,6,18,2,2,4,325,1.769023
pub-access_control-01,solidity,access_control,synthetic-reference-tagged,True,accepted,6,18,2,2,4,325,1.806143
pub-access_control-02,solidity,access_control,synthetic-reference-tagged,True,accepted,6,18,2,2,4,325,1.829955
gen-reentrancy-000,solidity,reentrancy,generated,True,accepted,4,14,2,2,2,343,1.906328
gen-reentrancy-001,solidity,reentrancy,generated,True,accepted,4,14,2,2,2,343,1.906421
gen-reentrancy-002,solidity,reentrancy,generated,True,accepted,4,14,2,2,2,343,1.867095
gen-reentrancy-003,solidity,reentrancy,generated,True,accepted,4,14,2,2,2,343,1.892886
gen-reentrancy-004,solidity,reentrancy,generated,True,accepted,4,14,2,2,2,343,1.85409
gen-reentrancy-005,solidity,reentrancy,generated,True,accepted,4,14,2,2,2,343,1.87712
gen-reentrancy-006,solidity,reentrancy,generated,True,accepted,4,14,2,2,2,343,1.964198
gen-reentrancy-007,solidity,reentrancy,generated,True,accepted,4,14,2,2,2,343,1.89494
gen-reentrancy-008,solidity,reentrancy,generated,True,accepted,4,14,2,2,2,343,1.910349
gen-reentrancy-009,solidity,reentrancy,generated,True,accepted,4,14,2,2,2,343,1.897536
gen-reentrancy-010,solidity,reentrancy,generated,True,accepted,4,14,2,2,2,343,1.886608
gen-reentrancy-011,solidity,reentrancy,generated,True,accepted,4,14,2,2,2,343,1.900243
gen-reentrancy-012,solidity,reentrancy,generated,True,accepted,4,14,2,2,2,343,1.883188
gen-reentrancy-013,solidity,reentrancy,generated,True,accepted,4,14,2,2,2,343,1.861893
gen-reentrancy-014,solidity,reentrancy,generated,True,accepted,4,14,2,2,2,343,1.878047
gen-reentrancy-015,solidity,reentrancy,generated,True,accepted,4,14,2,2,2,343,2.143041
gen-reentrancy-016,solidity,reentrancy,generated,True,accepted,4,14,2,2,2,343,1.897349
gen-reentrancy-017,solidity,reentrancy,generated,True,accepted,4,14,2,2,2,343,1.867977
gen-reentrancy-018,solidity,reentrancy,generated,True,accepted,4,14,2,2,2,343,1.865065
gen-reentrancy-019,solidity,reentrancy,generated,True,accepted,4,14,2,2,2,343,1.88683
gen-reentrancy-020,solidity,reentrancy,generated,True,accepted,4,14,2,2,2,343,1.892522
gen-reentrancy-021,solidity,reentrancy,generated,True,accepted,4,14,2,2,2,343,1.893937
gen-reentrancy-022,solidity,reentrancy,generated,True,accepted,4,14,2,2,2,343,1.890651
gen-reentrancy-023,solidity,reentrancy,generated,True,accepted,4,14,2,2,2,343,1.920856
gen-reentrancy-024,solidity,reentrancy,generated,True,accepted,4,14,2,2,2,343,1.896501
gen-reentrancy-025,solidity,reentrancy,generated,True,accepted,4,14,2,2,2,343,1.918066
gen-reentrancy-026,solidity,reentrancy,generated,True,accepted,4,14,2,2,2,343,2.006983
gen-reentrancy-027,solidity,reentrancy,generated,True,accepted,4,14,2,2,2,343,1.922429
gen-reentrancy-028,solidity,reentrancy,generated,True,accepted,4,14,2,2,2,343,1.91454
gen-reentrancy-029,solidity,reentrancy,generated,True,accepted,4,14,2,2,2,343,1.882646
gen-reentrancy-030,solidity,reentrancy,generated,True,accepted,4,14,2,2,2,343,1.887084
gen-reentrancy-031,solidity,reentrancy,generated,True,accepted,4,14,2,2,2,343,1.952178
gen-reentrancy-032,solidity,reentrancy,generated,True,accepted,4,14,2,2,2,343,1.878775
gen-reentrancy-033,solidity,reentrancy,generated,True,accepted,4,14,2,2,2,343,1.891029
gen-reentrancy-034,solidity,reentrancy,generated,True,accepted,4,14,2,2,2,343,1.871049
gen-reentrancy-035,solidity,reentrancy,generated,True,accepted,4,14,2,2,2,343,1.902532
gen-reentrancy-036,solidity,reentrancy,generated,True,accepted,4,14,2,2,2,343,1.899075
gen-reentrancy-037,solidity,reentrancy,generated,True,accepted,4,14,2,2,2,343,1.877814
gen-reentrancy-038,solidity,reentrancy,generated,True,accepted,4,14,2,2,2,343,1.863853
gen-reentrancy-039,solidity,reentrancy,generated,True,accepted,4,14,2,2,2,343,1.88465
pub-reentrancy-00,solidity,reentrancy,synthetic-reference-tagged,True,accepted,4,14,2,2,2,340,1.883858
pub-reentrancy-01,solidity,reentrancy,synthetic-reference-tagged,True,accepted,4,14,2,2,2,340,1.935771
pub-reentrancy-02,solidity,reentrancy,synthetic-reference-tagged,True,accepted,4,14,2,2,2,340,1.900851
gen-unchecked_call-000,solidity,unchecked_call,generated,True,accepted,4,14,2,2,2,328,1.427825
gen-unchecked_call-001,solidity,unchecked_call,generated,True,accepted,4,14,2,2,2,328,1.443285
gen-unchecked_call-002,solidity,unchecked_call,generated,True,accepted,4,14,2,2,2,328,1.485893
gen-unchecked_call-003,solidity,unchecked_call,generated,True,accepted,4,14,2,2,2,328,1.692507
gen-unchecked_call-004,solidity,unchecked_call,generated,True,accepted,4,14,2,2,2,328,1.430661
gen-unchecked_call-005,solidity,unchecked_call,generated,True,accepted,4,14,2,2,2,328,1.463187
gen-unchecked_call-006,solidity,unchecked_call,generated,True,accepted,4,14,2,2,2,328,1.434407
gen-unchecked_call-007,solidity,unchecked_call,generated,True,accepted,4,14,2,2,2,328,1.444802
gen-unchecked_call-008,solidity,unchecked_call,generated,True,accepted,4,14,2,2,2,328,1.42215
gen-unchecked_call-009,solidity,unchecked_call,generated,True,accepted,4,14,2,2,2,328,1.4706
gen-unchecked_call-010,solidity,unchecked_call,generated,True,accepted,4,14,2,2,2,328,1.406877
gen-unchecked_call-011,solidity,unchecked_call,generated,True,accepted,4,14,2,2,2,328,1.454481
gen-unchecked_call-012,solidity,unchecked_call,generated,True,accepted,4,14,2,2,2,328,1.419999
gen-unchecked_call-013,solidity,unchecked_call,generated,True,accepted,4,14,2,2,2,328,1.404414
gen-unchecked_call-014,solidity,unchecked_call,generated,True,accepted,4,14,2,2,2,328,1.400854
gen-unchecked_call-015,solidity,unchecked_call,generated,True,accepted,4,14,2,2,2,328,1.446065
gen-unchecked_call-016,solidity,unchecked_call,generated,True,accepted,4,14,2,2,2,328,1.401813
gen-unchecked_call-017,solidity,unchecked_call,generated,True,accepted,4,14,2,2,2,328,1.44145
gen-unchecked_call-018,solidity,unchecked_call,generated,True,accepted,4,14,2,2,2,328,1.424244
gen-unchecked_call-019,solidity,unchecked_call,generated,True,accepted,4,14,2,2,2,328,1.467773
gen-unchecked_call-020,solidity,unchecked_call,generated,True,accepted,4,14,2,2,2,328,1.40076
gen-unchecked_call-021,solidity,unchecked_call,generated,True,accepted,4,14,2,2,2,328,1.413453
gen-unchecked_call-022,solidity,unchecked_call,generated,True,accepted,4,14,2,2,2,328,1.436165
gen-unchecked_call-023,solidity,unchecked_call,generated,True,accepted,4,14,2,2,2,328,1.422682
gen-unchecked_call-024,solidity,unchecked_call,generated,True,accepted,4,14,2,2,2,328,1.565129
gen-unchecked_call-025,solidity,unchecked_call,generated,True,accepted,4,14,2,2,2,328,1.444175
gen-unchecked_call-026,solidity,unchecked_call,generated,True,accepted,4,14,2,2,2,328,1.392617
gen-unchecked_call-027,solidity,unchecked_call,generated,True,accepted,4,14,2,2,2,328,1.437805
gen-unchecked_call-028,solidity,unchecked_call,generated,True,accepted,4,14,2,2,2,328,1.435383
gen-unchecked_call-029,solidity,unchecked_call,generated,True,accepted,4,14,2,2,2,328,1.417027
gen-unchecked_call-030,solidity,unchecked_call,generated,True,accepted,4,14,2,2,2,328,1.424176
gen-unchecked_call-031,solidity,unchecked_call,generated,True,accepted,4,14,2,2,2,328,1.42516
gen-unchecked_call-032,solidity,unchecked_call,generated,True,accepted,4,14,2,2,2,328,1.437702
gen-unchecked_call-033,solidity,unchecked_call,generated,True,accepted,4,14,2,2,2,328,1.415681
gen-unchecked_call-034,solidity,unchecked_call,generated,True,accepted,4,14,2,2,2,328,1.428898
gen-unchecked_call-035,solidity,unchecked_call,generated,True,accepted,4,14,2,2,2,328,1.407392
gen-unchecked_call-036,solidity,unchecked_call,generated,True,accepted,4,14,2,2,2,328,1.43134
gen-unchecked_call-037,solidity,unchecked_call,generated,True,accepted,4,14,2,2,2,328,1.427054
gen-unchecked_call-038,solidity,unchecked_call,generated,True,accepted,4,14,2,2,2,328,1.43894
gen-unchecked_call-039,solidity,unchecked_call,generated,True,accepted,4,14,2,2,2,328,1.449233
pub-unchecked_call-00,solidity,unchecked_call,synthetic-reference-tagged,True,accepted,4,14,2,2,2,325,1.46749
pub-unchecked_call-01,solidity,unchecked_call,synthetic-reference-tagged,True,accepted,4,14,2,2,2,325,1.45536
pub-unchecked_call-02,solidity,unchecked_call,synthetic-reference-tagged,True,accepted,4,14,2,2,2,325,1.463049
