examined_annotation,record,family,reference_kind,source_language,operation,status,source_equivalence_established
NIST-SARD-62684,NIST-SARD-62684,bounds_write,individual-case-description,C,indexed-write,pattern-reference-only,False
NIST-SARD-62695,NIST-SARD-62695,bounds_write,individual-case-description,C,indexed-write,pattern-reference-only,False
NIST-SARD-67603,NIST-SARD-67603,bounds_write,individual-case-description,C++,indexed-write,pattern-reference-only,False
NIST-SARD-95487,NIST-SARD-95487,divide_zero,individual-case-description,C++,division,pattern-reference-only,False
NIST-SARD-95045,NIST-SARD-95045,divide_zero,individual-case-description,C,modulo,unsupported-operator,False
NIST-SARD-CWE-369,NIST-SARD-suite-112,divide_zero,suite-description,C/C++,,suite-not-instance,False
NIST-SARD-236684,NIST-SARD-236684,fixed_overflow,individual-case-description,C,increment,pattern-reference-only,False
NIST-SARD-236942,NIST-SARD-236942,fixed_overflow,individual-case-description,C,increment,pattern-reference-only,False
NIST-SARD-83596,NIST-SARD-83596,fixed_overflow,individual-case-description,C++,add-one,pattern-reference-only,False
SWC-105-Wallet,SWC-105,access_control,category-description,Solidity,authorization,pattern-reference-only,False
SWC-105-TokenSale,SWC-105,access_control,category-description,Solidity,authorization,pattern-reference-only,False
SWC-105-MultiOwnable,SWC-105,access_control,category-description,Solidity,authorization,pattern-reference-only,False
SWC-107-SimpleDAO,SWC-107,reentrancy,category-description,Solidity,callback-order,pattern-reference-only,False
SWC-107-ModifierEntrancy,SWC-107,reentrancy,category-description,Solidity,callback-order,pattern-reference-only,False
SWC-107-CEI,SWC-107,reentrancy,category-description,Solidity,callback-order,pattern-reference-only,False
SWC-104-UncheckedCall,SWC-104,unchecked_call,category-description,Solidity,call-status,pattern-reference-only,False
SWC-104-Lotto,SWC-104,unchecked_call,category-description,Solidity,call-status,pattern-reference-only,False
SWC-104-ReturnCheck,SWC-104,unchecked_call,category-description,Solidity,call-status,pattern-reference-only,False
