pair_id,profile,family,accepted,reason,pair_reason,endpoint_valuations,source_ir_comparisons,semantic_mismatches,operational_mismatches,safe_inputs_compared,productive_safe_inputs,vulnerable_inputs,elapsed_ms
source-bounds_write-00,c,bounds_write,True,accepted,accepted,16,48,0,0,4,4,4,14.153371
source-bounds_write-01,c,bounds_write,True,accepted,accepted,16,48,0,0,4,4,4,13.86841
source-bounds_write-02,c,bounds_write,True,accepted,accepted,16,48,0,0,4,4,4,13.786047
source-bounds_write-03,c,bounds_write,True,accepted,accepted,16,48,0,0,4,4,4,14.670413
source-bounds_write-04,c,bounds_write,True,accepted,accepted,16,48,0,0,4,4,4,14.161672
source-bounds_write-05,c,bounds_write,True,accepted,accepted,16,48,0,0,4,4,4,13.919244
source-bounds_write-06,c,bounds_write,True,accepted,accepted,16,48,0,0,4,4,4,13.923969
source-bounds_write-07,c,bounds_write,True,accepted,accepted,16,48,0,0,4,4,4,14.338402
source-bounds_write-08,c,bounds_write,True,accepted,accepted,16,48,0,0,4,4,4,14.423503
source-bounds_write-09,c,bounds_write,True,accepted,accepted,16,48,0,0,4,4,4,13.834203
source-divide_zero-00,c,divide_zero,True,accepted,accepted,24,72,0,0,9,9,3,17.201828
source-divide_zero-01,c,divide_zero,True,accepted,accepted,24,72,0,0,9,9,3,17.103458
source-divide_zero-02,c,divide_zero,True,accepted,accepted,24,72,0,0,9,9,3,17.172815
source-divide_zero-03,c,divide_zero,True,accepted,accepted,24,72,0,0,9,9,3,17.282706
source-divide_zero-04,c,divide_zero,True,accepted,accepted,24,72,0,0,9,9,3,17.234612
source-divide_zero-05,c,divide_zero,True,accepted,accepted,24,72,0,0,9,9,3,17.180195
source-divide_zero-06,c,divide_zero,True,accepted,accepted,24,72,0,0,9,9,3,17.096604
source-divide_zero-07,c,divide_zero,True,accepted,accepted,24,72,0,0,9,9,3,17.041123
source-divide_zero-08,c,divide_zero,True,accepted,accepted,24,72,0,0,9,9,3,17.026625
source-divide_zero-09,c,divide_zero,True,accepted,accepted,24,72,0,0,9,9,3,17.079516
source-fixed_overflow-00,c,fixed_overflow,True,accepted,accepted,18,54,0,0,7,7,2,14.942855
source-fixed_overflow-01,c,fixed_overflow,True,accepted,accepted,18,54,0,0,6,6,3,14.099811
source-fixed_overflow-02,c,fixed_overflow,True,accepted,accepted,18,54,0,0,7,7,2,14.887463
source-fixed_overflow-03,c,fixed_overflow,True,accepted,accepted,18,54,0,0,6,6,3,13.882461
source-fixed_overflow-04,c,fixed_overflow,True,accepted,accepted,18,54,0,0,7,7,2,14.840267
source-fixed_overflow-05,c,fixed_overflow,True,accepted,accepted,18,54,0,0,6,6,3,13.971652
source-fixed_overflow-06,c,fixed_overflow,True,accepted,accepted,18,54,0,0,7,7,2,15.154463
source-fixed_overflow-07,c,fixed_overflow,True,accepted,accepted,18,54,0,0,6,6,3,14.023196
source-fixed_overflow-08,c,fixed_overflow,True,accepted,accepted,18,54,0,0,7,7,2,14.860595
source-fixed_overflow-09,c,fixed_overflow,True,accepted,accepted,18,54,0,0,6,6,3,13.851384
source-access_control-00,solidity,access_control,True,accepted,accepted,12,36,0,0,2,2,4,9.944261
source-access_control-01,solidity,access_control,True,accepted,accepted,12,36,0,0,2,2,4,10.082514
source-access_control-02,solidity,access_control,True,accepted,accepted,12,36,0,0,2,2,4,10.006269
source-access_control-03,solidity,access_control,True,accepted,accepted,12,36,0,0,2,2,4,10.104843
source-access_control-04,solidity,access_control,True,accepted,accepted,12,36,0,0,2,2,4,9.950554
source-access_control-05,solidity,access_control,True,accepted,accepted,12,36,0,0,2,2,4,10.04147
source-access_control-06,solidity,access_control,True,accepted,accepted,12,36,0,0,2,2,4,10.087296
source-access_control-07,solidity,access_control,True,accepted,accepted,12,36,0,0,2,2,4,9.960061
source-access_control-08,solidity,access_control,True,accepted,accepted,12,36,0,0,2,2,4,10.029888
source-access_control-09,solidity,access_control,True,accepted,accepted,12,36,0,0,2,2,4,10.140216
source-reentrancy-00,solidity,reentrancy,True,accepted,accepted,8,24,0,0,2,2,2,8.777464
source-reentrancy-01,solidity,reentrancy,True,accepted,accepted,8,24,0,0,2,2,2,8.706943
source-reentrancy-02,solidity,reentrancy,True,accepted,accepted,8,24,0,0,2,2,2,8.770472
source-reentrancy-03,solidity,reentrancy,True,accepted,accepted,8,24,0,0,2,2,2,8.739402
source-reentrancy-04,solidity,reentrancy,True,accepted,accepted,8,24,0,0,2,2,2,8.687723
source-reentrancy-05,solidity,reentrancy,True,accepted,accepted,8,24,0,0,2,2,2,8.714947
source-reentrancy-06,solidity,reentrancy,True,accepted,accepted,8,24,0,0,2,2,2,8.661032
source-reentrancy-07,solidity,reentrancy,True,accepted,accepted,8,24,0,0,2,2,2,8.721176
source-reentrancy-08,solidity,reentrancy,True,accepted,accepted,8,24,0,0,2,2,2,8.680726
source-reentrancy-09,solidity,reentrancy,True,accepted,accepted,8,24,0,0,2,2,2,8.730831
source-unchecked_call-00,solidity,unchecked_call,True,accepted,accepted,8,24,0,0,2,2,2,7.658407
source-unchecked_call-01,solidity,unchecked_call,True,accepted,accepted,8,24,0,0,2,2,2,7.590714
source-unchecked_call-02,solidity,unchecked_call,True,accepted,accepted,8,24,0,0,2,2,2,7.739267
source-unchecked_call-03,solidity,unchecked_call,True,accepted,accepted,8,24,0,0,2,2,2,7.639043
source-unchecked_call-04,solidity,unchecked_call,True,accepted,accepted,8,24,0,0,2,2,2,7.628335
source-unchecked_call-05,solidity,unchecked_call,True,accepted,accepted,8,24,0,0,2,2,2,7.608536
source-unchecked_call-06,solidity,unchecked_call,True,accepted,accepted,8,24,0,0,2,2,2,7.741282
source-unchecked_call-07,solidity,unchecked_call,True,accepted,accepted,8,24,0,0,2,2,2,7.606687
source-unchecked_call-08,solidity,unchecked_call,True,accepted,accepted,8,24,0,0,2,2,2,7.56644
source-unchecked_call-09,solidity,unchecked_call,True,accepted,accepted,8,24,0,0,2,2,2,7.588979
