family,control,expected_reason,expected_pair_reason,accepted,actual_reason,actual_pair_reason,detected
access_control,wrong-source-family,source-certificate-family-mismatch,none,False,source-certificate-family-mismatch,none,True
access_control,wrong-source-profile,source-certificate-profile-mismatch,none,False,source-certificate-profile-mismatch,none,True
access_control,wrong-source-language,source-certificate-language-mismatch,none,False,source-certificate-language-mismatch,none,True
access_control,source-endpoint-substitution,source-certificate-pair-mismatch,none,False,source-certificate-pair-mismatch,none,True
access_control,compiled-ir-substitution,source-ir-mismatch,none,False,source-ir-mismatch,none,True
access_control,duplicate-source-declaration,source-parse-or-admission-error,none,False,source-parse-or-admission-error,none,True
access_control,extra-root-source-edit,source-pair-rejected,root-repair-mismatch,False,source-pair-rejected,root-repair-mismatch,True
access_control,pair-witness-substitution,source-pair-rejected,contradictory-witness,False,source-pair-rejected,contradictory-witness,True
access_control,source-execution-type-error,source-execution-error,none,False,source-execution-error,none,True
bounds_write,wrong-source-family,source-certificate-family-mismatch,none,False,source-certificate-family-mismatch,none,True
bounds_write,wrong-source-profile,source-certificate-profile-mismatch,none,False,source-certificate-profile-mismatch,none,True
bounds_write,wrong-source-language,source-certificate-language-mismatch,none,False,source-certificate-language-mismatch,none,True
bounds_write,source-endpoint-substitution,source-certificate-pair-mismatch,none,False,source-certificate-pair-mismatch,none,True
bounds_write,compiled-ir-substitution,source-ir-mismatch,none,False,source-ir-mismatch,none,True
bounds_write,duplicate-source-declaration,source-parse-or-admission-error,none,False,source-parse-or-admission-error,none,True
bounds_write,extra-root-source-edit,source-pair-rejected,root-repair-mismatch,False,source-pair-rejected,root-repair-mismatch,True
bounds_write,pair-witness-substitution,source-pair-rejected,contradictory-witness,False,source-pair-rejected,contradictory-witness,True
bounds_write,source-execution-type-error,source-execution-error,none,False,source-execution-error,none,True
bounds_write,pre-root-abort-only-safe-partition,source-pair-rejected,missing-productive-safe-input,False,source-pair-rejected,missing-productive-safe-input,True
divide_zero,wrong-source-family,source-certificate-family-mismatch,none,False,source-certificate-family-mismatch,none,True
divide_zero,wrong-source-profile,source-certificate-profile-mismatch,none,False,source-certificate-profile-mismatch,none,True
divide_zero,wrong-source-language,source-certificate-language-mismatch,none,False,source-certificate-language-mismatch,none,True
divide_zero,source-endpoint-substitution,source-certificate-pair-mismatch,none,False,source-certificate-pair-mismatch,none,True
divide_zero,compiled-ir-substitution,source-ir-mismatch,none,False,source-ir-mismatch,none,True
divide_zero,duplicate-source-declaration,source-parse-or-admission-error,none,False,source-parse-or-admission-error,none,True
divide_zero,extra-root-source-edit,source-pair-rejected,root-repair-mismatch,False,source-pair-rejected,root-repair-mismatch,True
divide_zero,pair-witness-substitution,source-pair-rejected,contradictory-witness,False,source-pair-rejected,contradictory-witness,True
divide_zero,source-execution-type-error,source-execution-error,none,False,source-execution-error,none,True
fixed_overflow,wrong-source-family,source-certificate-family-mismatch,none,False,source-certificate-family-mismatch,none,True
fixed_overflow,wrong-source-profile,source-certificate-profile-mismatch,none,False,source-certificate-profile-mismatch,none,True
fixed_overflow,wrong-source-language,source-certificate-language-mismatch,none,False,source-certificate-language-mismatch,none,True
fixed_overflow,source-endpoint-substitution,source-certificate-pair-mismatch,none,False,source-certificate-pair-mismatch,none,True
fixed_overflow,compiled-ir-substitution,source-ir-mismatch,none,False,source-ir-mismatch,none,True
fixed_overflow,duplicate-source-declaration,source-parse-or-admission-error,none,False,source-parse-or-admission-error,none,True
fixed_overflow,extra-root-source-edit,source-pair-rejected,root-repair-mismatch,False,source-pair-rejected,root-repair-mismatch,True
fixed_overflow,pair-witness-substitution,source-pair-rejected,contradictory-witness,False,source-pair-rejected,contradictory-witness,True
fixed_overflow,source-execution-type-error,source-execution-error,none,False,source-execution-error,none,True
reentrancy,wrong-source-family,source-certificate-family-mismatch,none,False,source-certificate-family-mismatch,none,True
reentrancy,wrong-source-profile,source-certificate-profile-mismatch,none,False,source-certificate-profile-mismatch,none,True
reentrancy,wrong-source-language,source-certificate-language-mismatch,none,False,source-certificate-language-mismatch,none,True
reentrancy,source-endpoint-substitution,source-certificate-pair-mismatch,none,False,source-certificate-pair-mismatch,none,True
reentrancy,compiled-ir-substitution,source-ir-mismatch,none,False,source-ir-mismatch,none,True
reentrancy,duplicate-source-declaration,source-parse-or-admission-error,none,False,source-parse-or-admission-error,none,True
reentrancy,extra-root-source-edit,source-pair-rejected,root-repair-mismatch,False,source-pair-rejected,root-repair-mismatch,True
reentrancy,pair-witness-substitution,source-pair-rejected,contradictory-witness,False,source-pair-rejected,contradictory-witness,True
reentrancy,source-execution-type-error,source-execution-error,none,False,source-execution-error,none,True
unchecked_call,wrong-source-family,source-certificate-family-mismatch,none,False,source-certificate-family-mismatch,none,True
unchecked_call,wrong-source-profile,source-certificate-profile-mismatch,none,False,source-certificate-profile-mismatch,none,True
unchecked_call,wrong-source-language,source-certificate-language-mismatch,none,False,source-certificate-language-mismatch,none,True
unchecked_call,source-endpoint-substitution,source-certificate-pair-mismatch,none,False,source-certificate-pair-mismatch,none,True
unchecked_call,compiled-ir-substitution,source-ir-mismatch,none,False,source-ir-mismatch,none,True
unchecked_call,duplicate-source-declaration,source-parse-or-admission-error,none,False,source-parse-or-admission-error,none,True
unchecked_call,extra-root-source-edit,source-pair-rejected,root-repair-mismatch,False,source-pair-rejected,root-repair-mismatch,True
unchecked_call,pair-witness-substitution,source-pair-rejected,contradictory-witness,False,source-pair-rejected,contradictory-witness,True
unchecked_call,source-execution-type-error,source-execution-error,none,False,source-execution-error,none,True
