case,family,wrapper,core_valuations,context_valuations,core_executions,full_endpoint_executions,accepted,oracle_semantic_relation,oracle_security_invariant,oracle_monitor_consistent,oracle_defined,relation_preconditions,repair_membership_precondition,full_contract_classification,functional_variation,reference_comparisons,reference_mismatches,certificate_bytes,allocation_upper_bound,generation_ms,verification_ms,factored_audit_accepted,factored_audit_core_executions,factored_audit_ms
bounds_write-wrapper-0,bounds_write,0,8,16,16,256,True,True,True,True,True,True,True,True,True,256,0,3822,90156,2.280893,5.862175,True,16,4.664743
bounds_write-wrapper-1,bounds_write,1,8,16,16,256,True,True,True,True,True,True,True,True,True,256,0,3822,90172,2.503395,6.060655,True,16,5.092202
bounds_write-wrapper-2,bounds_write,2,8,16,16,256,True,True,True,True,True,True,True,True,True,256,0,3822,90164,2.186639,6.085372,True,16,5.265166
bounds_write-wrapper-3,bounds_write,3,8,16,16,256,True,True,True,True,True,True,True,True,True,256,0,3822,90156,2.031599,5.639324,True,16,4.726401
bounds_write-wrapper-4,bounds_write,4,8,16,16,256,True,True,True,True,True,True,True,True,True,256,0,3822,90172,2.303585,6.693344,True,16,5.076994
bounds_write-wrapper-5,bounds_write,5,8,16,16,256,True,True,True,True,True,True,True,True,True,256,0,3822,90164,2.168481,5.824798,True,16,4.88435
divide_zero-wrapper-0,divide_zero,0,12,16,24,384,True,True,True,True,True,True,True,True,True,384,0,6187,49185,2.600324,7.295393,True,24,6.013023
divide_zero-wrapper-1,divide_zero,1,12,16,24,384,True,True,True,True,True,True,True,True,True,384,0,6187,49201,2.858245,7.575806,True,24,6.564725
divide_zero-wrapper-2,divide_zero,2,12,16,24,384,True,True,True,True,True,True,True,True,True,384,0,6187,49193,2.704046,7.517653,True,24,6.170239
divide_zero-wrapper-3,divide_zero,3,12,16,24,384,True,True,True,True,True,True,True,True,True,384,0,6187,49185,4.954024,12.562735,True,24,6.068395
divide_zero-wrapper-4,divide_zero,4,12,16,24,384,True,True,True,True,True,True,True,True,True,384,0,6187,49201,2.829898,7.540757,True,24,6.52237
divide_zero-wrapper-5,divide_zero,5,12,16,24,384,True,True,True,True,True,True,True,True,True,384,0,6187,49193,2.697688,7.531408,True,24,6.286554
fixed_overflow-wrapper-0,fixed_overflow,0,9,16,18,288,True,True,True,True,True,True,True,True,True,288,0,4334,65569,2.77664,5.942063,True,18,4.962579
fixed_overflow-wrapper-1,fixed_overflow,1,9,16,18,288,True,True,True,True,True,True,True,True,True,288,0,4334,65585,2.937681,7.614266,True,18,5.578531
fixed_overflow-wrapper-2,fixed_overflow,2,9,16,18,288,True,True,True,True,True,True,True,True,True,288,0,4334,65577,2.894817,5.975343,True,18,5.02284
fixed_overflow-wrapper-3,fixed_overflow,3,9,16,18,288,True,True,True,True,True,True,True,True,True,288,0,4334,65569,2.712314,5.807123,True,18,5.18139
fixed_overflow-wrapper-4,fixed_overflow,4,9,16,18,288,True,True,True,True,True,True,True,True,True,288,0,4334,65585,3.005888,6.185842,True,18,5.28975
fixed_overflow-wrapper-5,fixed_overflow,5,9,16,18,288,True,True,True,True,True,True,True,True,True,288,0,4334,65577,2.852755,5.997374,True,18,5.076056
access_control-wrapper-0,access_control,0,6,16,12,192,True,True,True,True,True,True,True,True,True,192,0,3274,57379,2.069355,4.05397,True,12,3.407009
access_control-wrapper-1,access_control,1,6,16,12,192,True,True,True,True,True,True,True,True,True,192,0,3274,57395,2.302944,4.542675,True,12,3.697662
access_control-wrapper-2,access_control,2,6,16,12,192,True,True,True,True,True,True,True,True,True,192,0,3274,57387,2.160624,4.179016,True,12,3.536051
access_control-wrapper-3,access_control,3,6,16,12,192,True,True,True,True,True,True,True,True,True,192,0,3274,57379,2.023109,4.0673,True,12,3.3688
access_control-wrapper-4,access_control,4,6,16,12,192,True,True,True,True,True,True,True,True,True,192,0,3274,57395,3.71788,6.474488,True,12,3.699164
access_control-wrapper-5,access_control,5,6,16,12,192,True,True,True,True,True,True,True,True,True,192,0,3274,57387,2.131145,4.192747,True,12,3.485006
reentrancy-wrapper-0,reentrancy,0,4,16,8,128,True,True,True,True,True,True,True,True,True,128,0,3021,32808,2.043292,3.783327,True,8,3.169305
reentrancy-wrapper-1,reentrancy,1,4,16,8,128,True,True,True,True,True,True,True,True,True,128,0,3021,32824,2.257189,4.20797,True,8,3.530083
reentrancy-wrapper-2,reentrancy,2,4,16,8,128,True,True,True,True,True,True,True,True,True,128,0,3021,32816,2.145199,3.913357,True,8,3.332667
reentrancy-wrapper-3,reentrancy,3,4,16,8,128,True,True,True,True,True,True,True,True,True,128,0,3021,32808,2.055412,3.840458,True,8,3.166177
reentrancy-wrapper-4,reentrancy,4,4,16,8,128,True,True,True,True,True,True,True,True,True,128,0,3021,32824,2.365509,4.102468,True,8,3.503655
reentrancy-wrapper-5,reentrancy,5,4,16,8,128,True,True,True,True,True,True,True,True,True,128,0,3021,32816,2.432342,4.032854,True,8,3.344664
unchecked_call-wrapper-0,unchecked_call,0,4,16,8,128,True,True,True,True,True,True,True,True,True,128,0,2450,24610,1.647559,3.143863,True,8,2.620547
unchecked_call-wrapper-1,unchecked_call,1,4,16,8,128,True,True,True,True,True,True,True,True,True,128,0,2450,24626,1.87801,3.468759,True,8,2.987589
unchecked_call-wrapper-2,unchecked_call,2,4,16,8,128,True,True,True,True,True,True,True,True,True,128,0,2450,24618,1.769593,3.260509,True,8,2.760873
unchecked_call-wrapper-3,unchecked_call,3,4,16,8,128,True,True,True,True,True,True,True,True,True,128,0,2450,24610,1.611963,3.110832,True,8,2.582153
unchecked_call-wrapper-4,unchecked_call,4,4,16,8,128,True,True,True,True,True,True,True,True,True,128,0,2450,24626,1.884838,3.485131,True,8,2.989058
unchecked_call-wrapper-5,unchecked_call,5,4,16,8,128,True,True,True,True,True,True,True,True,True,128,0,2450,24618,1.770471,3.2738,True,8,2.824515
