family,nuisance_dimensions,core_valuations,context_valuations,core_executions,represented_endpoint_executions,transport_trial_1_ms,transport_trial_2_ms,transport_trial_3_ms,verification_ms,certificate_bytes,relation_preconditions,repair_membership_precondition,direct_endpoint_executions,direct_oracle_ms,direct_oracle_semantic_relation,direct_oracle_security_invariant,direct_oracle_monitor_consistent,direct_oracle_contract_pass,direct_oracle_status
bounds_write,0,8,1,16,16,4.905998,4.899643,4.899029,4.899643,3822,True,True,16,1.531132,True,True,True,True,exhaustive
bounds_write,2,8,4,16,64,5.247048,5.168989,5.191908,5.191908,3822,True,True,64,7.551519,True,True,True,True,exhaustive
bounds_write,4,8,16,16,256,5.47977,5.438177,5.586398,5.47977,3822,True,True,256,35.874194,True,True,True,True,exhaustive
bounds_write,6,8,64,16,1024,5.764477,5.733697,5.71871,5.733697,3822,True,True,1024,166.017871,True,True,True,True,exhaustive
bounds_write,8,8,256,16,4096,6.059777,5.977549,6.00578,6.00578,3822,True,True,4096,744.852315,True,True,True,True,exhaustive
bounds_write,10,8,1024,16,16384,6.274899,6.293428,6.285184,6.285184,3822,True,True,16384,3334.101178,True,True,True,True,exhaustive
bounds_write,20,8,1048576,16,16777216,7.769151,7.700082,7.69054,7.700082,3822,True,True,0,,,,,,not-run-symbolic-only
divide_zero,0,12,1,24,24,6.452289,6.504289,6.482113,6.482113,6187,True,True,24,1.841254,True,True,True,True,exhaustive
divide_zero,2,12,4,24,96,6.809937,6.795948,6.926421,6.809937,6187,True,True,96,9.165997,True,True,True,True,exhaustive
divide_zero,4,12,16,24,384,7.123555,7.10432,7.151108,7.123555,6187,True,True,384,44.11412,True,True,True,True,exhaustive
divide_zero,6,12,64,24,1536,7.389259,7.322474,7.341673,7.341673,6187,True,True,1536,206.127886,True,True,True,True,exhaustive
divide_zero,8,12,256,24,6144,7.65051,7.622559,7.643993,7.643993,6187,True,True,6144,949.902321,True,True,True,True,exhaustive
divide_zero,10,12,1024,24,24576,7.905596,7.873232,7.928861,7.905596,6187,True,True,24576,4285.6598,True,True,True,True,exhaustive
divide_zero,20,12,1048576,24,25165824,9.343285,9.308633,9.364433,9.343285,6187,True,True,0,,,,,,not-run-symbolic-only
fixed_overflow,0,9,1,18,18,5.236943,5.147415,5.241447,5.236943,4334,True,True,18,1.429056,True,True,True,True,exhaustive
fixed_overflow,2,9,4,18,72,5.449123,5.714709,5.518497,5.518497,4334,True,True,72,7.243048,True,True,True,True,exhaustive
fixed_overflow,4,9,16,18,288,5.80464,5.712985,5.751882,5.751882,4334,True,True,288,35.316177,True,True,True,True,exhaustive
fixed_overflow,6,9,64,18,1152,5.961428,6.235583,5.966939,5.966939,4334,True,True,1152,163.820824,True,True,True,True,exhaustive
fixed_overflow,8,9,256,18,4608,6.301022,6.276104,6.273603,6.276104,4334,True,True,4608,751.069513,True,True,True,True,exhaustive
fixed_overflow,10,9,1024,18,18432,6.574602,6.584513,6.559946,6.574602,4334,True,True,18432,3436.383233,True,True,True,True,exhaustive
fixed_overflow,20,9,1048576,18,18874368,7.926057,7.912844,7.922817,7.922817,4334,True,True,0,,,,,,not-run-symbolic-only
access_control,0,6,1,12,12,3.441037,3.494663,3.473157,3.473157,3274,True,True,12,0.958705,True,True,True,True,exhaustive
access_control,2,6,4,12,48,3.871247,3.735567,3.74202,3.74202,3274,True,True,48,4.86168,True,True,True,True,exhaustive
access_control,4,6,16,12,192,4.299765,3.990974,3.97959,3.990974,3274,True,True,192,23.539705,True,True,True,True,exhaustive
access_control,6,6,64,12,768,4.252678,4.446135,4.265816,4.265816,3274,True,True,768,111.478497,True,True,True,True,exhaustive
access_control,8,6,256,12,3072,4.522482,4.501882,4.502945,4.502945,3274,True,True,3072,516.812246,True,True,True,True,exhaustive
access_control,10,6,1024,12,12288,4.823092,4.795065,4.857725,4.823092,3274,True,True,12288,2324.797693,True,True,True,True,exhaustive
access_control,20,6,1048576,12,12582912,6.272942,6.292423,6.133438,6.272942,3274,True,True,0,,,,,,not-run-symbolic-only
reentrancy,0,4,1,8,8,3.161471,3.153809,3.1263,3.153809,3021,True,True,8,0.983024,True,True,True,True,exhaustive
reentrancy,2,4,4,8,32,3.455718,3.437845,3.430037,3.437845,3021,True,True,32,4.853599,True,True,True,True,exhaustive
reentrancy,4,4,16,8,128,3.692042,3.732908,3.693892,3.693892,3021,True,True,128,22.476303,True,True,True,True,exhaustive
reentrancy,6,4,64,8,512,3.971564,3.971426,3.94939,3.971426,3021,True,True,512,103.966253,True,True,True,True,exhaustive
reentrancy,8,4,256,8,2048,4.247018,4.225795,4.253404,4.247018,3021,True,True,2048,472.556309,True,True,True,True,exhaustive
reentrancy,10,4,1024,8,8192,4.645744,4.560528,4.495998,4.560528,3021,True,True,8192,2121.713185,True,True,True,True,exhaustive
reentrancy,20,4,1048576,8,8388608,5.887125,5.907006,5.850199,5.887125,3021,True,True,0,,,,,,not-run-symbolic-only
unchecked_call,0,4,1,8,8,2.523068,2.496021,2.514327,2.514327,2450,True,True,8,0.744055,True,True,True,True,exhaustive
unchecked_call,2,4,4,8,32,2.814424,2.818743,2.78897,2.814424,2450,True,True,32,3.842,True,True,True,True,exhaustive
unchecked_call,4,4,16,8,128,3.09672,3.080146,3.096269,3.096269,2450,True,True,128,18.501111,True,True,True,True,exhaustive
unchecked_call,6,4,64,8,512,3.351607,3.349078,3.345132,3.349078,2450,True,True,512,88.152721,True,True,True,True,exhaustive
unchecked_call,8,4,256,8,2048,3.767372,3.617729,3.620179,3.620179,2450,True,True,2048,410.240845,True,True,True,True,exhaustive
unchecked_call,10,4,1024,8,8192,3.879619,3.876471,3.943154,3.879619,2450,True,True,8192,1881.577481,True,True,True,True,exhaustive
unchecked_call,20,4,1048576,8,8388608,5.234042,5.207125,5.27988,5.234042,2450,True,True,0,,,,,,not-run-symbolic-only
