family,case,direct_accept,certificate_accept,certificate_reason
access_control,wrong-certificate-family,True,False,certificate-family-mismatch
access_control,wrong-certificate-repair,True,False,certificate-repair-mismatch
access_control,contradictory-witness,True,False,contradictory-witness
access_control,certificate-endpoint-substitution,True,False,certificate-pair-mismatch
access_control,endpoint-id-convention,True,False,certificate-pair-mismatch
access_control,certificate-witness-out-of-domain,True,False,certificate-witness-out-of-domain
bounds_write,wrong-certificate-family,True,False,certificate-family-mismatch
bounds_write,wrong-certificate-repair,True,False,certificate-repair-mismatch
bounds_write,contradictory-witness,True,False,contradictory-witness
bounds_write,certificate-endpoint-substitution,True,False,certificate-pair-mismatch
bounds_write,endpoint-id-convention,True,False,certificate-pair-mismatch
bounds_write,certificate-witness-out-of-domain,True,False,certificate-witness-out-of-domain
divide_zero,wrong-certificate-family,True,False,certificate-family-mismatch
divide_zero,wrong-certificate-repair,True,False,certificate-repair-mismatch
divide_zero,contradictory-witness,True,False,contradictory-witness
divide_zero,certificate-endpoint-substitution,True,False,certificate-pair-mismatch
divide_zero,endpoint-id-convention,True,False,certificate-pair-mismatch
divide_zero,certificate-witness-out-of-domain,True,False,certificate-witness-out-of-domain
fixed_overflow,wrong-certificate-family,True,False,certificate-family-mismatch
fixed_overflow,wrong-certificate-repair,True,False,certificate-repair-mismatch
fixed_overflow,contradictory-witness,True,False,contradictory-witness
fixed_overflow,certificate-endpoint-substitution,True,False,certificate-pair-mismatch
fixed_overflow,endpoint-id-convention,True,False,certificate-pair-mismatch
fixed_overflow,certificate-witness-out-of-domain,True,False,certificate-witness-out-of-domain
reentrancy,wrong-certificate-family,True,False,certificate-family-mismatch
reentrancy,wrong-certificate-repair,True,False,certificate-repair-mismatch
reentrancy,contradictory-witness,True,False,contradictory-witness
reentrancy,certificate-endpoint-substitution,True,False,certificate-pair-mismatch
reentrancy,endpoint-id-convention,True,False,certificate-pair-mismatch
reentrancy,certificate-witness-out-of-domain,True,False,certificate-witness-out-of-domain
unchecked_call,wrong-certificate-family,True,False,certificate-family-mismatch
unchecked_call,wrong-certificate-repair,True,False,certificate-repair-mismatch
unchecked_call,contradictory-witness,True,False,contradictory-witness
unchecked_call,certificate-endpoint-substitution,True,False,certificate-pair-mismatch
unchecked_call,endpoint-id-convention,True,False,certificate-pair-mismatch
unchecked_call,certificate-witness-out-of-domain,True,False,certificate-witness-out-of-domain
