record,endpoint,input,evaluator,expected,actual,matched
NIST-SARD-62684,vulnerable,"{""idx"": 0, ""value"": 0}",producer,"{""aborted"": false, ""events"": [[""effect"", 0]], ""public_state"": [[""buffer"", [0, 0, 0, 0, 0, 0, 0, 0, 0, 0]]], ""returned"": 0, ""violation"": null}","{""aborted"": false, ""events"": [[""effect"", 0]], ""public_state"": [[""buffer"", [0, 0, 0, 0, 0, 0, 0, 0, 0, 0]]], ""returned"": 0, ""violation"": null}",True
NIST-SARD-62684,vulnerable,"{""idx"": 0, ""value"": 0}",checker,"{""aborted"": false, ""events"": [[""effect"", 0]], ""public_state"": [[""buffer"", [0, 0, 0, 0, 0, 0, 0, 0, 0, 0]]], ""returned"": 0, ""violation"": null}","{""aborted"": false, ""events"": [[""effect"", 0]], ""public_state"": [[""buffer"", [0, 0, 0, 0, 0, 0, 0, 0, 0, 0]]], ""returned"": 0, ""violation"": null}",True
NIST-SARD-62684,vulnerable,"{""idx"": 0, ""value"": 1}",producer,"{""aborted"": false, ""events"": [[""effect"", 0]], ""public_state"": [[""buffer"", [1, 0, 0, 0, 0, 0, 0, 0, 0, 0]]], ""returned"": 0, ""violation"": null}","{""aborted"": false, ""events"": [[""effect"", 0]], ""public_state"": [[""buffer"", [1, 0, 0, 0, 0, 0, 0, 0, 0, 0]]], ""returned"": 0, ""violation"": null}",True
NIST-SARD-62684,vulnerable,"{""idx"": 0, ""value"": 1}",checker,"{""aborted"": false, ""events"": [[""effect"", 0]], ""public_state"": [[""buffer"", [1, 0, 0, 0, 0, 0, 0, 0, 0, 0]]], ""returned"": 0, ""violation"": null}","{""aborted"": false, ""events"": [[""effect"", 0]], ""public_state"": [[""buffer"", [1, 0, 0, 0, 0, 0, 0, 0, 0, 0]]], ""returned"": 0, ""violation"": null}",True
NIST-SARD-62684,vulnerable,"{""idx"": 9, ""value"": 0}",producer,"{""aborted"": false, ""events"": [[""effect"", 0]], ""public_state"": [[""buffer"", [0, 0, 0, 0, 0, 0, 0, 0, 0, 0]]], ""returned"": 0, ""violation"": null}","{""aborted"": false, ""events"": [[""effect"", 0]], ""public_state"": [[""buffer"", [0, 0, 0, 0, 0, 0, 0, 0, 0, 0]]], ""returned"": 0, ""violation"": null}",True
NIST-SARD-62684,vulnerable,"{""idx"": 9, ""value"": 0}",checker,"{""aborted"": false, ""events"": [[""effect"", 0]], ""public_state"": [[""buffer"", [0, 0, 0, 0, 0, 0, 0, 0, 0, 0]]], ""returned"": 0, ""violation"": null}","{""aborted"": false, ""events"": [[""effect"", 0]], ""public_state"": [[""buffer"", [0, 0, 0, 0, 0, 0, 0, 0, 0, 0]]], ""returned"": 0, ""violation"": null}",True
NIST-SARD-62684,vulnerable,"{""idx"": 9, ""value"": 1}",producer,"{""aborted"": false, ""events"": [[""effect"", 0]], ""public_state"": [[""buffer"", [0, 0, 0, 0, 0, 0, 0, 0, 0, 1]]], ""returned"": 0, ""violation"": null}","{""aborted"": false, ""events"": [[""effect"", 0]], ""public_state"": [[""buffer"", [0, 0, 0, 0, 0, 0, 0, 0, 0, 1]]], ""returned"": 0, ""violation"": null}",True
NIST-SARD-62684,vulnerable,"{""idx"": 9, ""value"": 1}",checker,"{""aborted"": false, ""events"": [[""effect"", 0]], ""public_state"": [[""buffer"", [0, 0, 0, 0, 0, 0, 0, 0, 0, 1]]], ""returned"": 0, ""violation"": null}","{""aborted"": false, ""events"": [[""effect"", 0]], ""public_state"": [[""buffer"", [0, 0, 0, 0, 0, 0, 0, 0, 0, 1]]], ""returned"": 0, ""violation"": null}",True
NIST-SARD-62684,vulnerable,"{""idx"": 10, ""value"": 0}",producer,"{""aborted"": false, ""events"": [], ""public_state"": [[""buffer"", [0, 0, 0, 0, 0, 0, 0, 0, 0, 0]]], ""returned"": null, ""violation"": ""OOB_WRITE""}","{""aborted"": false, ""events"": [], ""public_state"": [[""buffer"", [0, 0, 0, 0, 0, 0, 0, 0, 0, 0]]], ""returned"": null, ""violation"": ""OOB_WRITE""}",True
NIST-SARD-62684,vulnerable,"{""idx"": 10, ""value"": 0}",checker,"{""aborted"": false, ""events"": [], ""public_state"": [[""buffer"", [0, 0, 0, 0, 0, 0, 0, 0, 0, 0]]], ""returned"": null, ""violation"": ""OOB_WRITE""}","{""aborted"": false, ""events"": [], ""public_state"": [[""buffer"", [0, 0, 0, 0, 0, 0, 0, 0, 0, 0]]], ""returned"": null, ""violation"": ""OOB_WRITE""}",True
NIST-SARD-62684,vulnerable,"{""idx"": 10, ""value"": 1}",producer,"{""aborted"": false, ""events"": [], ""public_state"": [[""buffer"", [0, 0, 0, 0, 0, 0, 0, 0, 0, 0]]], ""returned"": null, ""violation"": ""OOB_WRITE""}","{""aborted"": false, ""events"": [], ""public_state"": [[""buffer"", [0, 0, 0, 0, 0, 0, 0, 0, 0, 0]]], ""returned"": null, ""violation"": ""OOB_WRITE""}",True
NIST-SARD-62684,vulnerable,"{""idx"": 10, ""value"": 1}",checker,"{""aborted"": false, ""events"": [], ""public_state"": [[""buffer"", [0, 0, 0, 0, 0, 0, 0, 0, 0, 0]]], ""returned"": null, ""violation"": ""OOB_WRITE""}","{""aborted"": false, ""events"": [], ""public_state"": [[""buffer"", [0, 0, 0, 0, 0, 0, 0, 0, 0, 0]]], ""returned"": null, ""violation"": ""OOB_WRITE""}",True
NIST-SARD-62684,vulnerable,"{""idx"": 11, ""value"": 0}",producer,"{""aborted"": false, ""events"": [], ""public_state"": [[""buffer"", [0, 0, 0, 0, 0, 0, 0, 0, 0, 0]]], ""returned"": null, ""violation"": ""OOB_WRITE""}","{""aborted"": false, ""events"": [], ""public_state"": [[""buffer"", [0, 0, 0, 0, 0, 0, 0, 0, 0, 0]]], ""returned"": null, ""violation"": ""OOB_WRITE""}",True
NIST-SARD-62684,vulnerable,"{""idx"": 11, ""value"": 0}",checker,"{""aborted"": false, ""events"": [], ""public_state"": [[""buffer"", [0, 0, 0, 0, 0, 0, 0, 0, 0, 0]]], ""returned"": null, ""violation"": ""OOB_WRITE""}","{""aborted"": false, ""events"": [], ""public_state"": [[""buffer"", [0, 0, 0, 0, 0, 0, 0, 0, 0, 0]]], ""returned"": null, ""violation"": ""OOB_WRITE""}",True
NIST-SARD-62684,vulnerable,"{""idx"": 11, ""value"": 1}",producer,"{""aborted"": false, ""events"": [], ""public_state"": [[""buffer"", [0, 0, 0, 0, 0, 0, 0, 0, 0, 0]]], ""returned"": null, ""violation"": ""OOB_WRITE""}","{""aborted"": false, ""events"": [], ""public_state"": [[""buffer"", [0, 0, 0, 0, 0, 0, 0, 0, 0, 0]]], ""returned"": null, ""violation"": ""OOB_WRITE""}",True
NIST-SARD-62684,vulnerable,"{""idx"": 11, ""value"": 1}",checker,"{""aborted"": false, ""events"": [], ""public_state"": [[""buffer"", [0, 0, 0, 0, 0, 0, 0, 0, 0, 0]]], ""returned"": null, ""violation"": ""OOB_WRITE""}","{""aborted"": false, ""events"": [], ""public_state"": [[""buffer"", [0, 0, 0, 0, 0, 0, 0, 0, 0, 0]]], ""returned"": null, ""violation"": ""OOB_WRITE""}",True
NIST-SARD-62684,patched,"{""idx"": 0, ""value"": 0}",producer,"{""aborted"": false, ""events"": [[""effect"", 0]], ""public_state"": [[""buffer"", [0, 0, 0, 0, 0, 0, 0, 0, 0, 0]]], ""returned"": 0, ""violation"": null}","{""aborted"": false, ""events"": [[""effect"", 0]], ""public_state"": [[""buffer"", [0, 0, 0, 0, 0, 0, 0, 0, 0, 0]]], ""returned"": 0, ""violation"": null}",True
NIST-SARD-62684,patched,"{""idx"": 0, ""value"": 0}",checker,"{""aborted"": false, ""events"": [[""effect"", 0]], ""public_state"": [[""buffer"", [0, 0, 0, 0, 0, 0, 0, 0, 0, 0]]], ""returned"": 0, ""violation"": null}","{""aborted"": false, ""events"": [[""effect"", 0]], ""public_state"": [[""buffer"", [0, 0, 0, 0, 0, 0, 0, 0, 0, 0]]], ""returned"": 0, ""violation"": null}",True
NIST-SARD-62684,patched,"{""idx"": 0, ""value"": 1}",producer,"{""aborted"": false, ""events"": [[""effect"", 0]], ""public_state"": [[""buffer"", [1, 0, 0, 0, 0, 0, 0, 0, 0, 0]]], ""returned"": 0, ""violation"": null}","{""aborted"": false, ""events"": [[""effect"", 0]], ""public_state"": [[""buffer"", [1, 0, 0, 0, 0, 0, 0, 0, 0, 0]]], ""returned"": 0, ""violation"": null}",True
NIST-SARD-62684,patched,"{""idx"": 0, ""value"": 1}",checker,"{""aborted"": false, ""events"": [[""effect"", 0]], ""public_state"": [[""buffer"", [1, 0, 0, 0, 0, 0, 0, 0, 0, 0]]], ""returned"": 0, ""violation"": null}","{""aborted"": false, ""events"": [[""effect"", 0]], ""public_state"": [[""buffer"", [1, 0, 0, 0, 0, 0, 0, 0, 0, 0]]], ""returned"": 0, ""violation"": null}",True
NIST-SARD-62684,patched,"{""idx"": 9, ""value"": 0}",producer,"{""aborted"": false, ""events"": [[""effect"", 0]], ""public_state"": [[""buffer"", [0, 0, 0, 0, 0, 0, 0, 0, 0, 0]]], ""returned"": 0, ""violation"": null}","{""aborted"": false, ""events"": [[""effect"", 0]], ""public_state"": [[""buffer"", [0, 0, 0, 0, 0, 0, 0, 0, 0, 0]]], ""returned"": 0, ""violation"": null}",True
NIST-SARD-62684,patched,"{""idx"": 9, ""value"": 0}",checker,"{""aborted"": false, ""events"": [[""effect"", 0]], ""public_state"": [[""buffer"", [0, 0, 0, 0, 0, 0, 0, 0, 0, 0]]], ""returned"": 0, ""violation"": null}","{""aborted"": false, ""events"": [[""effect"", 0]], ""public_state"": [[""buffer"", [0, 0, 0, 0, 0, 0, 0, 0, 0, 0]]], ""returned"": 0, ""violation"": null}",True
NIST-SARD-62684,patched,"{""idx"": 9, ""value"": 1}",producer,"{""aborted"": false, ""events"": [[""effect"", 0]], ""public_state"": [[""buffer"", [0, 0, 0, 0, 0, 0, 0, 0, 0, 1]]], ""returned"": 0, ""violation"": null}","{""aborted"": false, ""events"": [[""effect"", 0]], ""public_state"": [[""buffer"", [0, 0, 0, 0, 0, 0, 0, 0, 0, 1]]], ""returned"": 0, ""violation"": null}",True
NIST-SARD-62684,patched,"{""idx"": 9, ""value"": 1}",checker,"{""aborted"": false, ""events"": [[""effect"", 0]], ""public_state"": [[""buffer"", [0, 0, 0, 0, 0, 0, 0, 0, 0, 1]]], ""returned"": 0, ""violation"": null}","{""aborted"": false, ""events"": [[""effect"", 0]], ""public_state"": [[""buffer"", [0, 0, 0, 0, 0, 0, 0, 0, 0, 1]]], ""returned"": 0, ""violation"": null}",True
NIST-SARD-62684,patched,"{""idx"": 10, ""value"": 0}",producer,"{""aborted"": true, ""events"": [], ""public_state"": [[""buffer"", [0, 0, 0, 0, 0, 0, 0, 0, 0, 0]]], ""returned"": null, ""violation"": null}","{""aborted"": true, ""events"": [], ""public_state"": [[""buffer"", [0, 0, 0, 0, 0, 0, 0, 0, 0, 0]]], ""returned"": null, ""violation"": null}",True
NIST-SARD-62684,patched,"{""idx"": 10, ""value"": 0}",checker,"{""aborted"": true, ""events"": [], ""public_state"": [[""buffer"", [0, 0, 0, 0, 0, 0, 0, 0, 0, 0]]], ""returned"": null, ""violation"": null}","{""aborted"": true, ""events"": [], ""public_state"": [[""buffer"", [0, 0, 0, 0, 0, 0, 0, 0, 0, 0]]], ""returned"": null, ""violation"": null}",True
NIST-SARD-62684,patched,"{""idx"": 10, ""value"": 1}",producer,"{""aborted"": true, ""events"": [], ""public_state"": [[""buffer"", [0, 0, 0, 0, 0, 0, 0, 0, 0, 0]]], ""returned"": null, ""violation"": null}","{""aborted"": true, ""events"": [], ""public_state"": [[""buffer"", [0, 0, 0, 0, 0, 0, 0, 0, 0, 0]]], ""returned"": null, ""violation"": null}",True
NIST-SARD-62684,patched,"{""idx"": 10, ""value"": 1}",checker,"{""aborted"": true, ""events"": [], ""public_state"": [[""buffer"", [0, 0, 0, 0, 0, 0, 0, 0, 0, 0]]], ""returned"": null, ""violation"": null}","{""aborted"": true, ""events"": [], ""public_state"": [[""buffer"", [0, 0, 0, 0, 0, 0, 0, 0, 0, 0]]], ""returned"": null, ""violation"": null}",True
NIST-SARD-62684,patched,"{""idx"": 11, ""value"": 0}",producer,"{""aborted"": true, ""events"": [], ""public_state"": [[""buffer"", [0, 0, 0, 0, 0, 0, 0, 0, 0, 0]]], ""returned"": null, ""violation"": null}","{""aborted"": true, ""events"": [], ""public_state"": [[""buffer"", [0, 0, 0, 0, 0, 0, 0, 0, 0, 0]]], ""returned"": null, ""violation"": null}",True
NIST-SARD-62684,patched,"{""idx"": 11, ""value"": 0}",checker,"{""aborted"": true, ""events"": [], ""public_state"": [[""buffer"", [0, 0, 0, 0, 0, 0, 0, 0, 0, 0]]], ""returned"": null, ""violation"": null}","{""aborted"": true, ""events"": [], ""public_state"": [[""buffer"", [0, 0, 0, 0, 0, 0, 0, 0, 0, 0]]], ""returned"": null, ""violation"": null}",True
NIST-SARD-62684,patched,"{""idx"": 11, ""value"": 1}",producer,"{""aborted"": true, ""events"": [], ""public_state"": [[""buffer"", [0, 0, 0, 0, 0, 0, 0, 0, 0, 0]]], ""returned"": null, ""violation"": null}","{""aborted"": true, ""events"": [], ""public_state"": [[""buffer"", [0, 0, 0, 0, 0, 0, 0, 0, 0, 0]]], ""returned"": null, ""violation"": null}",True
NIST-SARD-62684,patched,"{""idx"": 11, ""value"": 1}",checker,"{""aborted"": true, ""events"": [], ""public_state"": [[""buffer"", [0, 0, 0, 0, 0, 0, 0, 0, 0, 0]]], ""returned"": null, ""violation"": null}","{""aborted"": true, ""events"": [], ""public_state"": [[""buffer"", [0, 0, 0, 0, 0, 0, 0, 0, 0, 0]]], ""returned"": null, ""violation"": null}",True
NIST-SARD-62695,vulnerable,"{""idx"": 0, ""value"": 0}",producer,"{""aborted"": false, ""events"": [[""effect"", 0]], ""public_state"": [[""buffer"", [0, 0, 0, 0, 0, 0, 0, 0, 0, 0]]], ""returned"": 0, ""violation"": null}","{""aborted"": false, ""events"": [[""effect"", 0]], ""public_state"": [[""buffer"", [0, 0, 0, 0, 0, 0, 0, 0, 0, 0]]], ""returned"": 0, ""violation"": null}",True
NIST-SARD-62695,vulnerable,"{""idx"": 0, ""value"": 0}",checker,"{""aborted"": false, ""events"": [[""effect"", 0]], ""public_state"": [[""buffer"", [0, 0, 0, 0, 0, 0, 0, 0, 0, 0]]], ""returned"": 0, ""violation"": null}","{""aborted"": false, ""events"": [[""effect"", 0]], ""public_state"": [[""buffer"", [0, 0, 0, 0, 0, 0, 0, 0, 0, 0]]], ""returned"": 0, ""violation"": null}",True
NIST-SARD-62695,vulnerable,"{""idx"": 0, ""value"": 1}",producer,"{""aborted"": false, ""events"": [[""effect"", 0]], ""public_state"": [[""buffer"", [1, 0, 0, 0, 0, 0, 0, 0, 0, 0]]], ""returned"": 0, ""violation"": null}","{""aborted"": false, ""events"": [[""effect"", 0]], ""public_state"": [[""buffer"", [1, 0, 0, 0, 0, 0, 0, 0, 0, 0]]], ""returned"": 0, ""violation"": null}",True
NIST-SARD-62695,vulnerable,"{""idx"": 0, ""value"": 1}",checker,"{""aborted"": false, ""events"": [[""effect"", 0]], ""public_state"": [[""buffer"", [1, 0, 0, 0, 0, 0, 0, 0, 0, 0]]], ""returned"": 0, ""violation"": null}","{""aborted"": false, ""events"": [[""effect"", 0]], ""public_state"": [[""buffer"", [1, 0, 0, 0, 0, 0, 0, 0, 0, 0]]], ""returned"": 0, ""violation"": null}",True
NIST-SARD-62695,vulnerable,"{""idx"": 9, ""value"": 0}",producer,"{""aborted"": false, ""events"": [[""effect"", 0]], ""public_state"": [[""buffer"", [0, 0, 0, 0, 0, 0, 0, 0, 0, 0]]], ""returned"": 0, ""violation"": null}","{""aborted"": false, ""events"": [[""effect"", 0]], ""public_state"": [[""buffer"", [0, 0, 0, 0, 0, 0, 0, 0, 0, 0]]], ""returned"": 0, ""violation"": null}",True
NIST-SARD-62695,vulnerable,"{""idx"": 9, ""value"": 0}",checker,"{""aborted"": false, ""events"": [[""effect"", 0]], ""public_state"": [[""buffer"", [0, 0, 0, 0, 0, 0, 0, 0, 0, 0]]], ""returned"": 0, ""violation"": null}","{""aborted"": false, ""events"": [[""effect"", 0]], ""public_state"": [[""buffer"", [0, 0, 0, 0, 0, 0, 0, 0, 0, 0]]], ""returned"": 0, ""violation"": null}",True
NIST-SARD-62695,vulnerable,"{""idx"": 9, ""value"": 1}",producer,"{""aborted"": false, ""events"": [[""effect"", 0]], ""public_state"": [[""buffer"", [0, 0, 0, 0, 0, 0, 0, 0, 0, 1]]], ""returned"": 0, ""violation"": null}","{""aborted"": false, ""events"": [[""effect"", 0]], ""public_state"": [[""buffer"", [0, 0, 0, 0, 0, 0, 0, 0, 0, 1]]], ""returned"": 0, ""violation"": null}",True
NIST-SARD-62695,vulnerable,"{""idx"": 9, ""value"": 1}",checker,"{""aborted"": false, ""events"": [[""effect"", 0]], ""public_state"": [[""buffer"", [0, 0, 0, 0, 0, 0, 0, 0, 0, 1]]], ""returned"": 0, ""violation"": null}","{""aborted"": false, ""events"": [[""effect"", 0]], ""public_state"": [[""buffer"", [0, 0, 0, 0, 0, 0, 0, 0, 0, 1]]], ""returned"": 0, ""violation"": null}",True
NIST-SARD-62695,vulnerable,"{""idx"": 10, ""value"": 0}",producer,"{""aborted"": false, ""events"": [], ""public_state"": [[""buffer"", [0, 0, 0, 0, 0, 0, 0, 0, 0, 0]]], ""returned"": null, ""violation"": ""OOB_WRITE""}","{""aborted"": false, ""events"": [], ""public_state"": [[""buffer"", [0, 0, 0, 0, 0, 0, 0, 0, 0, 0]]], ""returned"": null, ""violation"": ""OOB_WRITE""}",True
NIST-SARD-62695,vulnerable,"{""idx"": 10, ""value"": 0}",checker,"{""aborted"": false, ""events"": [], ""public_state"": [[""buffer"", [0, 0, 0, 0, 0, 0, 0, 0, 0, 0]]], ""returned"": null, ""violation"": ""OOB_WRITE""}","{""aborted"": false, ""events"": [], ""public_state"": [[""buffer"", [0, 0, 0, 0, 0, 0, 0, 0, 0, 0]]], ""returned"": null, ""violation"": ""OOB_WRITE""}",True
NIST-SARD-62695,vulnerable,"{""idx"": 10, ""value"": 1}",producer,"{""aborted"": false, ""events"": [], ""public_state"": [[""buffer"", [0, 0, 0, 0, 0, 0, 0, 0, 0, 0]]], ""returned"": null, ""violation"": ""OOB_WRITE""}","{""aborted"": false, ""events"": [], ""public_state"": [[""buffer"", [0, 0, 0, 0, 0, 0, 0, 0, 0, 0]]], ""returned"": null, ""violation"": ""OOB_WRITE""}",True
NIST-SARD-62695,vulnerable,"{""idx"": 10, ""value"": 1}",checker,"{""aborted"": false, ""events"": [], ""public_state"": [[""buffer"", [0, 0, 0, 0, 0, 0, 0, 0, 0, 0]]], ""returned"": null, ""violation"": ""OOB_WRITE""}","{""aborted"": false, ""events"": [], ""public_state"": [[""buffer"", [0, 0, 0, 0, 0, 0, 0, 0, 0, 0]]], ""returned"": null, ""violation"": ""OOB_WRITE""}",True
NIST-SARD-62695,vulnerable,"{""idx"": 11, ""value"": 0}",producer,"{""aborted"": false, ""events"": [], ""public_state"": [[""buffer"", [0, 0, 0, 0, 0, 0, 0, 0, 0, 0]]], ""returned"": null, ""violation"": ""OOB_WRITE""}","{""aborted"": false, ""events"": [], ""public_state"": [[""buffer"", [0, 0, 0, 0, 0, 0, 0, 0, 0, 0]]], ""returned"": null, ""violation"": ""OOB_WRITE""}",True
NIST-SARD-62695,vulnerable,"{""idx"": 11, ""value"": 0}",checker,"{""aborted"": false, ""events"": [], ""public_state"": [[""buffer"", [0, 0, 0, 0, 0, 0, 0, 0, 0, 0]]], ""returned"": null, ""violation"": ""OOB_WRITE""}","{""aborted"": false, ""events"": [], ""public_state"": [[""buffer"", [0, 0, 0, 0, 0, 0, 0, 0, 0, 0]]], ""returned"": null, ""violation"": ""OOB_WRITE""}",True
NIST-SARD-62695,vulnerable,"{""idx"": 11, ""value"": 1}",producer,"{""aborted"": false, ""events"": [], ""public_state"": [[""buffer"", [0, 0, 0, 0, 0, 0, 0, 0, 0, 0]]], ""returned"": null, ""violation"": ""OOB_WRITE""}","{""aborted"": false, ""events"": [], ""public_state"": [[""buffer"", [0, 0, 0, 0, 0, 0, 0, 0, 0, 0]]], ""returned"": null, ""violation"": ""OOB_WRITE""}",True
NIST-SARD-62695,vulnerable,"{""idx"": 11, ""value"": 1}",checker,"{""aborted"": false, ""events"": [], ""public_state"": [[""buffer"", [0, 0, 0, 0, 0, 0, 0, 0, 0, 0]]], ""returned"": null, ""violation"": ""OOB_WRITE""}","{""aborted"": false, ""events"": [], ""public_state"": [[""buffer"", [0, 0, 0, 0, 0, 0, 0, 0, 0, 0]]], ""returned"": null, ""violation"": ""OOB_WRITE""}",True
NIST-SARD-62695,patched,"{""idx"": 0, ""value"": 0}",producer,"{""aborted"": false, ""events"": [[""effect"", 0]], ""public_state"": [[""buffer"", [0, 0, 0, 0, 0, 0, 0, 0, 0, 0]]], ""returned"": 0, ""violation"": null}","{""aborted"": false, ""events"": [[""effect"", 0]], ""public_state"": [[""buffer"", [0, 0, 0, 0, 0, 0, 0, 0, 0, 0]]], ""returned"": 0, ""violation"": null}",True
NIST-SARD-62695,patched,"{""idx"": 0, ""value"": 0}",checker,"{""aborted"": false, ""events"": [[""effect"", 0]], ""public_state"": [[""buffer"", [0, 0, 0, 0, 0, 0, 0, 0, 0, 0]]], ""returned"": 0, ""violation"": null}","{""aborted"": false, ""events"": [[""effect"", 0]], ""public_state"": [[""buffer"", [0, 0, 0, 0, 0, 0, 0, 0, 0, 0]]], ""returned"": 0, ""violation"": null}",True
NIST-SARD-62695,patched,"{""idx"": 0, ""value"": 1}",producer,"{""aborted"": false, ""events"": [[""effect"", 0]], ""public_state"": [[""buffer"", [1, 0, 0, 0, 0, 0, 0, 0, 0, 0]]], ""returned"": 0, ""violation"": null}","{""aborted"": false, ""events"": [[""effect"", 0]], ""public_state"": [[""buffer"", [1, 0, 0, 0, 0, 0, 0, 0, 0, 0]]], ""returned"": 0, ""violation"": null}",True
NIST-SARD-62695,patched,"{""idx"": 0, ""value"": 1}",checker,"{""aborted"": false, ""events"": [[""effect"", 0]], ""public_state"": [[""buffer"", [1, 0, 0, 0, 0, 0, 0, 0, 0, 0]]], ""returned"": 0, ""violation"": null}","{""aborted"": false, ""events"": [[""effect"", 0]], ""public_state"": [[""buffer"", [1, 0, 0, 0, 0, 0, 0, 0, 0, 0]]], ""returned"": 0, ""violation"": null}",True
NIST-SARD-62695,patched,"{""idx"": 9, ""value"": 0}",producer,"{""aborted"": false, ""events"": [[""effect"", 0]], ""public_state"": [[""buffer"", [0, 0, 0, 0, 0, 0, 0, 0, 0, 0]]], ""returned"": 0, ""violation"": null}","{""aborted"": false, ""events"": [[""effect"", 0]], ""public_state"": [[""buffer"", [0, 0, 0, 0, 0, 0, 0, 0, 0, 0]]], ""returned"": 0, ""violation"": null}",True
NIST-SARD-62695,patched,"{""idx"": 9, ""value"": 0}",checker,"{""aborted"": false, ""events"": [[""effect"", 0]], ""public_state"": [[""buffer"", [0, 0, 0, 0, 0, 0, 0, 0, 0, 0]]], ""returned"": 0, ""violation"": null}","{""aborted"": false, ""events"": [[""effect"", 0]], ""public_state"": [[""buffer"", [0, 0, 0, 0, 0, 0, 0, 0, 0, 0]]], ""returned"": 0, ""violation"": null}",True
NIST-SARD-62695,patched,"{""idx"": 9, ""value"": 1}",producer,"{""aborted"": false, ""events"": [[""effect"", 0]], ""public_state"": [[""buffer"", [0, 0, 0, 0, 0, 0, 0, 0, 0, 1]]], ""returned"": 0, ""violation"": null}","{""aborted"": false, ""events"": [[""effect"", 0]], ""public_state"": [[""buffer"", [0, 0, 0, 0, 0, 0, 0, 0, 0, 1]]], ""returned"": 0, ""violation"": null}",True
NIST-SARD-62695,patched,"{""idx"": 9, ""value"": 1}",checker,"{""aborted"": false, ""events"": [[""effect"", 0]], ""public_state"": [[""buffer"", [0, 0, 0, 0, 0, 0, 0, 0, 0, 1]]], ""returned"": 0, ""violation"": null}","{""aborted"": false, ""events"": [[""effect"", 0]], ""public_state"": [[""buffer"", [0, 0, 0, 0, 0, 0, 0, 0, 0, 1]]], ""returned"": 0, ""violation"": null}",True
NIST-SARD-62695,patched,"{""idx"": 10, ""value"": 0}",producer,"{""aborted"": true, ""events"": [], ""public_state"": [[""buffer"", [0, 0, 0, 0, 0, 0, 0, 0, 0, 0]]], ""returned"": null, ""violation"": null}","{""aborted"": true, ""events"": [], ""public_state"": [[""buffer"", [0, 0, 0, 0, 0, 0, 0, 0, 0, 0]]], ""returned"": null, ""violation"": null}",True
NIST-SARD-62695,patched,"{""idx"": 10, ""value"": 0}",checker,"{""aborted"": true, ""events"": [], ""public_state"": [[""buffer"", [0, 0, 0, 0, 0, 0, 0, 0, 0, 0]]], ""returned"": null, ""violation"": null}","{""aborted"": true, ""events"": [], ""public_state"": [[""buffer"", [0, 0, 0, 0, 0, 0, 0, 0, 0, 0]]], ""returned"": null, ""violation"": null}",True
NIST-SARD-62695,patched,"{""idx"": 10, ""value"": 1}",producer,"{""aborted"": true, ""events"": [], ""public_state"": [[""buffer"", [0, 0, 0, 0, 0, 0, 0, 0, 0, 0]]], ""returned"": null, ""violation"": null}","{""aborted"": true, ""events"": [], ""public_state"": [[""buffer"", [0, 0, 0, 0, 0, 0, 0, 0, 0, 0]]], ""returned"": null, ""violation"": null}",True
NIST-SARD-62695,patched,"{""idx"": 10, ""value"": 1}",checker,"{""aborted"": true, ""events"": [], ""public_state"": [[""buffer"", [0, 0, 0, 0, 0, 0, 0, 0, 0, 0]]], ""returned"": null, ""violation"": null}","{""aborted"": true, ""events"": [], ""public_state"": [[""buffer"", [0, 0, 0, 0, 0, 0, 0, 0, 0, 0]]], ""returned"": null, ""violation"": null}",True
NIST-SARD-62695,patched,"{""idx"": 11, ""value"": 0}",producer,"{""aborted"": true, ""events"": [], ""public_state"": [[""buffer"", [0, 0, 0, 0, 0, 0, 0, 0, 0, 0]]], ""returned"": null, ""violation"": null}","{""aborted"": true, ""events"": [], ""public_state"": [[""buffer"", [0, 0, 0, 0, 0, 0, 0, 0, 0, 0]]], ""returned"": null, ""violation"": null}",True
NIST-SARD-62695,patched,"{""idx"": 11, ""value"": 0}",checker,"{""aborted"": true, ""events"": [], ""public_state"": [[""buffer"", [0, 0, 0, 0, 0, 0, 0, 0, 0, 0]]], ""returned"": null, ""violation"": null}","{""aborted"": true, ""events"": [], ""public_state"": [[""buffer"", [0, 0, 0, 0, 0, 0, 0, 0, 0, 0]]], ""returned"": null, ""violation"": null}",True
NIST-SARD-62695,patched,"{""idx"": 11, ""value"": 1}",producer,"{""aborted"": true, ""events"": [], ""public_state"": [[""buffer"", [0, 0, 0, 0, 0, 0, 0, 0, 0, 0]]], ""returned"": null, ""violation"": null}","{""aborted"": true, ""events"": [], ""public_state"": [[""buffer"", [0, 0, 0, 0, 0, 0, 0, 0, 0, 0]]], ""returned"": null, ""violation"": null}",True
NIST-SARD-62695,patched,"{""idx"": 11, ""value"": 1}",checker,"{""aborted"": true, ""events"": [], ""public_state"": [[""buffer"", [0, 0, 0, 0, 0, 0, 0, 0, 0, 0]]], ""returned"": null, ""violation"": null}","{""aborted"": true, ""events"": [], ""public_state"": [[""buffer"", [0, 0, 0, 0, 0, 0, 0, 0, 0, 0]]], ""returned"": null, ""violation"": null}",True
NIST-SARD-67603,vulnerable,"{""idx"": 0, ""value"": 0}",producer,"{""aborted"": false, ""events"": [[""effect"", 0]], ""public_state"": [[""buffer"", [0, 0, 0, 0, 0, 0, 0, 0, 0, 0]]], ""returned"": 0, ""violation"": null}","{""aborted"": false, ""events"": [[""effect"", 0]], ""public_state"": [[""buffer"", [0, 0, 0, 0, 0, 0, 0, 0, 0, 0]]], ""returned"": 0, ""violation"": null}",True
NIST-SARD-67603,vulnerable,"{""idx"": 0, ""value"": 0}",checker,"{""aborted"": false, ""events"": [[""effect"", 0]], ""public_state"": [[""buffer"", [0, 0, 0, 0, 0, 0, 0, 0, 0, 0]]], ""returned"": 0, ""violation"": null}","{""aborted"": false, ""events"": [[""effect"", 0]], ""public_state"": [[""buffer"", [0, 0, 0, 0, 0, 0, 0, 0, 0, 0]]], ""returned"": 0, ""violation"": null}",True
NIST-SARD-67603,vulnerable,"{""idx"": 0, ""value"": 1}",producer,"{""aborted"": false, ""events"": [[""effect"", 0]], ""public_state"": [[""buffer"", [1, 0, 0, 0, 0, 0, 0, 0, 0, 0]]], ""returned"": 0, ""violation"": null}","{""aborted"": false, ""events"": [[""effect"", 0]], ""public_state"": [[""buffer"", [1, 0, 0, 0, 0, 0, 0, 0, 0, 0]]], ""returned"": 0, ""violation"": null}",True
NIST-SARD-67603,vulnerable,"{""idx"": 0, ""value"": 1}",checker,"{""aborted"": false, ""events"": [[""effect"", 0]], ""public_state"": [[""buffer"", [1, 0, 0, 0, 0, 0, 0, 0, 0, 0]]], ""returned"": 0, ""violation"": null}","{""aborted"": false, ""events"": [[""effect"", 0]], ""public_state"": [[""buffer"", [1, 0, 0, 0, 0, 0, 0, 0, 0, 0]]], ""returned"": 0, ""violation"": null}",True
NIST-SARD-67603,vulnerable,"{""idx"": 9, ""value"": 0}",producer,"{""aborted"": false, ""events"": [[""effect"", 0]], ""public_state"": [[""buffer"", [0, 0, 0, 0, 0, 0, 0, 0, 0, 0]]], ""returned"": 0, ""violation"": null}","{""aborted"": false, ""events"": [[""effect"", 0]], ""public_state"": [[""buffer"", [0, 0, 0, 0, 0, 0, 0, 0, 0, 0]]], ""returned"": 0, ""violation"": null}",True
NIST-SARD-67603,vulnerable,"{""idx"": 9, ""value"": 0}",checker,"{""aborted"": false, ""events"": [[""effect"", 0]], ""public_state"": [[""buffer"", [0, 0, 0, 0, 0, 0, 0, 0, 0, 0]]], ""returned"": 0, ""violation"": null}","{""aborted"": false, ""events"": [[""effect"", 0]], ""public_state"": [[""buffer"", [0, 0, 0, 0, 0, 0, 0, 0, 0, 0]]], ""returned"": 0, ""violation"": null}",True
NIST-SARD-67603,vulnerable,"{""idx"": 9, ""value"": 1}",producer,"{""aborted"": false, ""events"": [[""effect"", 0]], ""public_state"": [[""buffer"", [0, 0, 0, 0, 0, 0, 0, 0, 0, 1]]], ""returned"": 0, ""violation"": null}","{""aborted"": false, ""events"": [[""effect"", 0]], ""public_state"": [[""buffer"", [0, 0, 0, 0, 0, 0, 0, 0, 0, 1]]], ""returned"": 0, ""violation"": null}",True
NIST-SARD-67603,vulnerable,"{""idx"": 9, ""value"": 1}",checker,"{""aborted"": false, ""events"": [[""effect"", 0]], ""public_state"": [[""buffer"", [0, 0, 0, 0, 0, 0, 0, 0, 0, 1]]], ""returned"": 0, ""violation"": null}","{""aborted"": false, ""events"": [[""effect"", 0]], ""public_state"": [[""buffer"", [0, 0, 0, 0, 0, 0, 0, 0, 0, 1]]], ""returned"": 0, ""violation"": null}",True
NIST-SARD-67603,vulnerable,"{""idx"": 10, ""value"": 0}",producer,"{""aborted"": false, ""events"": [], ""public_state"": [[""buffer"", [0, 0, 0, 0, 0, 0, 0, 0, 0, 0]]], ""returned"": null, ""violation"": ""OOB_WRITE""}","{""aborted"": false, ""events"": [], ""public_state"": [[""buffer"", [0, 0, 0, 0, 0, 0, 0, 0, 0, 0]]], ""returned"": null, ""violation"": ""OOB_WRITE""}",True
NIST-SARD-67603,vulnerable,"{""idx"": 10, ""value"": 0}",checker,"{""aborted"": false, ""events"": [], ""public_state"": [[""buffer"", [0, 0, 0, 0, 0, 0, 0, 0, 0, 0]]], ""returned"": null, ""violation"": ""OOB_WRITE""}","{""aborted"": false, ""events"": [], ""public_state"": [[""buffer"", [0, 0, 0, 0, 0, 0, 0, 0, 0, 0]]], ""returned"": null, ""violation"": ""OOB_WRITE""}",True
NIST-SARD-67603,vulnerable,"{""idx"": 10, ""value"": 1}",producer,"{""aborted"": false, ""events"": [], ""public_state"": [[""buffer"", [0, 0, 0, 0, 0, 0, 0, 0, 0, 0]]], ""returned"": null, ""violation"": ""OOB_WRITE""}","{""aborted"": false, ""events"": [], ""public_state"": [[""buffer"", [0, 0, 0, 0, 0, 0, 0, 0, 0, 0]]], ""returned"": null, ""violation"": ""OOB_WRITE""}",True
NIST-SARD-67603,vulnerable,"{""idx"": 10, ""value"": 1}",checker,"{""aborted"": false, ""events"": [], ""public_state"": [[""buffer"", [0, 0, 0, 0, 0, 0, 0, 0, 0, 0]]], ""returned"": null, ""violation"": ""OOB_WRITE""}","{""aborted"": false, ""events"": [], ""public_state"": [[""buffer"", [0, 0, 0, 0, 0, 0, 0, 0, 0, 0]]], ""returned"": null, ""violation"": ""OOB_WRITE""}",True
NIST-SARD-67603,vulnerable,"{""idx"": 11, ""value"": 0}",producer,"{""aborted"": false, ""events"": [], ""public_state"": [[""buffer"", [0, 0, 0, 0, 0, 0, 0, 0, 0, 0]]], ""returned"": null, ""violation"": ""OOB_WRITE""}","{""aborted"": false, ""events"": [], ""public_state"": [[""buffer"", [0, 0, 0, 0, 0, 0, 0, 0, 0, 0]]], ""returned"": null, ""violation"": ""OOB_WRITE""}",True
NIST-SARD-67603,vulnerable,"{""idx"": 11, ""value"": 0}",checker,"{""aborted"": false, ""events"": [], ""public_state"": [[""buffer"", [0, 0, 0, 0, 0, 0, 0, 0, 0, 0]]], ""returned"": null, ""violation"": ""OOB_WRITE""}","{""aborted"": false, ""events"": [], ""public_state"": [[""buffer"", [0, 0, 0, 0, 0, 0, 0, 0, 0, 0]]], ""returned"": null, ""violation"": ""OOB_WRITE""}",True
NIST-SARD-67603,vulnerable,"{""idx"": 11, ""value"": 1}",producer,"{""aborted"": false, ""events"": [], ""public_state"": [[""buffer"", [0, 0, 0, 0, 0, 0, 0, 0, 0, 0]]], ""returned"": null, ""violation"": ""OOB_WRITE""}","{""aborted"": false, ""events"": [], ""public_state"": [[""buffer"", [0, 0, 0, 0, 0, 0, 0, 0, 0, 0]]], ""returned"": null, ""violation"": ""OOB_WRITE""}",True
NIST-SARD-67603,vulnerable,"{""idx"": 11, ""value"": 1}",checker,"{""aborted"": false, ""events"": [], ""public_state"": [[""buffer"", [0, 0, 0, 0, 0, 0, 0, 0, 0, 0]]], ""returned"": null, ""violation"": ""OOB_WRITE""}","{""aborted"": false, ""events"": [], ""public_state"": [[""buffer"", [0, 0, 0, 0, 0, 0, 0, 0, 0, 0]]], ""returned"": null, ""violation"": ""OOB_WRITE""}",True
NIST-SARD-67603,patched,"{""idx"": 0, ""value"": 0}",producer,"{""aborted"": false, ""events"": [[""effect"", 0]], ""public_state"": [[""buffer"", [0, 0, 0, 0, 0, 0, 0, 0, 0, 0]]], ""returned"": 0, ""violation"": null}","{""aborted"": false, ""events"": [[""effect"", 0]], ""public_state"": [[""buffer"", [0, 0, 0, 0, 0, 0, 0, 0, 0, 0]]], ""returned"": 0, ""violation"": null}",True
NIST-SARD-67603,patched,"{""idx"": 0, ""value"": 0}",checker,"{""aborted"": false, ""events"": [[""effect"", 0]], ""public_state"": [[""buffer"", [0, 0, 0, 0, 0, 0, 0, 0, 0, 0]]], ""returned"": 0, ""violation"": null}","{""aborted"": false, ""events"": [[""effect"", 0]], ""public_state"": [[""buffer"", [0, 0, 0, 0, 0, 0, 0, 0, 0, 0]]], ""returned"": 0, ""violation"": null}",True
NIST-SARD-67603,patched,"{""idx"": 0, ""value"": 1}",producer,"{""aborted"": false, ""events"": [[""effect"", 0]], ""public_state"": [[""buffer"", [1, 0, 0, 0, 0, 0, 0, 0, 0, 0]]], ""returned"": 0, ""violation"": null}","{""aborted"": false, ""events"": [[""effect"", 0]], ""public_state"": [[""buffer"", [1, 0, 0, 0, 0, 0, 0, 0, 0, 0]]], ""returned"": 0, ""violation"": null}",True
NIST-SARD-67603,patched,"{""idx"": 0, ""value"": 1}",checker,"{""aborted"": false, ""events"": [[""effect"", 0]], ""public_state"": [[""buffer"", [1, 0, 0, 0, 0, 0, 0, 0, 0, 0]]], ""returned"": 0, ""violation"": null}","{""aborted"": false, ""events"": [[""effect"", 0]], ""public_state"": [[""buffer"", [1, 0, 0, 0, 0, 0, 0, 0, 0, 0]]], ""returned"": 0, ""violation"": null}",True
NIST-SARD-67603,patched,"{""idx"": 9, ""value"": 0}",producer,"{""aborted"": false, ""events"": [[""effect"", 0]], ""public_state"": [[""buffer"", [0, 0, 0, 0, 0, 0, 0, 0, 0, 0]]], ""returned"": 0, ""violation"": null}","{""aborted"": false, ""events"": [[""effect"", 0]], ""public_state"": [[""buffer"", [0, 0, 0, 0, 0, 0, 0, 0, 0, 0]]], ""returned"": 0, ""violation"": null}",True
NIST-SARD-67603,patched,"{""idx"": 9, ""value"": 0}",checker,"{""aborted"": false, ""events"": [[""effect"", 0]], ""public_state"": [[""buffer"", [0, 0, 0, 0, 0, 0, 0, 0, 0, 0]]], ""returned"": 0, ""violation"": null}","{""aborted"": false, ""events"": [[""effect"", 0]], ""public_state"": [[""buffer"", [0, 0, 0, 0, 0, 0, 0, 0, 0, 0]]], ""returned"": 0, ""violation"": null}",True
NIST-SARD-67603,patched,"{""idx"": 9, ""value"": 1}",producer,"{""aborted"": false, ""events"": [[""effect"", 0]], ""public_state"": [[""buffer"", [0, 0, 0, 0, 0, 0, 0, 0, 0, 1]]], ""returned"": 0, ""violation"": null}","{""aborted"": false, ""events"": [[""effect"", 0]], ""public_state"": [[""buffer"", [0, 0, 0, 0, 0, 0, 0, 0, 0, 1]]], ""returned"": 0, ""violation"": null}",True
NIST-SARD-67603,patched,"{""idx"": 9, ""value"": 1}",checker,"{""aborted"": false, ""events"": [[""effect"", 0]], ""public_state"": [[""buffer"", [0, 0, 0, 0, 0, 0, 0, 0, 0, 1]]], ""returned"": 0, ""violation"": null}","{""aborted"": false, ""events"": [[""effect"", 0]], ""public_state"": [[""buffer"", [0, 0, 0, 0, 0, 0, 0, 0, 0, 1]]], ""returned"": 0, ""violation"": null}",True
NIST-SARD-67603,patched,"{""idx"": 10, ""value"": 0}",producer,"{""aborted"": true, ""events"": [], ""public_state"": [[""buffer"", [0, 0, 0, 0, 0, 0, 0, 0, 0, 0]]], ""returned"": null, ""violation"": null}","{""aborted"": true, ""events"": [], ""public_state"": [[""buffer"", [0, 0, 0, 0, 0, 0, 0, 0, 0, 0]]], ""returned"": null, ""violation"": null}",True
NIST-SARD-67603,patched,"{""idx"": 10, ""value"": 0}",checker,"{""aborted"": true, ""events"": [], ""public_state"": [[""buffer"", [0, 0, 0, 0, 0, 0, 0, 0, 0, 0]]], ""returned"": null, ""violation"": null}","{""aborted"": true, ""events"": [], ""public_state"": [[""buffer"", [0, 0, 0, 0, 0, 0, 0, 0, 0, 0]]], ""returned"": null, ""violation"": null}",True
NIST-SARD-67603,patched,"{""idx"": 10, ""value"": 1}",producer,"{""aborted"": true, ""events"": [], ""public_state"": [[""buffer"", [0, 0, 0, 0, 0, 0, 0, 0, 0, 0]]], ""returned"": null, ""violation"": null}","{""aborted"": true, ""events"": [], ""public_state"": [[""buffer"", [0, 0, 0, 0, 0, 0, 0, 0, 0, 0]]], ""returned"": null, ""violation"": null}",True
NIST-SARD-67603,patched,"{""idx"": 10, ""value"": 1}",checker,"{""aborted"": true, ""events"": [], ""public_state"": [[""buffer"", [0, 0, 0, 0, 0, 0, 0, 0, 0, 0]]], ""returned"": null, ""violation"": null}","{""aborted"": true, ""events"": [], ""public_state"": [[""buffer"", [0, 0, 0, 0, 0, 0, 0, 0, 0, 0]]], ""returned"": null, ""violation"": null}",True
NIST-SARD-67603,patched,"{""idx"": 11, ""value"": 0}",producer,"{""aborted"": true, ""events"": [], ""public_state"": [[""buffer"", [0, 0, 0, 0, 0, 0, 0, 0, 0, 0]]], ""returned"": null, ""violation"": null}","{""aborted"": true, ""events"": [], ""public_state"": [[""buffer"", [0, 0, 0, 0, 0, 0, 0, 0, 0, 0]]], ""returned"": null, ""violation"": null}",True
NIST-SARD-67603,patched,"{""idx"": 11, ""value"": 0}",checker,"{""aborted"": true, ""events"": [], ""public_state"": [[""buffer"", [0, 0, 0, 0, 0, 0, 0, 0, 0, 0]]], ""returned"": null, ""violation"": null}","{""aborted"": true, ""events"": [], ""public_state"": [[""buffer"", [0, 0, 0, 0, 0, 0, 0, 0, 0, 0]]], ""returned"": null, ""violation"": null}",True
NIST-SARD-67603,patched,"{""idx"": 11, ""value"": 1}",producer,"{""aborted"": true, ""events"": [], ""public_state"": [[""buffer"", [0, 0, 0, 0, 0, 0, 0, 0, 0, 0]]], ""returned"": null, ""violation"": null}","{""aborted"": true, ""events"": [], ""public_state"": [[""buffer"", [0, 0, 0, 0, 0, 0, 0, 0, 0, 0]]], ""returned"": null, ""violation"": null}",True
NIST-SARD-67603,patched,"{""idx"": 11, ""value"": 1}",checker,"{""aborted"": true, ""events"": [], ""public_state"": [[""buffer"", [0, 0, 0, 0, 0, 0, 0, 0, 0, 0]]], ""returned"": null, ""violation"": null}","{""aborted"": true, ""events"": [], ""public_state"": [[""buffer"", [0, 0, 0, 0, 0, 0, 0, 0, 0, 0]]], ""returned"": null, ""violation"": null}",True
NIST-SARD-95487,vulnerable,"{""denominator"": -1}",producer,"{""aborted"": false, ""events"": [[""effect"", -12]], ""public_state"": [[""audit"", 0]], ""returned"": -12, ""violation"": null}","{""aborted"": false, ""events"": [[""effect"", -12]], ""public_state"": [[""audit"", 0]], ""returned"": -12, ""violation"": null}",True
NIST-SARD-95487,vulnerable,"{""denominator"": -1}",checker,"{""aborted"": false, ""events"": [[""effect"", -12]], ""public_state"": [[""audit"", 0]], ""returned"": -12, ""violation"": null}","{""aborted"": false, ""events"": [[""effect"", -12]], ""public_state"": [[""audit"", 0]], ""returned"": -12, ""violation"": null}",True
NIST-SARD-95487,vulnerable,"{""denominator"": 0}",producer,"{""aborted"": false, ""events"": [], ""public_state"": [[""audit"", 0]], ""returned"": null, ""violation"": ""DIVIDE_BY_ZERO""}","{""aborted"": false, ""events"": [], ""public_state"": [[""audit"", 0]], ""returned"": null, ""violation"": ""DIVIDE_BY_ZERO""}",True
NIST-SARD-95487,vulnerable,"{""denominator"": 0}",checker,"{""aborted"": false, ""events"": [], ""public_state"": [[""audit"", 0]], ""returned"": null, ""violation"": ""DIVIDE_BY_ZERO""}","{""aborted"": false, ""events"": [], ""public_state"": [[""audit"", 0]], ""returned"": null, ""violation"": ""DIVIDE_BY_ZERO""}",True
NIST-SARD-95487,vulnerable,"{""denominator"": 1}",producer,"{""aborted"": false, ""events"": [[""effect"", 12]], ""public_state"": [[""audit"", 0]], ""returned"": 12, ""violation"": null}","{""aborted"": false, ""events"": [[""effect"", 12]], ""public_state"": [[""audit"", 0]], ""returned"": 12, ""violation"": null}",True
NIST-SARD-95487,vulnerable,"{""denominator"": 1}",checker,"{""aborted"": false, ""events"": [[""effect"", 12]], ""public_state"": [[""audit"", 0]], ""returned"": 12, ""violation"": null}","{""aborted"": false, ""events"": [[""effect"", 12]], ""public_state"": [[""audit"", 0]], ""returned"": 12, ""violation"": null}",True
NIST-SARD-95487,vulnerable,"{""denominator"": 2}",producer,"{""aborted"": false, ""events"": [[""effect"", 6]], ""public_state"": [[""audit"", 0]], ""returned"": 6, ""violation"": null}","{""aborted"": false, ""events"": [[""effect"", 6]], ""public_state"": [[""audit"", 0]], ""returned"": 6, ""violation"": null}",True
NIST-SARD-95487,vulnerable,"{""denominator"": 2}",checker,"{""aborted"": false, ""events"": [[""effect"", 6]], ""public_state"": [[""audit"", 0]], ""returned"": 6, ""violation"": null}","{""aborted"": false, ""events"": [[""effect"", 6]], ""public_state"": [[""audit"", 0]], ""returned"": 6, ""violation"": null}",True
NIST-SARD-95487,patched,"{""denominator"": -1}",producer,"{""aborted"": false, ""events"": [[""effect"", -12]], ""public_state"": [[""audit"", 0]], ""returned"": -12, ""violation"": null}","{""aborted"": false, ""events"": [[""effect"", -12]], ""public_state"": [[""audit"", 0]], ""returned"": -12, ""violation"": null}",True
NIST-SARD-95487,patched,"{""denominator"": -1}",checker,"{""aborted"": false, ""events"": [[""effect"", -12]], ""public_state"": [[""audit"", 0]], ""returned"": -12, ""violation"": null}","{""aborted"": false, ""events"": [[""effect"", -12]], ""public_state"": [[""audit"", 0]], ""returned"": -12, ""violation"": null}",True
NIST-SARD-95487,patched,"{""denominator"": 0}",producer,"{""aborted"": true, ""events"": [], ""public_state"": [[""audit"", 0]], ""returned"": null, ""violation"": null}","{""aborted"": true, ""events"": [], ""public_state"": [[""audit"", 0]], ""returned"": null, ""violation"": null}",True
NIST-SARD-95487,patched,"{""denominator"": 0}",checker,"{""aborted"": true, ""events"": [], ""public_state"": [[""audit"", 0]], ""returned"": null, ""violation"": null}","{""aborted"": true, ""events"": [], ""public_state"": [[""audit"", 0]], ""returned"": null, ""violation"": null}",True
NIST-SARD-95487,patched,"{""denominator"": 1}",producer,"{""aborted"": false, ""events"": [[""effect"", 12]], ""public_state"": [[""audit"", 0]], ""returned"": 12, ""violation"": null}","{""aborted"": false, ""events"": [[""effect"", 12]], ""public_state"": [[""audit"", 0]], ""returned"": 12, ""violation"": null}",True
NIST-SARD-95487,patched,"{""denominator"": 1}",checker,"{""aborted"": false, ""events"": [[""effect"", 12]], ""public_state"": [[""audit"", 0]], ""returned"": 12, ""violation"": null}","{""aborted"": false, ""events"": [[""effect"", 12]], ""public_state"": [[""audit"", 0]], ""returned"": 12, ""violation"": null}",True
NIST-SARD-95487,patched,"{""denominator"": 2}",producer,"{""aborted"": false, ""events"": [[""effect"", 6]], ""public_state"": [[""audit"", 0]], ""returned"": 6, ""violation"": null}","{""aborted"": false, ""events"": [[""effect"", 6]], ""public_state"": [[""audit"", 0]], ""returned"": 6, ""violation"": null}",True
NIST-SARD-95487,patched,"{""denominator"": 2}",checker,"{""aborted"": false, ""events"": [[""effect"", 6]], ""public_state"": [[""audit"", 0]], ""returned"": 6, ""violation"": null}","{""aborted"": false, ""events"": [[""effect"", 6]], ""public_state"": [[""audit"", 0]], ""returned"": 6, ""violation"": null}",True
NIST-SARD-236684,vulnerable,"{""x"": -8}",producer,"{""aborted"": false, ""events"": [[""effect"", -7]], ""public_state"": [[""audit"", 0]], ""returned"": -7, ""violation"": null}","{""aborted"": false, ""events"": [[""effect"", -7]], ""public_state"": [[""audit"", 0]], ""returned"": -7, ""violation"": null}",True
NIST-SARD-236684,vulnerable,"{""x"": -8}",checker,"{""aborted"": false, ""events"": [[""effect"", -7]], ""public_state"": [[""audit"", 0]], ""returned"": -7, ""violation"": null}","{""aborted"": false, ""events"": [[""effect"", -7]], ""public_state"": [[""audit"", 0]], ""returned"": -7, ""violation"": null}",True
NIST-SARD-236684,vulnerable,"{""x"": 0}",producer,"{""aborted"": false, ""events"": [[""effect"", 1]], ""public_state"": [[""audit"", 0]], ""returned"": 1, ""violation"": null}","{""aborted"": false, ""events"": [[""effect"", 1]], ""public_state"": [[""audit"", 0]], ""returned"": 1, ""violation"": null}",True
NIST-SARD-236684,vulnerable,"{""x"": 0}",checker,"{""aborted"": false, ""events"": [[""effect"", 1]], ""public_state"": [[""audit"", 0]], ""returned"": 1, ""violation"": null}","{""aborted"": false, ""events"": [[""effect"", 1]], ""public_state"": [[""audit"", 0]], ""returned"": 1, ""violation"": null}",True
NIST-SARD-236684,vulnerable,"{""x"": 6}",producer,"{""aborted"": false, ""events"": [[""effect"", 7]], ""public_state"": [[""audit"", 0]], ""returned"": 7, ""violation"": null}","{""aborted"": false, ""events"": [[""effect"", 7]], ""public_state"": [[""audit"", 0]], ""returned"": 7, ""violation"": null}",True
NIST-SARD-236684,vulnerable,"{""x"": 6}",checker,"{""aborted"": false, ""events"": [[""effect"", 7]], ""public_state"": [[""audit"", 0]], ""returned"": 7, ""violation"": null}","{""aborted"": false, ""events"": [[""effect"", 7]], ""public_state"": [[""audit"", 0]], ""returned"": 7, ""violation"": null}",True
NIST-SARD-236684,vulnerable,"{""x"": 7}",producer,"{""aborted"": false, ""events"": [], ""public_state"": [[""audit"", 0]], ""returned"": null, ""violation"": ""INTEGER_OVERFLOW""}","{""aborted"": false, ""events"": [], ""public_state"": [[""audit"", 0]], ""returned"": null, ""violation"": ""INTEGER_OVERFLOW""}",True
NIST-SARD-236684,vulnerable,"{""x"": 7}",checker,"{""aborted"": false, ""events"": [], ""public_state"": [[""audit"", 0]], ""returned"": null, ""violation"": ""INTEGER_OVERFLOW""}","{""aborted"": false, ""events"": [], ""public_state"": [[""audit"", 0]], ""returned"": null, ""violation"": ""INTEGER_OVERFLOW""}",True
NIST-SARD-236684,patched,"{""x"": -8}",producer,"{""aborted"": false, ""events"": [[""effect"", -7]], ""public_state"": [[""audit"", 0]], ""returned"": -7, ""violation"": null}","{""aborted"": false, ""events"": [[""effect"", -7]], ""public_state"": [[""audit"", 0]], ""returned"": -7, ""violation"": null}",True
NIST-SARD-236684,patched,"{""x"": -8}",checker,"{""aborted"": false, ""events"": [[""effect"", -7]], ""public_state"": [[""audit"", 0]], ""returned"": -7, ""violation"": null}","{""aborted"": false, ""events"": [[""effect"", -7]], ""public_state"": [[""audit"", 0]], ""returned"": -7, ""violation"": null}",True
NIST-SARD-236684,patched,"{""x"": 0}",producer,"{""aborted"": false, ""events"": [[""effect"", 1]], ""public_state"": [[""audit"", 0]], ""returned"": 1, ""violation"": null}","{""aborted"": false, ""events"": [[""effect"", 1]], ""public_state"": [[""audit"", 0]], ""returned"": 1, ""violation"": null}",True
NIST-SARD-236684,patched,"{""x"": 0}",checker,"{""aborted"": false, ""events"": [[""effect"", 1]], ""public_state"": [[""audit"", 0]], ""returned"": 1, ""violation"": null}","{""aborted"": false, ""events"": [[""effect"", 1]], ""public_state"": [[""audit"", 0]], ""returned"": 1, ""violation"": null}",True
NIST-SARD-236684,patched,"{""x"": 6}",producer,"{""aborted"": false, ""events"": [[""effect"", 7]], ""public_state"": [[""audit"", 0]], ""returned"": 7, ""violation"": null}","{""aborted"": false, ""events"": [[""effect"", 7]], ""public_state"": [[""audit"", 0]], ""returned"": 7, ""violation"": null}",True
NIST-SARD-236684,patched,"{""x"": 6}",checker,"{""aborted"": false, ""events"": [[""effect"", 7]], ""public_state"": [[""audit"", 0]], ""returned"": 7, ""violation"": null}","{""aborted"": false, ""events"": [[""effect"", 7]], ""public_state"": [[""audit"", 0]], ""returned"": 7, ""violation"": null}",True
NIST-SARD-236684,patched,"{""x"": 7}",producer,"{""aborted"": true, ""events"": [], ""public_state"": [[""audit"", 0]], ""returned"": null, ""violation"": null}","{""aborted"": true, ""events"": [], ""public_state"": [[""audit"", 0]], ""returned"": null, ""violation"": null}",True
NIST-SARD-236684,patched,"{""x"": 7}",checker,"{""aborted"": true, ""events"": [], ""public_state"": [[""audit"", 0]], ""returned"": null, ""violation"": null}","{""aborted"": true, ""events"": [], ""public_state"": [[""audit"", 0]], ""returned"": null, ""violation"": null}",True
NIST-SARD-236942,vulnerable,"{""x"": -8}",producer,"{""aborted"": false, ""events"": [[""effect"", -7]], ""public_state"": [[""audit"", 0]], ""returned"": -7, ""violation"": null}","{""aborted"": false, ""events"": [[""effect"", -7]], ""public_state"": [[""audit"", 0]], ""returned"": -7, ""violation"": null}",True
NIST-SARD-236942,vulnerable,"{""x"": -8}",checker,"{""aborted"": false, ""events"": [[""effect"", -7]], ""public_state"": [[""audit"", 0]], ""returned"": -7, ""violation"": null}","{""aborted"": false, ""events"": [[""effect"", -7]], ""public_state"": [[""audit"", 0]], ""returned"": -7, ""violation"": null}",True
NIST-SARD-236942,vulnerable,"{""x"": 0}",producer,"{""aborted"": false, ""events"": [[""effect"", 1]], ""public_state"": [[""audit"", 0]], ""returned"": 1, ""violation"": null}","{""aborted"": false, ""events"": [[""effect"", 1]], ""public_state"": [[""audit"", 0]], ""returned"": 1, ""violation"": null}",True
NIST-SARD-236942,vulnerable,"{""x"": 0}",checker,"{""aborted"": false, ""events"": [[""effect"", 1]], ""public_state"": [[""audit"", 0]], ""returned"": 1, ""violation"": null}","{""aborted"": false, ""events"": [[""effect"", 1]], ""public_state"": [[""audit"", 0]], ""returned"": 1, ""violation"": null}",True
NIST-SARD-236942,vulnerable,"{""x"": 6}",producer,"{""aborted"": false, ""events"": [[""effect"", 7]], ""public_state"": [[""audit"", 0]], ""returned"": 7, ""violation"": null}","{""aborted"": false, ""events"": [[""effect"", 7]], ""public_state"": [[""audit"", 0]], ""returned"": 7, ""violation"": null}",True
NIST-SARD-236942,vulnerable,"{""x"": 6}",checker,"{""aborted"": false, ""events"": [[""effect"", 7]], ""public_state"": [[""audit"", 0]], ""returned"": 7, ""violation"": null}","{""aborted"": false, ""events"": [[""effect"", 7]], ""public_state"": [[""audit"", 0]], ""returned"": 7, ""violation"": null}",True
NIST-SARD-236942,vulnerable,"{""x"": 7}",producer,"{""aborted"": false, ""events"": [], ""public_state"": [[""audit"", 0]], ""returned"": null, ""violation"": ""INTEGER_OVERFLOW""}","{""aborted"": false, ""events"": [], ""public_state"": [[""audit"", 0]], ""returned"": null, ""violation"": ""INTEGER_OVERFLOW""}",True
NIST-SARD-236942,vulnerable,"{""x"": 7}",checker,"{""aborted"": false, ""events"": [], ""public_state"": [[""audit"", 0]], ""returned"": null, ""violation"": ""INTEGER_OVERFLOW""}","{""aborted"": false, ""events"": [], ""public_state"": [[""audit"", 0]], ""returned"": null, ""violation"": ""INTEGER_OVERFLOW""}",True
NIST-SARD-236942,patched,"{""x"": -8}",producer,"{""aborted"": false, ""events"": [[""effect"", -7]], ""public_state"": [[""audit"", 0]], ""returned"": -7, ""violation"": null}","{""aborted"": false, ""events"": [[""effect"", -7]], ""public_state"": [[""audit"", 0]], ""returned"": -7, ""violation"": null}",True
NIST-SARD-236942,patched,"{""x"": -8}",checker,"{""aborted"": false, ""events"": [[""effect"", -7]], ""public_state"": [[""audit"", 0]], ""returned"": -7, ""violation"": null}","{""aborted"": false, ""events"": [[""effect"", -7]], ""public_state"": [[""audit"", 0]], ""returned"": -7, ""violation"": null}",True
NIST-SARD-236942,patched,"{""x"": 0}",producer,"{""aborted"": false, ""events"": [[""effect"", 1]], ""public_state"": [[""audit"", 0]], ""returned"": 1, ""violation"": null}","{""aborted"": false, ""events"": [[""effect"", 1]], ""public_state"": [[""audit"", 0]], ""returned"": 1, ""violation"": null}",True
NIST-SARD-236942,patched,"{""x"": 0}",checker,"{""aborted"": false, ""events"": [[""effect"", 1]], ""public_state"": [[""audit"", 0]], ""returned"": 1, ""violation"": null}","{""aborted"": false, ""events"": [[""effect"", 1]], ""public_state"": [[""audit"", 0]], ""returned"": 1, ""violation"": null}",True
NIST-SARD-236942,patched,"{""x"": 6}",producer,"{""aborted"": false, ""events"": [[""effect"", 7]], ""public_state"": [[""audit"", 0]], ""returned"": 7, ""violation"": null}","{""aborted"": false, ""events"": [[""effect"", 7]], ""public_state"": [[""audit"", 0]], ""returned"": 7, ""violation"": null}",True
NIST-SARD-236942,patched,"{""x"": 6}",checker,"{""aborted"": false, ""events"": [[""effect"", 7]], ""public_state"": [[""audit"", 0]], ""returned"": 7, ""violation"": null}","{""aborted"": false, ""events"": [[""effect"", 7]], ""public_state"": [[""audit"", 0]], ""returned"": 7, ""violation"": null}",True
NIST-SARD-236942,patched,"{""x"": 7}",producer,"{""aborted"": true, ""events"": [], ""public_state"": [[""audit"", 0]], ""returned"": null, ""violation"": null}","{""aborted"": true, ""events"": [], ""public_state"": [[""audit"", 0]], ""returned"": null, ""violation"": null}",True
NIST-SARD-236942,patched,"{""x"": 7}",checker,"{""aborted"": true, ""events"": [], ""public_state"": [[""audit"", 0]], ""returned"": null, ""violation"": null}","{""aborted"": true, ""events"": [], ""public_state"": [[""audit"", 0]], ""returned"": null, ""violation"": null}",True
NIST-SARD-83596,vulnerable,"{""x"": -8}",producer,"{""aborted"": false, ""events"": [[""effect"", -7]], ""public_state"": [[""audit"", 0]], ""returned"": -7, ""violation"": null}","{""aborted"": false, ""events"": [[""effect"", -7]], ""public_state"": [[""audit"", 0]], ""returned"": -7, ""violation"": null}",True
NIST-SARD-83596,vulnerable,"{""x"": -8}",checker,"{""aborted"": false, ""events"": [[""effect"", -7]], ""public_state"": [[""audit"", 0]], ""returned"": -7, ""violation"": null}","{""aborted"": false, ""events"": [[""effect"", -7]], ""public_state"": [[""audit"", 0]], ""returned"": -7, ""violation"": null}",True
NIST-SARD-83596,vulnerable,"{""x"": 0}",producer,"{""aborted"": false, ""events"": [[""effect"", 1]], ""public_state"": [[""audit"", 0]], ""returned"": 1, ""violation"": null}","{""aborted"": false, ""events"": [[""effect"", 1]], ""public_state"": [[""audit"", 0]], ""returned"": 1, ""violation"": null}",True
NIST-SARD-83596,vulnerable,"{""x"": 0}",checker,"{""aborted"": false, ""events"": [[""effect"", 1]], ""public_state"": [[""audit"", 0]], ""returned"": 1, ""violation"": null}","{""aborted"": false, ""events"": [[""effect"", 1]], ""public_state"": [[""audit"", 0]], ""returned"": 1, ""violation"": null}",True
NIST-SARD-83596,vulnerable,"{""x"": 6}",producer,"{""aborted"": false, ""events"": [[""effect"", 7]], ""public_state"": [[""audit"", 0]], ""returned"": 7, ""violation"": null}","{""aborted"": false, ""events"": [[""effect"", 7]], ""public_state"": [[""audit"", 0]], ""returned"": 7, ""violation"": null}",True
NIST-SARD-83596,vulnerable,"{""x"": 6}",checker,"{""aborted"": false, ""events"": [[""effect"", 7]], ""public_state"": [[""audit"", 0]], ""returned"": 7, ""violation"": null}","{""aborted"": false, ""events"": [[""effect"", 7]], ""public_state"": [[""audit"", 0]], ""returned"": 7, ""violation"": null}",True
NIST-SARD-83596,vulnerable,"{""x"": 7}",producer,"{""aborted"": false, ""events"": [], ""public_state"": [[""audit"", 0]], ""returned"": null, ""violation"": ""INTEGER_OVERFLOW""}","{""aborted"": false, ""events"": [], ""public_state"": [[""audit"", 0]], ""returned"": null, ""violation"": ""INTEGER_OVERFLOW""}",True
NIST-SARD-83596,vulnerable,"{""x"": 7}",checker,"{""aborted"": false, ""events"": [], ""public_state"": [[""audit"", 0]], ""returned"": null, ""violation"": ""INTEGER_OVERFLOW""}","{""aborted"": false, ""events"": [], ""public_state"": [[""audit"", 0]], ""returned"": null, ""violation"": ""INTEGER_OVERFLOW""}",True
NIST-SARD-83596,patched,"{""x"": -8}",producer,"{""aborted"": false, ""events"": [[""effect"", -7]], ""public_state"": [[""audit"", 0]], ""returned"": -7, ""violation"": null}","{""aborted"": false, ""events"": [[""effect"", -7]], ""public_state"": [[""audit"", 0]], ""returned"": -7, ""violation"": null}",True
NIST-SARD-83596,patched,"{""x"": -8}",checker,"{""aborted"": false, ""events"": [[""effect"", -7]], ""public_state"": [[""audit"", 0]], ""returned"": -7, ""violation"": null}","{""aborted"": false, ""events"": [[""effect"", -7]], ""public_state"": [[""audit"", 0]], ""returned"": -7, ""violation"": null}",True
NIST-SARD-83596,patched,"{""x"": 0}",producer,"{""aborted"": false, ""events"": [[""effect"", 1]], ""public_state"": [[""audit"", 0]], ""returned"": 1, ""violation"": null}","{""aborted"": false, ""events"": [[""effect"", 1]], ""public_state"": [[""audit"", 0]], ""returned"": 1, ""violation"": null}",True
NIST-SARD-83596,patched,"{""x"": 0}",checker,"{""aborted"": false, ""events"": [[""effect"", 1]], ""public_state"": [[""audit"", 0]], ""returned"": 1, ""violation"": null}","{""aborted"": false, ""events"": [[""effect"", 1]], ""public_state"": [[""audit"", 0]], ""returned"": 1, ""violation"": null}",True
NIST-SARD-83596,patched,"{""x"": 6}",producer,"{""aborted"": false, ""events"": [[""effect"", 7]], ""public_state"": [[""audit"", 0]], ""returned"": 7, ""violation"": null}","{""aborted"": false, ""events"": [[""effect"", 7]], ""public_state"": [[""audit"", 0]], ""returned"": 7, ""violation"": null}",True
NIST-SARD-83596,patched,"{""x"": 6}",checker,"{""aborted"": false, ""events"": [[""effect"", 7]], ""public_state"": [[""audit"", 0]], ""returned"": 7, ""violation"": null}","{""aborted"": false, ""events"": [[""effect"", 7]], ""public_state"": [[""audit"", 0]], ""returned"": 7, ""violation"": null}",True
NIST-SARD-83596,patched,"{""x"": 7}",producer,"{""aborted"": true, ""events"": [], ""public_state"": [[""audit"", 0]], ""returned"": null, ""violation"": null}","{""aborted"": true, ""events"": [], ""public_state"": [[""audit"", 0]], ""returned"": null, ""violation"": null}",True
NIST-SARD-83596,patched,"{""x"": 7}",checker,"{""aborted"": true, ""events"": [], ""public_state"": [[""audit"", 0]], ""returned"": null, ""violation"": null}","{""aborted"": true, ""events"": [], ""public_state"": [[""audit"", 0]], ""returned"": null, ""violation"": null}",True
SWC-105,vulnerable,"{""sender"": ""owner""}",producer,"{""aborted"": false, ""events"": [[""effect"", 0]], ""public_state"": [[""effect"", 1], [""owner"", ""owner""]], ""returned"": 0, ""violation"": null}","{""aborted"": false, ""events"": [[""effect"", 0]], ""public_state"": [[""effect"", 1], [""owner"", ""owner""]], ""returned"": 0, ""violation"": null}",True
SWC-105,vulnerable,"{""sender"": ""owner""}",checker,"{""aborted"": false, ""events"": [[""effect"", 0]], ""public_state"": [[""effect"", 1], [""owner"", ""owner""]], ""returned"": 0, ""violation"": null}","{""aborted"": false, ""events"": [[""effect"", 0]], ""public_state"": [[""effect"", 1], [""owner"", ""owner""]], ""returned"": 0, ""violation"": null}",True
SWC-105,vulnerable,"{""sender"": ""other""}",producer,"{""aborted"": false, ""events"": [], ""public_state"": [[""effect"", 0], [""owner"", ""owner""]], ""returned"": null, ""violation"": ""UNAUTHORIZED_WRITE""}","{""aborted"": false, ""events"": [], ""public_state"": [[""effect"", 0], [""owner"", ""owner""]], ""returned"": null, ""violation"": ""UNAUTHORIZED_WRITE""}",True
SWC-105,vulnerable,"{""sender"": ""other""}",checker,"{""aborted"": false, ""events"": [], ""public_state"": [[""effect"", 0], [""owner"", ""owner""]], ""returned"": null, ""violation"": ""UNAUTHORIZED_WRITE""}","{""aborted"": false, ""events"": [], ""public_state"": [[""effect"", 0], [""owner"", ""owner""]], ""returned"": null, ""violation"": ""UNAUTHORIZED_WRITE""}",True
SWC-105,patched,"{""sender"": ""owner""}",producer,"{""aborted"": false, ""events"": [[""effect"", 0]], ""public_state"": [[""effect"", 1], [""owner"", ""owner""]], ""returned"": 0, ""violation"": null}","{""aborted"": false, ""events"": [[""effect"", 0]], ""public_state"": [[""effect"", 1], [""owner"", ""owner""]], ""returned"": 0, ""violation"": null}",True
SWC-105,patched,"{""sender"": ""owner""}",checker,"{""aborted"": false, ""events"": [[""effect"", 0]], ""public_state"": [[""effect"", 1], [""owner"", ""owner""]], ""returned"": 0, ""violation"": null}","{""aborted"": false, ""events"": [[""effect"", 0]], ""public_state"": [[""effect"", 1], [""owner"", ""owner""]], ""returned"": 0, ""violation"": null}",True
SWC-105,patched,"{""sender"": ""other""}",producer,"{""aborted"": true, ""events"": [], ""public_state"": [[""effect"", 0], [""owner"", ""owner""]], ""returned"": null, ""violation"": null}","{""aborted"": true, ""events"": [], ""public_state"": [[""effect"", 0], [""owner"", ""owner""]], ""returned"": null, ""violation"": null}",True
SWC-105,patched,"{""sender"": ""other""}",checker,"{""aborted"": true, ""events"": [], ""public_state"": [[""effect"", 0], [""owner"", ""owner""]], ""returned"": null, ""violation"": null}","{""aborted"": true, ""events"": [], ""public_state"": [[""effect"", 0], [""owner"", ""owner""]], ""returned"": null, ""violation"": null}",True
SWC-107,vulnerable,"{""reenter"": false, ""sender"": ""member""}",producer,"{""aborted"": false, ""events"": [[""effect"", 0]], ""public_state"": [[""balances"", {""member"": 0}]], ""returned"": 0, ""violation"": null}","{""aborted"": false, ""events"": [[""effect"", 0]], ""public_state"": [[""balances"", {""member"": 0}]], ""returned"": 0, ""violation"": null}",True
SWC-107,vulnerable,"{""reenter"": false, ""sender"": ""member""}",checker,"{""aborted"": false, ""events"": [[""effect"", 0]], ""public_state"": [[""balances"", {""member"": 0}]], ""returned"": 0, ""violation"": null}","{""aborted"": false, ""events"": [[""effect"", 0]], ""public_state"": [[""balances"", {""member"": 0}]], ""returned"": 0, ""violation"": null}",True
SWC-107,vulnerable,"{""reenter"": true, ""sender"": ""member""}",producer,"{""aborted"": false, ""events"": [], ""public_state"": [[""balances"", {""member"": 4}]], ""returned"": null, ""violation"": ""REENTRANT_WITHDRAWAL""}","{""aborted"": false, ""events"": [], ""public_state"": [[""balances"", {""member"": 4}]], ""returned"": null, ""violation"": ""REENTRANT_WITHDRAWAL""}",True
SWC-107,vulnerable,"{""reenter"": true, ""sender"": ""member""}",checker,"{""aborted"": false, ""events"": [], ""public_state"": [[""balances"", {""member"": 4}]], ""returned"": null, ""violation"": ""REENTRANT_WITHDRAWAL""}","{""aborted"": false, ""events"": [], ""public_state"": [[""balances"", {""member"": 4}]], ""returned"": null, ""violation"": ""REENTRANT_WITHDRAWAL""}",True
SWC-107,patched,"{""reenter"": false, ""sender"": ""member""}",producer,"{""aborted"": false, ""events"": [[""effect"", 0]], ""public_state"": [[""balances"", {""member"": 0}]], ""returned"": 0, ""violation"": null}","{""aborted"": false, ""events"": [[""effect"", 0]], ""public_state"": [[""balances"", {""member"": 0}]], ""returned"": 0, ""violation"": null}",True
SWC-107,patched,"{""reenter"": false, ""sender"": ""member""}",checker,"{""aborted"": false, ""events"": [[""effect"", 0]], ""public_state"": [[""balances"", {""member"": 0}]], ""returned"": 0, ""violation"": null}","{""aborted"": false, ""events"": [[""effect"", 0]], ""public_state"": [[""balances"", {""member"": 0}]], ""returned"": 0, ""violation"": null}",True
SWC-107,patched,"{""reenter"": true, ""sender"": ""member""}",producer,"{""aborted"": false, ""events"": [[""effect"", 0]], ""public_state"": [[""balances"", {""member"": 0}]], ""returned"": 0, ""violation"": null}","{""aborted"": false, ""events"": [[""effect"", 0]], ""public_state"": [[""balances"", {""member"": 0}]], ""returned"": 0, ""violation"": null}",True
SWC-107,patched,"{""reenter"": true, ""sender"": ""member""}",checker,"{""aborted"": false, ""events"": [[""effect"", 0]], ""public_state"": [[""balances"", {""member"": 0}]], ""returned"": 0, ""violation"": null}","{""aborted"": false, ""events"": [[""effect"", 0]], ""public_state"": [[""balances"", {""member"": 0}]], ""returned"": 0, ""violation"": null}",True
SWC-104,vulnerable,"{""call_ok"": false}",producer,"{""aborted"": false, ""events"": [], ""public_state"": [[""effect"", 0]], ""returned"": null, ""violation"": ""UNCHECKED_CALL_FAILURE""}","{""aborted"": false, ""events"": [], ""public_state"": [[""effect"", 0]], ""returned"": null, ""violation"": ""UNCHECKED_CALL_FAILURE""}",True
SWC-104,vulnerable,"{""call_ok"": false}",checker,"{""aborted"": false, ""events"": [], ""public_state"": [[""effect"", 0]], ""returned"": null, ""violation"": ""UNCHECKED_CALL_FAILURE""}","{""aborted"": false, ""events"": [], ""public_state"": [[""effect"", 0]], ""returned"": null, ""violation"": ""UNCHECKED_CALL_FAILURE""}",True
SWC-104,vulnerable,"{""call_ok"": true}",producer,"{""aborted"": false, ""events"": [[""effect"", 0]], ""public_state"": [[""effect"", 1]], ""returned"": 0, ""violation"": null}","{""aborted"": false, ""events"": [[""effect"", 0]], ""public_state"": [[""effect"", 1]], ""returned"": 0, ""violation"": null}",True
SWC-104,vulnerable,"{""call_ok"": true}",checker,"{""aborted"": false, ""events"": [[""effect"", 0]], ""public_state"": [[""effect"", 1]], ""returned"": 0, ""violation"": null}","{""aborted"": false, ""events"": [[""effect"", 0]], ""public_state"": [[""effect"", 1]], ""returned"": 0, ""violation"": null}",True
SWC-104,patched,"{""call_ok"": false}",producer,"{""aborted"": true, ""events"": [], ""public_state"": [[""effect"", 0]], ""returned"": null, ""violation"": null}","{""aborted"": true, ""events"": [], ""public_state"": [[""effect"", 0]], ""returned"": null, ""violation"": null}",True
SWC-104,patched,"{""call_ok"": false}",checker,"{""aborted"": true, ""events"": [], ""public_state"": [[""effect"", 0]], ""returned"": null, ""violation"": null}","{""aborted"": true, ""events"": [], ""public_state"": [[""effect"", 0]], ""returned"": null, ""violation"": null}",True
SWC-104,patched,"{""call_ok"": true}",producer,"{""aborted"": false, ""events"": [[""effect"", 0]], ""public_state"": [[""effect"", 1]], ""returned"": 0, ""violation"": null}","{""aborted"": false, ""events"": [[""effect"", 0]], ""public_state"": [[""effect"", 1]], ""returned"": 0, ""violation"": null}",True
SWC-104,patched,"{""call_ok"": true}",checker,"{""aborted"": false, ""events"": [[""effect"", 0]], ""public_state"": [[""effect"", 1]], ""returned"": 0, ""violation"": null}","{""aborted"": false, ""events"": [[""effect"", 0]], ""public_state"": [[""effect"", 1]], ""returned"": 0, ""violation"": null}",True
