family,class,transform,control,expected_accepted,expected_reason,accepted,reason,obligations,matched_expectation
bounds_write,root-preserving,root-stutter,valid,True,accepted,True,accepted,25,True
bounds_write,root-preserving,root-stutter,missing-edit,False,invalid-transformation,False,invalid-transformation,1,True
bounds_write,root-preserving,root-stutter,wrong-derivation,False,certificate-derivation-mismatch,False,certificate-derivation-mismatch,1,True
bounds_write,root-preserving,root-stutter,extra-no-op,False,invalid-transformation,False,invalid-transformation,1,True
bounds_write,root-preserving,alpha-unused,valid,True,accepted,True,accepted,25,True
bounds_write,root-preserving,alpha-unused,missing-edit,False,invalid-transformation,False,invalid-transformation,1,True
bounds_write,root-preserving,alpha-unused,wrong-derivation,False,certificate-derivation-mismatch,False,certificate-derivation-mismatch,1,True
bounds_write,root-preserving,alpha-unused,extra-no-op,False,invalid-transformation,False,invalid-transformation,1,True
bounds_write,root-preserving,swap-independent,valid,True,accepted,True,accepted,25,True
bounds_write,root-preserving,swap-independent,missing-edit,False,invalid-transformation,False,invalid-transformation,1,True
bounds_write,root-preserving,swap-independent,wrong-derivation,False,certificate-derivation-mismatch,False,certificate-derivation-mismatch,1,True
bounds_write,root-preserving,swap-independent,extra-no-op,False,invalid-transformation,False,invalid-transformation,1,True
bounds_write,root-preserving,guard-dual,valid,True,accepted,True,accepted,25,True
bounds_write,root-preserving,guard-dual,missing-edit,False,invalid-transformation,False,invalid-transformation,1,True
bounds_write,root-preserving,guard-dual,wrong-derivation,False,certificate-derivation-mismatch,False,certificate-derivation-mismatch,1,True
bounds_write,root-preserving,guard-dual,extra-no-op,False,invalid-transformation,False,invalid-transformation,1,True
bounds_write,root-flipping,close-root,valid-exact-repair,True,accepted,True,accepted,22,True
bounds_write,root-flipping,close-root,extra-root-no-op,False,root-repair-mismatch,False,root-repair-mismatch,2,True
bounds_write,root-flipping,open-root,valid-exact-repair,True,accepted,True,accepted,22,True
bounds_write,root-flipping,open-root,extra-root-no-op,False,root-repair-mismatch,False,root-repair-mismatch,2,True
divide_zero,root-flipping,close-root,valid-exact-repair,True,accepted,True,accepted,35,True
divide_zero,root-flipping,close-root,extra-root-no-op,False,root-repair-mismatch,False,root-repair-mismatch,2,True
divide_zero,root-flipping,open-root,valid-exact-repair,True,accepted,True,accepted,35,True
divide_zero,root-flipping,open-root,extra-root-no-op,False,root-repair-mismatch,False,root-repair-mismatch,2,True
fixed_overflow,root-flipping,close-root,valid-exact-repair,True,accepted,True,accepted,26,True
fixed_overflow,root-flipping,close-root,extra-root-no-op,False,root-repair-mismatch,False,root-repair-mismatch,2,True
fixed_overflow,root-flipping,open-root,valid-exact-repair,True,accepted,True,accepted,26,True
fixed_overflow,root-flipping,open-root,extra-root-no-op,False,root-repair-mismatch,False,root-repair-mismatch,2,True
access_control,root-flipping,close-root,valid-exact-repair,True,accepted,True,accepted,16,True
access_control,root-flipping,close-root,extra-root-no-op,False,root-repair-mismatch,False,root-repair-mismatch,2,True
access_control,root-flipping,open-root,valid-exact-repair,True,accepted,True,accepted,16,True
access_control,root-flipping,open-root,extra-root-no-op,False,root-repair-mismatch,False,root-repair-mismatch,2,True
reentrancy,root-flipping,close-root,valid-exact-repair,True,accepted,True,accepted,12,True
reentrancy,root-flipping,close-root,extra-root-no-op,False,root-repair-mismatch,False,root-repair-mismatch,2,True
reentrancy,root-flipping,open-root,valid-exact-repair,True,accepted,True,accepted,12,True
reentrancy,root-flipping,open-root,extra-root-no-op,False,root-repair-mismatch,False,root-repair-mismatch,2,True
unchecked_call,root-flipping,close-root,valid-exact-repair,True,accepted,True,accepted,12,True
unchecked_call,root-flipping,close-root,extra-root-no-op,False,root-repair-mismatch,False,root-repair-mismatch,2,True
unchecked_call,root-flipping,open-root,valid-exact-repair,True,accepted,True,accepted,12,True
unchecked_call,root-flipping,open-root,extra-root-no-op,False,root-repair-mismatch,False,root-repair-mismatch,2,True
divide_zero,root-flipping,close-root,semantically-equivalent-undeclared-guard,False,root-repair-mismatch,False,root-repair-mismatch,2,True
divide_zero,root-flipping,open-root,semantically-equivalent-undeclared-guard,False,root-repair-mismatch,False,root-repair-mismatch,2,True
bounds_write,root-flipping,close-root,empty-safe-domain,False,missing-safe-input,False,missing-safe-input,10,True
bounds_write,root-flipping,open-root,empty-safe-domain,False,missing-safe-input,False,missing-safe-input,10,True
bounds_write,root-flipping,close-root,pre-root-abort-only-safe-partition,False,missing-productive-safe-input,False,missing-productive-safe-input,7,True
bounds_write,root-flipping,open-root,pre-root-abort-only-safe-partition,False,missing-productive-safe-input,False,missing-productive-safe-input,7,True
