family,control,expected_reason,accepted,actual_reason,detected
access_control,context-leakage,context-leakage,False,context-leakage,True
access_control,repair-omitted,root-repair-mismatch,False,root-repair-mismatch,True
access_control,over-restrictive-patch,safe-observation-mismatch,False,safe-observation-mismatch,True
access_control,contradictory-label,contradictory-label,False,contradictory-label,True
access_control,wrong-certificate-family,certificate-family-mismatch,False,certificate-family-mismatch,True
access_control,wrong-certificate-repair,certificate-repair-mismatch,False,certificate-repair-mismatch,True
access_control,contradictory-witness,contradictory-witness,False,contradictory-witness,True
access_control,domain-mismatch,input-domain-mismatch,False,input-domain-mismatch,True
access_control,certificate-endpoint-substitution,certificate-pair-mismatch,False,certificate-pair-mismatch,True
access_control,endpoint-id-convention,certificate-pair-mismatch,False,certificate-pair-mismatch,True
access_control,certificate-witness-out-of-domain,certificate-witness-out-of-domain,False,certificate-witness-out-of-domain,True
access_control,root-label-channel,root-repair-mismatch,False,root-repair-mismatch,True
bounds_write,context-leakage,context-leakage,False,context-leakage,True
bounds_write,repair-omitted,root-repair-mismatch,False,root-repair-mismatch,True
bounds_write,over-restrictive-patch,safe-observation-mismatch,False,safe-observation-mismatch,True
bounds_write,contradictory-label,contradictory-label,False,contradictory-label,True
bounds_write,wrong-certificate-family,certificate-family-mismatch,False,certificate-family-mismatch,True
bounds_write,wrong-certificate-repair,certificate-repair-mismatch,False,certificate-repair-mismatch,True
bounds_write,contradictory-witness,contradictory-witness,False,contradictory-witness,True
bounds_write,domain-mismatch,input-domain-mismatch,False,input-domain-mismatch,True
bounds_write,certificate-endpoint-substitution,certificate-pair-mismatch,False,certificate-pair-mismatch,True
bounds_write,endpoint-id-convention,certificate-pair-mismatch,False,certificate-pair-mismatch,True
bounds_write,certificate-witness-out-of-domain,certificate-witness-out-of-domain,False,certificate-witness-out-of-domain,True
bounds_write,root-label-channel,root-repair-mismatch,False,root-repair-mismatch,True
divide_zero,context-leakage,context-leakage,False,context-leakage,True
divide_zero,repair-omitted,root-repair-mismatch,False,root-repair-mismatch,True
divide_zero,over-restrictive-patch,safe-observation-mismatch,False,safe-observation-mismatch,True
divide_zero,contradictory-label,contradictory-label,False,contradictory-label,True
divide_zero,wrong-certificate-family,certificate-family-mismatch,False,certificate-family-mismatch,True
divide_zero,wrong-certificate-repair,certificate-repair-mismatch,False,certificate-repair-mismatch,True
divide_zero,contradictory-witness,contradictory-witness,False,contradictory-witness,True
divide_zero,domain-mismatch,input-domain-mismatch,False,input-domain-mismatch,True
divide_zero,certificate-endpoint-substitution,certificate-pair-mismatch,False,certificate-pair-mismatch,True
divide_zero,endpoint-id-convention,certificate-pair-mismatch,False,certificate-pair-mismatch,True
divide_zero,certificate-witness-out-of-domain,certificate-witness-out-of-domain,False,certificate-witness-out-of-domain,True
divide_zero,root-label-channel,root-repair-mismatch,False,root-repair-mismatch,True
fixed_overflow,context-leakage,context-leakage,False,context-leakage,True
fixed_overflow,repair-omitted,root-repair-mismatch,False,root-repair-mismatch,True
fixed_overflow,over-restrictive-patch,safe-observation-mismatch,False,safe-observation-mismatch,True
fixed_overflow,contradictory-label,contradictory-label,False,contradictory-label,True
fixed_overflow,wrong-certificate-family,certificate-family-mismatch,False,certificate-family-mismatch,True
fixed_overflow,wrong-certificate-repair,certificate-repair-mismatch,False,certificate-repair-mismatch,True
fixed_overflow,contradictory-witness,contradictory-witness,False,contradictory-witness,True
fixed_overflow,domain-mismatch,input-domain-mismatch,False,input-domain-mismatch,True
fixed_overflow,certificate-endpoint-substitution,certificate-pair-mismatch,False,certificate-pair-mismatch,True
fixed_overflow,endpoint-id-convention,certificate-pair-mismatch,False,certificate-pair-mismatch,True
fixed_overflow,certificate-witness-out-of-domain,certificate-witness-out-of-domain,False,certificate-witness-out-of-domain,True
fixed_overflow,root-label-channel,root-repair-mismatch,False,root-repair-mismatch,True
reentrancy,context-leakage,context-leakage,False,context-leakage,True
reentrancy,repair-omitted,root-repair-mismatch,False,root-repair-mismatch,True
reentrancy,over-restrictive-patch,root-repair-mismatch,False,root-repair-mismatch,True
reentrancy,contradictory-label,contradictory-label,False,contradictory-label,True
reentrancy,wrong-certificate-family,certificate-family-mismatch,False,certificate-family-mismatch,True
reentrancy,wrong-certificate-repair,certificate-repair-mismatch,False,certificate-repair-mismatch,True
reentrancy,contradictory-witness,contradictory-witness,False,contradictory-witness,True
reentrancy,domain-mismatch,input-domain-mismatch,False,input-domain-mismatch,True
reentrancy,certificate-endpoint-substitution,certificate-pair-mismatch,False,certificate-pair-mismatch,True
reentrancy,endpoint-id-convention,certificate-pair-mismatch,False,certificate-pair-mismatch,True
reentrancy,certificate-witness-out-of-domain,certificate-witness-out-of-domain,False,certificate-witness-out-of-domain,True
reentrancy,root-label-channel,root-repair-mismatch,False,root-repair-mismatch,True
unchecked_call,context-leakage,context-leakage,False,context-leakage,True
unchecked_call,repair-omitted,root-repair-mismatch,False,root-repair-mismatch,True
unchecked_call,over-restrictive-patch,root-repair-mismatch,False,root-repair-mismatch,True
unchecked_call,contradictory-label,contradictory-label,False,contradictory-label,True
unchecked_call,wrong-certificate-family,certificate-family-mismatch,False,certificate-family-mismatch,True
unchecked_call,wrong-certificate-repair,certificate-repair-mismatch,False,certificate-repair-mismatch,True
unchecked_call,contradictory-witness,contradictory-witness,False,contradictory-witness,True
unchecked_call,domain-mismatch,input-domain-mismatch,False,input-domain-mismatch,True
unchecked_call,certificate-endpoint-substitution,certificate-pair-mismatch,False,certificate-pair-mismatch,True
unchecked_call,endpoint-id-convention,certificate-pair-mismatch,False,certificate-pair-mismatch,True
unchecked_call,certificate-witness-out-of-domain,certificate-witness-out-of-domain,False,certificate-witness-out-of-domain,True
unchecked_call,root-label-channel,root-repair-mismatch,False,root-repair-mismatch,True
