case_id,mode,vulnerable_order,patched_order,oracle_accepted,checker_accepted,checker_reason,obligations,alias_accepted,untyped_accepted,combined_accepted
observation-001,same-type,WST,GWST,True,True,accepted,23,True,True,True
observation-002,same-type,WST,GWTS,False,False,safe-observation-mismatch,22,False,False,False
observation-003,same-type,WST,GSWT,False,False,safe-observation-mismatch,22,True,False,True
observation-004,same-type,WST,GSTW,False,False,safe-observation-mismatch,22,True,False,True
observation-005,same-type,WST,GTWS,False,False,safe-observation-mismatch,22,False,False,False
observation-006,same-type,WST,GTSW,False,False,safe-observation-mismatch,22,False,False,False
observation-007,same-type,WST,WGST,False,False,patched-still-vulnerable,22,False,False,False
observation-008,same-type,WST,WGTS,False,False,patched-still-vulnerable,22,False,False,False
observation-009,same-type,WST,WSGT,False,False,patched-still-vulnerable,22,False,False,False
observation-010,same-type,WST,WSTG,False,False,patched-still-vulnerable,22,False,False,False
observation-011,same-type,WST,WTGS,False,False,patched-still-vulnerable,22,False,False,False
observation-012,same-type,WST,WTSG,False,False,patched-still-vulnerable,22,False,False,False
observation-013,same-type,WST,SGWT,False,False,safe-observation-mismatch,22,True,False,True
observation-014,same-type,WST,SGTW,False,False,safe-observation-mismatch,22,True,False,True
observation-015,same-type,WST,SWGT,False,False,patched-still-vulnerable,22,False,False,False
observation-016,same-type,WST,SWTG,False,False,patched-still-vulnerable,22,False,False,False
observation-017,same-type,WST,STGW,False,False,safe-observation-mismatch,22,True,False,True
observation-018,same-type,WST,STWG,False,False,patched-still-vulnerable,22,False,False,False
observation-019,same-type,WST,TGWS,False,False,safe-observation-mismatch,22,False,False,False
observation-020,same-type,WST,TGSW,False,False,safe-observation-mismatch,22,False,False,False
observation-021,same-type,WST,TWGS,False,False,patched-still-vulnerable,22,False,False,False
observation-022,same-type,WST,TWSG,False,False,patched-still-vulnerable,22,False,False,False
observation-023,same-type,WST,TSGW,False,False,safe-observation-mismatch,22,False,False,False
observation-024,same-type,WST,TSWG,False,False,patched-still-vulnerable,22,False,False,False
observation-025,same-type,WTS,GWST,False,False,safe-observation-mismatch,22,False,False,False
observation-026,same-type,WTS,GWTS,True,True,accepted,23,True,True,True
observation-027,same-type,WTS,GSWT,False,False,safe-observation-mismatch,22,False,False,False
observation-028,same-type,WTS,GSTW,False,False,safe-observation-mismatch,22,False,False,False
observation-029,same-type,WTS,GTWS,True,True,accepted,23,True,True,True
observation-030,same-type,WTS,GTSW,False,False,safe-observation-mismatch,22,True,False,True
observation-031,same-type,WTS,WGST,False,False,patched-still-vulnerable,22,False,False,False
observation-032,same-type,WTS,WGTS,False,False,patched-still-vulnerable,22,False,False,False
observation-033,same-type,WTS,WSGT,False,False,patched-still-vulnerable,22,False,False,False
observation-034,same-type,WTS,WSTG,False,False,patched-still-vulnerable,22,False,False,False
observation-035,same-type,WTS,WTGS,False,False,patched-still-vulnerable,22,False,False,False
observation-036,same-type,WTS,WTSG,False,False,patched-still-vulnerable,22,False,False,False
observation-037,same-type,WTS,SGWT,False,False,safe-observation-mismatch,22,False,False,False
observation-038,same-type,WTS,SGTW,False,False,safe-observation-mismatch,22,False,False,False
observation-039,same-type,WTS,SWGT,False,False,patched-still-vulnerable,22,False,False,False
observation-040,same-type,WTS,SWTG,False,False,patched-still-vulnerable,22,False,False,False
observation-041,same-type,WTS,STGW,False,False,safe-observation-mismatch,22,False,False,False
observation-042,same-type,WTS,STWG,False,False,patched-still-vulnerable,22,False,False,False
observation-043,same-type,WTS,TGWS,True,True,accepted,23,True,True,True
observation-044,same-type,WTS,TGSW,False,False,safe-observation-mismatch,22,True,False,True
observation-045,same-type,WTS,TWGS,False,False,patched-still-vulnerable,22,False,False,False
observation-046,same-type,WTS,TWSG,False,False,patched-still-vulnerable,22,False,False,False
observation-047,same-type,WTS,TSGW,False,False,safe-observation-mismatch,22,True,False,True
observation-048,same-type,WTS,TSWG,False,False,patched-still-vulnerable,22,False,False,False
observation-049,same-type,SWT,GWST,False,False,safe-observation-mismatch,22,True,False,True
observation-050,same-type,SWT,GWTS,False,False,safe-observation-mismatch,22,False,False,False
observation-051,same-type,SWT,GSWT,True,True,accepted,23,True,True,True
observation-052,same-type,SWT,GSTW,True,True,accepted,23,True,True,True
observation-053,same-type,SWT,GTWS,False,False,safe-observation-mismatch,22,False,False,False
observation-054,same-type,SWT,GTSW,False,False,safe-observation-mismatch,22,False,False,False
observation-055,same-type,SWT,WGST,False,False,patched-still-vulnerable,22,False,False,False
observation-056,same-type,SWT,WGTS,False,False,patched-still-vulnerable,22,False,False,False
observation-057,same-type,SWT,WSGT,False,False,patched-still-vulnerable,22,False,False,False
observation-058,same-type,SWT,WSTG,False,False,patched-still-vulnerable,22,False,False,False
observation-059,same-type,SWT,WTGS,False,False,patched-still-vulnerable,22,False,False,False
observation-060,same-type,SWT,WTSG,False,False,patched-still-vulnerable,22,False,False,False
observation-061,same-type,SWT,SGWT,True,True,accepted,23,True,True,True
observation-062,same-type,SWT,SGTW,True,True,accepted,23,True,True,True
observation-063,same-type,SWT,SWGT,False,False,patched-still-vulnerable,22,False,False,False
observation-064,same-type,SWT,SWTG,False,False,patched-still-vulnerable,22,False,False,False
observation-065,same-type,SWT,STGW,True,True,accepted,23,True,True,True
observation-066,same-type,SWT,STWG,False,False,patched-still-vulnerable,22,False,False,False
observation-067,same-type,SWT,TGWS,False,False,safe-observation-mismatch,22,False,False,False
observation-068,same-type,SWT,TGSW,False,False,safe-observation-mismatch,22,False,False,False
observation-069,same-type,SWT,TWGS,False,False,patched-still-vulnerable,22,False,False,False
observation-070,same-type,SWT,TWSG,False,False,patched-still-vulnerable,22,False,False,False
observation-071,same-type,SWT,TSGW,False,False,safe-observation-mismatch,22,False,False,False
observation-072,same-type,SWT,TSWG,False,False,patched-still-vulnerable,22,False,False,False
observation-073,same-type,STW,GWST,False,False,safe-observation-mismatch,22,True,False,True
observation-074,same-type,STW,GWTS,False,False,safe-observation-mismatch,22,False,False,False
observation-075,same-type,STW,GSWT,True,True,accepted,23,True,True,True
observation-076,same-type,STW,GSTW,True,True,accepted,23,True,True,True
observation-077,same-type,STW,GTWS,False,False,safe-observation-mismatch,22,False,False,False
observation-078,same-type,STW,GTSW,False,False,safe-observation-mismatch,22,False,False,False
observation-079,same-type,STW,WGST,False,False,patched-still-vulnerable,22,False,False,False
observation-080,same-type,STW,WGTS,False,False,patched-still-vulnerable,22,False,False,False
observation-081,same-type,STW,WSGT,False,False,patched-still-vulnerable,22,False,False,False
observation-082,same-type,STW,WSTG,False,False,patched-still-vulnerable,22,False,False,False
observation-083,same-type,STW,WTGS,False,False,patched-still-vulnerable,22,False,False,False
observation-084,same-type,STW,WTSG,False,False,patched-still-vulnerable,22,False,False,False
observation-085,same-type,STW,SGWT,True,True,accepted,23,True,True,True
observation-086,same-type,STW,SGTW,True,True,accepted,23,True,True,True
observation-087,same-type,STW,SWGT,False,False,patched-still-vulnerable,22,False,False,False
observation-088,same-type,STW,SWTG,False,False,patched-still-vulnerable,22,False,False,False
observation-089,same-type,STW,STGW,True,True,accepted,23,True,True,True
observation-090,same-type,STW,STWG,False,False,patched-still-vulnerable,22,False,False,False
observation-091,same-type,STW,TGWS,False,False,safe-observation-mismatch,22,False,False,False
observation-092,same-type,STW,TGSW,False,False,safe-observation-mismatch,22,False,False,False
observation-093,same-type,STW,TWGS,False,False,patched-still-vulnerable,22,False,False,False
observation-094,same-type,STW,TWSG,False,False,patched-still-vulnerable,22,False,False,False
observation-095,same-type,STW,TSGW,False,False,safe-observation-mismatch,22,False,False,False
observation-096,same-type,STW,TSWG,False,False,patched-still-vulnerable,22,False,False,False
observation-097,same-type,TWS,GWST,False,False,safe-observation-mismatch,22,False,False,False
observation-098,same-type,TWS,GWTS,True,True,accepted,23,True,True,True
observation-099,same-type,TWS,GSWT,False,False,safe-observation-mismatch,22,False,False,False
observation-100,same-type,TWS,GSTW,False,False,safe-observation-mismatch,22,False,False,False
observation-101,same-type,TWS,GTWS,True,True,accepted,23,True,True,True
observation-102,same-type,TWS,GTSW,False,False,safe-observation-mismatch,22,True,False,True
observation-103,same-type,TWS,WGST,False,False,patched-still-vulnerable,22,False,False,False
observation-104,same-type,TWS,WGTS,False,False,patched-still-vulnerable,22,False,False,False
observation-105,same-type,TWS,WSGT,False,False,patched-still-vulnerable,22,False,False,False
observation-106,same-type,TWS,WSTG,False,False,patched-still-vulnerable,22,False,False,False
observation-107,same-type,TWS,WTGS,False,False,patched-still-vulnerable,22,False,False,False
observation-108,same-type,TWS,WTSG,False,False,patched-still-vulnerable,22,False,False,False
observation-109,same-type,TWS,SGWT,False,False,safe-observation-mismatch,22,False,False,False
observation-110,same-type,TWS,SGTW,False,False,safe-observation-mismatch,22,False,False,False
observation-111,same-type,TWS,SWGT,False,False,patched-still-vulnerable,22,False,False,False
observation-112,same-type,TWS,SWTG,False,False,patched-still-vulnerable,22,False,False,False
observation-113,same-type,TWS,STGW,False,False,safe-observation-mismatch,22,False,False,False
observation-114,same-type,TWS,STWG,False,False,patched-still-vulnerable,22,False,False,False
observation-115,same-type,TWS,TGWS,True,True,accepted,23,True,True,True
observation-116,same-type,TWS,TGSW,False,False,safe-observation-mismatch,22,True,False,True
observation-117,same-type,TWS,TWGS,False,False,patched-still-vulnerable,22,False,False,False
observation-118,same-type,TWS,TWSG,False,False,patched-still-vulnerable,22,False,False,False
observation-119,same-type,TWS,TSGW,False,False,safe-observation-mismatch,22,True,False,True
observation-120,same-type,TWS,TSWG,False,False,patched-still-vulnerable,22,False,False,False
observation-121,same-type,TSW,GWST,False,False,safe-observation-mismatch,22,False,False,False
observation-122,same-type,TSW,GWTS,False,False,safe-observation-mismatch,22,True,False,True
observation-123,same-type,TSW,GSWT,False,False,safe-observation-mismatch,22,False,False,False
observation-124,same-type,TSW,GSTW,False,False,safe-observation-mismatch,22,False,False,False
observation-125,same-type,TSW,GTWS,False,False,safe-observation-mismatch,22,True,False,True
observation-126,same-type,TSW,GTSW,True,True,accepted,23,True,True,True
observation-127,same-type,TSW,WGST,False,False,patched-still-vulnerable,22,False,False,False
observation-128,same-type,TSW,WGTS,False,False,patched-still-vulnerable,22,False,False,False
observation-129,same-type,TSW,WSGT,False,False,patched-still-vulnerable,22,False,False,False
observation-130,same-type,TSW,WSTG,False,False,patched-still-vulnerable,22,False,False,False
observation-131,same-type,TSW,WTGS,False,False,patched-still-vulnerable,22,False,False,False
observation-132,same-type,TSW,WTSG,False,False,patched-still-vulnerable,22,False,False,False
observation-133,same-type,TSW,SGWT,False,False,safe-observation-mismatch,22,False,False,False
observation-134,same-type,TSW,SGTW,False,False,safe-observation-mismatch,22,False,False,False
observation-135,same-type,TSW,SWGT,False,False,patched-still-vulnerable,22,False,False,False
observation-136,same-type,TSW,SWTG,False,False,patched-still-vulnerable,22,False,False,False
observation-137,same-type,TSW,STGW,False,False,safe-observation-mismatch,22,False,False,False
observation-138,same-type,TSW,STWG,False,False,patched-still-vulnerable,22,False,False,False
observation-139,same-type,TSW,TGWS,False,False,safe-observation-mismatch,22,True,False,True
observation-140,same-type,TSW,TGSW,True,True,accepted,23,True,True,True
observation-141,same-type,TSW,TWGS,False,False,patched-still-vulnerable,22,False,False,False
observation-142,same-type,TSW,TWSG,False,False,patched-still-vulnerable,22,False,False,False
observation-143,same-type,TSW,TSGW,True,True,accepted,23,True,True,True
observation-144,same-type,TSW,TSWG,False,False,patched-still-vulnerable,22,False,False,False
observation-145,distinct-types,WST,GWST,False,False,safe-observation-mismatch,22,False,True,True
observation-146,distinct-types,WST,GWTS,False,False,safe-observation-mismatch,22,False,False,False
observation-147,distinct-types,WST,GSWT,False,False,safe-observation-mismatch,22,False,False,True
observation-148,distinct-types,WST,GSTW,False,False,safe-observation-mismatch,22,False,False,True
observation-149,distinct-types,WST,GTWS,False,False,safe-observation-mismatch,22,False,False,False
observation-150,distinct-types,WST,GTSW,False,False,safe-observation-mismatch,22,False,False,False
observation-151,distinct-types,WST,WGST,False,False,patched-still-vulnerable,22,False,False,False
observation-152,distinct-types,WST,WGTS,False,False,patched-still-vulnerable,22,False,False,False
observation-153,distinct-types,WST,WSGT,False,False,patched-still-vulnerable,22,False,False,False
observation-154,distinct-types,WST,WSTG,False,False,patched-still-vulnerable,22,False,False,False
observation-155,distinct-types,WST,WTGS,False,False,patched-still-vulnerable,22,False,False,False
observation-156,distinct-types,WST,WTSG,False,False,patched-still-vulnerable,22,False,False,False
observation-157,distinct-types,WST,SGWT,False,False,safe-observation-mismatch,22,False,False,True
observation-158,distinct-types,WST,SGTW,False,False,safe-observation-mismatch,22,False,False,True
observation-159,distinct-types,WST,SWGT,False,False,patched-still-vulnerable,22,False,False,False
observation-160,distinct-types,WST,SWTG,False,False,patched-still-vulnerable,22,False,False,False
observation-161,distinct-types,WST,STGW,False,False,safe-observation-mismatch,22,False,False,True
observation-162,distinct-types,WST,STWG,False,False,patched-still-vulnerable,22,False,False,False
observation-163,distinct-types,WST,TGWS,False,False,safe-observation-mismatch,22,False,False,False
observation-164,distinct-types,WST,TGSW,False,False,safe-observation-mismatch,22,False,False,False
observation-165,distinct-types,WST,TWGS,False,False,patched-still-vulnerable,22,False,False,False
observation-166,distinct-types,WST,TWSG,False,False,patched-still-vulnerable,22,False,False,False
observation-167,distinct-types,WST,TSGW,False,False,safe-observation-mismatch,22,False,False,False
observation-168,distinct-types,WST,TSWG,False,False,patched-still-vulnerable,22,False,False,False
observation-169,distinct-types,WTS,GWST,False,False,safe-observation-mismatch,22,False,False,False
observation-170,distinct-types,WTS,GWTS,False,False,safe-observation-mismatch,22,False,True,True
observation-171,distinct-types,WTS,GSWT,False,False,safe-observation-mismatch,22,False,False,False
observation-172,distinct-types,WTS,GSTW,False,False,safe-observation-mismatch,22,False,False,False
observation-173,distinct-types,WTS,GTWS,False,False,safe-observation-mismatch,22,False,True,True
observation-174,distinct-types,WTS,GTSW,False,False,safe-observation-mismatch,22,False,False,True
observation-175,distinct-types,WTS,WGST,False,False,patched-still-vulnerable,22,False,False,False
observation-176,distinct-types,WTS,WGTS,False,False,patched-still-vulnerable,22,False,False,False
observation-177,distinct-types,WTS,WSGT,False,False,patched-still-vulnerable,22,False,False,False
observation-178,distinct-types,WTS,WSTG,False,False,patched-still-vulnerable,22,False,False,False
observation-179,distinct-types,WTS,WTGS,False,False,patched-still-vulnerable,22,False,False,False
observation-180,distinct-types,WTS,WTSG,False,False,patched-still-vulnerable,22,False,False,False
observation-181,distinct-types,WTS,SGWT,False,False,safe-observation-mismatch,22,False,False,False
observation-182,distinct-types,WTS,SGTW,False,False,safe-observation-mismatch,22,False,False,False
observation-183,distinct-types,WTS,SWGT,False,False,patched-still-vulnerable,22,False,False,False
observation-184,distinct-types,WTS,SWTG,False,False,patched-still-vulnerable,22,False,False,False
observation-185,distinct-types,WTS,STGW,False,False,safe-observation-mismatch,22,False,False,False
observation-186,distinct-types,WTS,STWG,False,False,patched-still-vulnerable,22,False,False,False
observation-187,distinct-types,WTS,TGWS,False,False,safe-observation-mismatch,22,False,True,True
observation-188,distinct-types,WTS,TGSW,False,False,safe-observation-mismatch,22,False,False,True
observation-189,distinct-types,WTS,TWGS,False,False,patched-still-vulnerable,22,False,False,False
observation-190,distinct-types,WTS,TWSG,False,False,patched-still-vulnerable,22,False,False,False
observation-191,distinct-types,WTS,TSGW,False,False,safe-observation-mismatch,22,False,False,True
observation-192,distinct-types,WTS,TSWG,False,False,patched-still-vulnerable,22,False,False,False
observation-193,distinct-types,SWT,GWST,False,False,safe-observation-mismatch,22,False,False,True
observation-194,distinct-types,SWT,GWTS,False,False,safe-observation-mismatch,22,False,False,False
observation-195,distinct-types,SWT,GSWT,False,False,safe-observation-mismatch,22,False,True,True
observation-196,distinct-types,SWT,GSTW,False,False,safe-observation-mismatch,22,False,True,True
observation-197,distinct-types,SWT,GTWS,False,False,safe-observation-mismatch,22,False,False,False
observation-198,distinct-types,SWT,GTSW,False,False,safe-observation-mismatch,22,False,False,False
observation-199,distinct-types,SWT,WGST,False,False,patched-still-vulnerable,22,False,False,False
observation-200,distinct-types,SWT,WGTS,False,False,patched-still-vulnerable,22,False,False,False
observation-201,distinct-types,SWT,WSGT,False,False,patched-still-vulnerable,22,False,False,False
observation-202,distinct-types,SWT,WSTG,False,False,patched-still-vulnerable,22,False,False,False
observation-203,distinct-types,SWT,WTGS,False,False,patched-still-vulnerable,22,False,False,False
observation-204,distinct-types,SWT,WTSG,False,False,patched-still-vulnerable,22,False,False,False
observation-205,distinct-types,SWT,SGWT,False,False,safe-observation-mismatch,22,False,True,True
observation-206,distinct-types,SWT,SGTW,False,False,safe-observation-mismatch,22,False,True,True
observation-207,distinct-types,SWT,SWGT,False,False,patched-still-vulnerable,22,False,False,False
observation-208,distinct-types,SWT,SWTG,False,False,patched-still-vulnerable,22,False,False,False
observation-209,distinct-types,SWT,STGW,False,False,safe-observation-mismatch,22,False,True,True
observation-210,distinct-types,SWT,STWG,False,False,patched-still-vulnerable,22,False,False,False
observation-211,distinct-types,SWT,TGWS,False,False,safe-observation-mismatch,22,False,False,False
observation-212,distinct-types,SWT,TGSW,False,False,safe-observation-mismatch,22,False,False,False
observation-213,distinct-types,SWT,TWGS,False,False,patched-still-vulnerable,22,False,False,False
observation-214,distinct-types,SWT,TWSG,False,False,patched-still-vulnerable,22,False,False,False
observation-215,distinct-types,SWT,TSGW,False,False,safe-observation-mismatch,22,False,False,False
observation-216,distinct-types,SWT,TSWG,False,False,patched-still-vulnerable,22,False,False,False
observation-217,distinct-types,STW,GWST,False,False,safe-observation-mismatch,22,False,False,True
observation-218,distinct-types,STW,GWTS,False,False,safe-observation-mismatch,22,False,False,False
observation-219,distinct-types,STW,GSWT,False,False,safe-observation-mismatch,22,False,True,True
observation-220,distinct-types,STW,GSTW,False,False,safe-observation-mismatch,22,False,True,True
observation-221,distinct-types,STW,GTWS,False,False,safe-observation-mismatch,22,False,False,False
observation-222,distinct-types,STW,GTSW,False,False,safe-observation-mismatch,22,False,False,False
observation-223,distinct-types,STW,WGST,False,False,patched-still-vulnerable,22,False,False,False
observation-224,distinct-types,STW,WGTS,False,False,patched-still-vulnerable,22,False,False,False
observation-225,distinct-types,STW,WSGT,False,False,patched-still-vulnerable,22,False,False,False
observation-226,distinct-types,STW,WSTG,False,False,patched-still-vulnerable,22,False,False,False
observation-227,distinct-types,STW,WTGS,False,False,patched-still-vulnerable,22,False,False,False
observation-228,distinct-types,STW,WTSG,False,False,patched-still-vulnerable,22,False,False,False
observation-229,distinct-types,STW,SGWT,False,False,safe-observation-mismatch,22,False,True,True
observation-230,distinct-types,STW,SGTW,False,False,safe-observation-mismatch,22,False,True,True
observation-231,distinct-types,STW,SWGT,False,False,patched-still-vulnerable,22,False,False,False
observation-232,distinct-types,STW,SWTG,False,False,patched-still-vulnerable,22,False,False,False
observation-233,distinct-types,STW,STGW,False,False,safe-observation-mismatch,22,False,True,True
observation-234,distinct-types,STW,STWG,False,False,patched-still-vulnerable,22,False,False,False
observation-235,distinct-types,STW,TGWS,False,False,safe-observation-mismatch,22,False,False,False
observation-236,distinct-types,STW,TGSW,False,False,safe-observation-mismatch,22,False,False,False
observation-237,distinct-types,STW,TWGS,False,False,patched-still-vulnerable,22,False,False,False
observation-238,distinct-types,STW,TWSG,False,False,patched-still-vulnerable,22,False,False,False
observation-239,distinct-types,STW,TSGW,False,False,safe-observation-mismatch,22,False,False,False
observation-240,distinct-types,STW,TSWG,False,False,patched-still-vulnerable,22,False,False,False
observation-241,distinct-types,TWS,GWST,False,False,safe-observation-mismatch,22,False,False,False
observation-242,distinct-types,TWS,GWTS,False,False,safe-observation-mismatch,22,False,True,True
observation-243,distinct-types,TWS,GSWT,False,False,safe-observation-mismatch,22,False,False,False
observation-244,distinct-types,TWS,GSTW,False,False,safe-observation-mismatch,22,False,False,False
observation-245,distinct-types,TWS,GTWS,False,False,safe-observation-mismatch,22,False,True,True
observation-246,distinct-types,TWS,GTSW,False,False,safe-observation-mismatch,22,False,False,True
observation-247,distinct-types,TWS,WGST,False,False,patched-still-vulnerable,22,False,False,False
observation-248,distinct-types,TWS,WGTS,False,False,patched-still-vulnerable,22,False,False,False
observation-249,distinct-types,TWS,WSGT,False,False,patched-still-vulnerable,22,False,False,False
observation-250,distinct-types,TWS,WSTG,False,False,patched-still-vulnerable,22,False,False,False
observation-251,distinct-types,TWS,WTGS,False,False,patched-still-vulnerable,22,False,False,False
observation-252,distinct-types,TWS,WTSG,False,False,patched-still-vulnerable,22,False,False,False
observation-253,distinct-types,TWS,SGWT,False,False,safe-observation-mismatch,22,False,False,False
observation-254,distinct-types,TWS,SGTW,False,False,safe-observation-mismatch,22,False,False,False
observation-255,distinct-types,TWS,SWGT,False,False,patched-still-vulnerable,22,False,False,False
observation-256,distinct-types,TWS,SWTG,False,False,patched-still-vulnerable,22,False,False,False
observation-257,distinct-types,TWS,STGW,False,False,safe-observation-mismatch,22,False,False,False
observation-258,distinct-types,TWS,STWG,False,False,patched-still-vulnerable,22,False,False,False
observation-259,distinct-types,TWS,TGWS,False,False,safe-observation-mismatch,22,False,True,True
observation-260,distinct-types,TWS,TGSW,False,False,safe-observation-mismatch,22,False,False,True
observation-261,distinct-types,TWS,TWGS,False,False,patched-still-vulnerable,22,False,False,False
observation-262,distinct-types,TWS,TWSG,False,False,patched-still-vulnerable,22,False,False,False
observation-263,distinct-types,TWS,TSGW,False,False,safe-observation-mismatch,22,False,False,True
observation-264,distinct-types,TWS,TSWG,False,False,patched-still-vulnerable,22,False,False,False
observation-265,distinct-types,TSW,GWST,False,False,safe-observation-mismatch,22,False,False,False
observation-266,distinct-types,TSW,GWTS,False,False,safe-observation-mismatch,22,False,False,True
observation-267,distinct-types,TSW,GSWT,False,False,safe-observation-mismatch,22,False,False,False
observation-268,distinct-types,TSW,GSTW,False,False,safe-observation-mismatch,22,False,False,False
observation-269,distinct-types,TSW,GTWS,False,False,safe-observation-mismatch,22,False,False,True
observation-270,distinct-types,TSW,GTSW,False,False,safe-observation-mismatch,22,False,True,True
observation-271,distinct-types,TSW,WGST,False,False,patched-still-vulnerable,22,False,False,False
observation-272,distinct-types,TSW,WGTS,False,False,patched-still-vulnerable,22,False,False,False
observation-273,distinct-types,TSW,WSGT,False,False,patched-still-vulnerable,22,False,False,False
observation-274,distinct-types,TSW,WSTG,False,False,patched-still-vulnerable,22,False,False,False
observation-275,distinct-types,TSW,WTGS,False,False,patched-still-vulnerable,22,False,False,False
observation-276,distinct-types,TSW,WTSG,False,False,patched-still-vulnerable,22,False,False,False
observation-277,distinct-types,TSW,SGWT,False,False,safe-observation-mismatch,22,False,False,False
observation-278,distinct-types,TSW,SGTW,False,False,safe-observation-mismatch,22,False,False,False
observation-279,distinct-types,TSW,SWGT,False,False,patched-still-vulnerable,22,False,False,False
observation-280,distinct-types,TSW,SWTG,False,False,patched-still-vulnerable,22,False,False,False
observation-281,distinct-types,TSW,STGW,False,False,safe-observation-mismatch,22,False,False,False
observation-282,distinct-types,TSW,STWG,False,False,patched-still-vulnerable,22,False,False,False
observation-283,distinct-types,TSW,TGWS,False,False,safe-observation-mismatch,22,False,False,True
observation-284,distinct-types,TSW,TGSW,False,False,safe-observation-mismatch,22,False,True,True
observation-285,distinct-types,TSW,TWGS,False,False,patched-still-vulnerable,22,False,False,False
observation-286,distinct-types,TSW,TWSG,False,False,patched-still-vulnerable,22,False,False,False
observation-287,distinct-types,TSW,TSGW,False,False,safe-observation-mismatch,22,False,True,True
observation-288,distinct-types,TSW,TSWG,False,False,patched-still-vulnerable,22,False,False,False
