pair_id,profile,family,source_kind,accepted,reason,input_count,obligations,safe_inputs_compared,productive_safe_inputs,vulnerable_inputs,certificate_bytes,elapsed_ms
gen-bounds_write-000,c,bounds_write,generated,True,accepted,8,24,4,4,4,313,1.151261
gen-bounds_write-001,c,bounds_write,generated,True,accepted,8,24,4,4,4,313,0.886918
gen-bounds_write-002,c,bounds_write,generated,True,accepted,8,24,4,4,4,313,1.110601
gen-bounds_write-003,c,bounds_write,generated,True,accepted,8,24,4,4,4,313,1.017162
gen-bounds_write-004,c,bounds_write,generated,True,accepted,8,24,4,4,4,313,1.043241
gen-bounds_write-005,c,bounds_write,generated,True,accepted,8,24,4,4,4,313,0.925436
gen-bounds_write-006,c,bounds_write,generated,True,accepted,8,24,4,4,4,313,0.858566
gen-bounds_write-007,c,bounds_write,generated,True,accepted,8,24,4,4,4,313,0.888361
gen-bounds_write-008,c,bounds_write,generated,True,accepted,8,24,4,4,4,313,0.964664
gen-bounds_write-009,c,bounds_write,generated,True,accepted,8,24,4,4,4,313,0.838577
gen-bounds_write-010,c,bounds_write,generated,True,accepted,8,24,4,4,4,313,0.790766
gen-bounds_write-011,c,bounds_write,generated,True,accepted,8,24,4,4,4,313,0.830244
gen-bounds_write-012,c,bounds_write,generated,True,accepted,8,24,4,4,4,313,0.907208
gen-bounds_write-013,c,bounds_write,generated,True,accepted,8,24,4,4,4,313,0.890143
gen-bounds_write-014,c,bounds_write,generated,True,accepted,8,24,4,4,4,313,0.84073
gen-bounds_write-015,c,bounds_write,generated,True,accepted,8,24,4,4,4,313,0.9485
gen-bounds_write-016,c,bounds_write,generated,True,accepted,8,24,4,4,4,313,0.903654
gen-bounds_write-017,c,bounds_write,generated,True,accepted,8,24,4,4,4,313,0.82051
gen-bounds_write-018,c,bounds_write,generated,True,accepted,8,24,4,4,4,313,0.922802
gen-bounds_write-019,c,bounds_write,generated,True,accepted,8,24,4,4,4,313,0.836804
gen-bounds_write-020,c,bounds_write,generated,True,accepted,8,24,4,4,4,313,0.857886
gen-bounds_write-021,c,bounds_write,generated,True,accepted,8,24,4,4,4,313,0.947759
gen-bounds_write-022,c,bounds_write,generated,True,accepted,8,24,4,4,4,313,0.929051
gen-bounds_write-023,c,bounds_write,generated,True,accepted,8,24,4,4,4,313,0.86127
gen-bounds_write-024,c,bounds_write,generated,True,accepted,8,24,4,4,4,313,0.870624
gen-bounds_write-025,c,bounds_write,generated,True,accepted,8,24,4,4,4,313,0.820069
gen-bounds_write-026,c,bounds_write,generated,True,accepted,8,24,4,4,4,313,0.802162
gen-bounds_write-027,c,bounds_write,generated,True,accepted,8,24,4,4,4,313,0.905677
gen-bounds_write-028,c,bounds_write,generated,True,accepted,8,24,4,4,4,313,0.865217
gen-bounds_write-029,c,bounds_write,generated,True,accepted,8,24,4,4,4,313,0.786069
gen-bounds_write-030,c,bounds_write,generated,True,accepted,8,24,4,4,4,313,0.814451
gen-bounds_write-031,c,bounds_write,generated,True,accepted,8,24,4,4,4,313,0.913478
gen-bounds_write-032,c,bounds_write,generated,True,accepted,8,24,4,4,4,313,0.925585
gen-bounds_write-033,c,bounds_write,generated,True,accepted,8,24,4,4,4,313,0.82024
gen-bounds_write-034,c,bounds_write,generated,True,accepted,8,24,4,4,4,313,0.810364
gen-bounds_write-035,c,bounds_write,generated,True,accepted,8,24,4,4,4,313,0.83435
gen-bounds_write-036,c,bounds_write,generated,True,accepted,8,24,4,4,4,313,1.002069
gen-bounds_write-037,c,bounds_write,generated,True,accepted,8,24,4,4,4,313,1.167195
gen-bounds_write-038,c,bounds_write,generated,True,accepted,8,24,4,4,4,313,0.813049
gen-bounds_write-039,c,bounds_write,generated,True,accepted,8,24,4,4,4,313,1.250448
pub-bounds_write-00,c,bounds_write,synthetic-reference-tagged,True,accepted,8,24,4,4,4,310,0.938285
pub-bounds_write-01,c,bounds_write,synthetic-reference-tagged,True,accepted,8,24,4,4,4,310,0.802202
pub-bounds_write-02,c,bounds_write,synthetic-reference-tagged,True,accepted,8,24,4,4,4,310,0.921159
gen-divide_zero-000,c,divide_zero,generated,True,accepted,12,37,9,9,3,321,0.845637
gen-divide_zero-001,c,divide_zero,generated,True,accepted,12,37,9,9,3,321,0.899256
gen-divide_zero-002,c,divide_zero,generated,True,accepted,12,37,9,9,3,321,0.848461
gen-divide_zero-003,c,divide_zero,generated,True,accepted,12,37,9,9,3,321,0.794681
gen-divide_zero-004,c,divide_zero,generated,True,accepted,12,37,9,9,3,321,0.821451
gen-divide_zero-005,c,divide_zero,generated,True,accepted,12,37,9,9,3,321,0.76014
gen-divide_zero-006,c,divide_zero,generated,True,accepted,12,37,9,9,3,321,0.860039
gen-divide_zero-007,c,divide_zero,generated,True,accepted,12,37,9,9,3,321,0.882481
gen-divide_zero-008,c,divide_zero,generated,True,accepted,12,37,9,9,3,321,0.854
gen-divide_zero-009,c,divide_zero,generated,True,accepted,12,37,9,9,3,321,0.821541
gen-divide_zero-010,c,divide_zero,generated,True,accepted,12,37,9,9,3,321,0.853769
gen-divide_zero-011,c,divide_zero,generated,True,accepted,12,37,9,9,3,321,0.808913
gen-divide_zero-012,c,divide_zero,generated,True,accepted,12,37,9,9,3,321,0.767792
gen-divide_zero-013,c,divide_zero,generated,True,accepted,12,37,9,9,3,321,0.842612
gen-divide_zero-014,c,divide_zero,generated,True,accepted,12,37,9,9,3,321,0.816103
gen-divide_zero-015,c,divide_zero,generated,True,accepted,12,37,9,9,3,321,0.840189
gen-divide_zero-016,c,divide_zero,generated,True,accepted,12,37,9,9,3,321,0.806178
gen-divide_zero-017,c,divide_zero,generated,True,accepted,12,37,9,9,3,321,0.822102
gen-divide_zero-018,c,divide_zero,generated,True,accepted,12,37,9,9,3,321,0.760911
gen-divide_zero-019,c,divide_zero,generated,True,accepted,12,37,9,9,3,321,0.952215
gen-divide_zero-020,c,divide_zero,generated,True,accepted,12,37,9,9,3,321,0.803905
gen-divide_zero-021,c,divide_zero,generated,True,accepted,12,37,9,9,3,321,0.775563
gen-divide_zero-022,c,divide_zero,generated,True,accepted,12,37,9,9,3,321,0.83445
gen-divide_zero-023,c,divide_zero,generated,True,accepted,12,37,9,9,3,321,0.871896
gen-divide_zero-024,c,divide_zero,generated,True,accepted,12,37,9,9,3,321,0.76671
gen-divide_zero-025,c,divide_zero,generated,True,accepted,12,37,9,9,3,321,1.229778
gen-divide_zero-026,c,divide_zero,generated,True,accepted,12,37,9,9,3,321,0.868281
gen-divide_zero-027,c,divide_zero,generated,True,accepted,12,37,9,9,3,321,0.78762
gen-divide_zero-028,c,divide_zero,generated,True,accepted,12,37,9,9,3,321,0.904634
gen-divide_zero-029,c,divide_zero,generated,True,accepted,12,37,9,9,3,321,0.804025
gen-divide_zero-030,c,divide_zero,generated,True,accepted,12,37,9,9,3,321,0.897534
gen-divide_zero-031,c,divide_zero,generated,True,accepted,12,37,9,9,3,321,0.842422
gen-divide_zero-032,c,divide_zero,generated,True,accepted,12,37,9,9,3,321,0.941049
gen-divide_zero-033,c,divide_zero,generated,True,accepted,12,37,9,9,3,321,0.819378
gen-divide_zero-034,c,divide_zero,generated,True,accepted,12,37,9,9,3,321,0.759269
gen-divide_zero-035,c,divide_zero,generated,True,accepted,12,37,9,9,3,321,1.215046
gen-divide_zero-036,c,divide_zero,generated,True,accepted,12,37,9,9,3,321,1.050711
gen-divide_zero-037,c,divide_zero,generated,True,accepted,12,37,9,9,3,321,0.914299
gen-divide_zero-038,c,divide_zero,generated,True,accepted,12,37,9,9,3,321,1.090131
gen-divide_zero-039,c,divide_zero,generated,True,accepted,12,37,9,9,3,321,0.856854
pub-divide_zero-00,c,divide_zero,synthetic-reference-tagged,True,accepted,12,37,9,9,3,318,0.780691
pub-divide_zero-01,c,divide_zero,synthetic-reference-tagged,True,accepted,12,37,9,9,3,318,0.829843
pub-divide_zero-02,c,divide_zero,synthetic-reference-tagged,True,accepted,12,37,9,9,3,318,0.819208
gen-fixed_overflow-000,c,fixed_overflow,generated,True,accepted,9,28,6,6,3,319,0.832798
gen-fixed_overflow-001,c,fixed_overflow,generated,True,accepted,9,28,6,6,3,318,0.765178
gen-fixed_overflow-002,c,fixed_overflow,generated,True,accepted,9,28,6,6,3,319,0.829863
gen-fixed_overflow-003,c,fixed_overflow,generated,True,accepted,9,28,6,6,3,319,0.740801
gen-fixed_overflow-004,c,fixed_overflow,generated,True,accepted,9,28,6,6,3,319,0.691047
gen-fixed_overflow-005,c,fixed_overflow,generated,True,accepted,9,28,6,6,3,318,0.68618
gen-fixed_overflow-006,c,fixed_overflow,generated,True,accepted,9,28,6,6,3,319,0.710886
gen-fixed_overflow-007,c,fixed_overflow,generated,True,accepted,9,28,6,6,3,319,0.665199
gen-fixed_overflow-008,c,fixed_overflow,generated,True,accepted,9,28,6,6,3,319,0.817495
gen-fixed_overflow-009,c,fixed_overflow,generated,True,accepted,9,28,6,6,3,318,0.905516
gen-fixed_overflow-010,c,fixed_overflow,generated,True,accepted,9,28,6,6,3,319,0.745197
gen-fixed_overflow-011,c,fixed_overflow,generated,True,accepted,9,28,6,6,3,319,0.698288
gen-fixed_overflow-012,c,fixed_overflow,generated,True,accepted,9,28,6,6,3,319,0.965595
gen-fixed_overflow-013,c,fixed_overflow,generated,True,accepted,9,28,6,6,3,318,0.697497
gen-fixed_overflow-014,c,fixed_overflow,generated,True,accepted,9,28,6,6,3,319,0.795022
gen-fixed_overflow-015,c,fixed_overflow,generated,True,accepted,9,28,6,6,3,319,0.736875
gen-fixed_overflow-016,c,fixed_overflow,generated,True,accepted,9,28,6,6,3,319,0.88834
gen-fixed_overflow-017,c,fixed_overflow,generated,True,accepted,9,28,6,6,3,318,0.69244
gen-fixed_overflow-018,c,fixed_overflow,generated,True,accepted,9,28,6,6,3,319,0.746179
gen-fixed_overflow-019,c,fixed_overflow,generated,True,accepted,9,28,6,6,3,319,0.818586
gen-fixed_overflow-020,c,fixed_overflow,generated,True,accepted,9,28,6,6,3,319,0.83391
gen-fixed_overflow-021,c,fixed_overflow,generated,True,accepted,9,28,6,6,3,318,0.76748
gen-fixed_overflow-022,c,fixed_overflow,generated,True,accepted,9,28,6,6,3,319,0.676766
gen-fixed_overflow-023,c,fixed_overflow,generated,True,accepted,9,28,6,6,3,319,1.094983
gen-fixed_overflow-024,c,fixed_overflow,generated,True,accepted,9,28,6,6,3,319,0.786609
gen-fixed_overflow-025,c,fixed_overflow,generated,True,accepted,9,28,6,6,3,318,0.758848
gen-fixed_overflow-026,c,fixed_overflow,generated,True,accepted,9,28,6,6,3,319,0.69961
gen-fixed_overflow-027,c,fixed_overflow,generated,True,accepted,9,28,6,6,3,319,0.711708
gen-fixed_overflow-028,c,fixed_overflow,generated,True,accepted,9,28,6,6,3,319,0.723335
gen-fixed_overflow-029,c,fixed_overflow,generated,True,accepted,9,28,6,6,3,318,1.039915
gen-fixed_overflow-030,c,fixed_overflow,generated,True,accepted,9,28,6,6,3,319,0.857886
gen-fixed_overflow-031,c,fixed_overflow,generated,True,accepted,9,28,6,6,3,319,0.729715
gen-fixed_overflow-032,c,fixed_overflow,generated,True,accepted,9,28,6,6,3,319,1.270268
gen-fixed_overflow-033,c,fixed_overflow,generated,True,accepted,9,28,6,6,3,318,0.879007
gen-fixed_overflow-034,c,fixed_overflow,generated,True,accepted,9,28,6,6,3,319,0.837735
gen-fixed_overflow-035,c,fixed_overflow,generated,True,accepted,9,28,6,6,3,319,1.801338
gen-fixed_overflow-036,c,fixed_overflow,generated,True,accepted,9,28,6,6,3,319,0.791798
gen-fixed_overflow-037,c,fixed_overflow,generated,True,accepted,9,28,6,6,3,318,0.701242
gen-fixed_overflow-038,c,fixed_overflow,generated,True,accepted,9,28,6,6,3,319,1.317439
gen-fixed_overflow-039,c,fixed_overflow,generated,True,accepted,9,28,6,6,3,319,0.843504
pub-fixed_overflow-00,c,fixed_overflow,synthetic-reference-tagged,True,accepted,9,28,6,6,3,316,2.566254
pub-fixed_overflow-01,c,fixed_overflow,synthetic-reference-tagged,True,accepted,9,28,6,6,3,315,0.819458
pub-fixed_overflow-02,c,fixed_overflow,synthetic-reference-tagged,True,accepted,9,28,6,6,3,316,0.858366
gen-access_control-000,solidity,access_control,generated,True,accepted,6,18,2,2,4,328,0.62551
gen-access_control-001,solidity,access_control,generated,True,accepted,6,18,2,2,4,328,0.581615
gen-access_control-002,solidity,access_control,generated,True,accepted,6,18,2,2,4,328,0.533063
gen-access_control-003,solidity,access_control,generated,True,accepted,6,18,2,2,4,328,0.508335
gen-access_control-004,solidity,access_control,generated,True,accepted,6,18,2,2,4,328,0.533563
gen-access_control-005,solidity,access_control,generated,True,accepted,6,18,2,2,4,328,0.582736
gen-access_control-006,solidity,access_control,generated,True,accepted,6,18,2,2,4,328,0.587694
gen-access_control-007,solidity,access_control,generated,True,accepted,6,18,2,2,4,328,0.514745
gen-access_control-008,solidity,access_control,generated,True,accepted,6,18,2,2,4,328,0.520744
gen-access_control-009,solidity,access_control,generated,True,accepted,6,18,2,2,4,328,0.495026
gen-access_control-010,solidity,access_control,generated,True,accepted,6,18,2,2,4,328,0.512833
gen-access_control-011,solidity,access_control,generated,True,accepted,6,18,2,2,4,328,0.489548
gen-access_control-012,solidity,access_control,generated,True,accepted,6,18,2,2,4,328,0.513553
gen-access_control-013,solidity,access_control,generated,True,accepted,6,18,2,2,4,328,0.625079
gen-access_control-014,solidity,access_control,generated,True,accepted,6,18,2,2,4,328,0.514515
gen-access_control-015,solidity,access_control,generated,True,accepted,6,18,2,2,4,328,0.513343
gen-access_control-016,solidity,access_control,generated,True,accepted,6,18,2,2,4,328,0.495227
gen-access_control-017,solidity,access_control,generated,True,accepted,6,18,2,2,4,328,0.507694
gen-access_control-018,solidity,access_control,generated,True,accepted,6,18,2,2,4,328,0.553522
gen-access_control-019,solidity,access_control,generated,True,accepted,6,18,2,2,4,328,0.604919
gen-access_control-020,solidity,access_control,generated,True,accepted,6,18,2,2,4,328,0.615104
gen-access_control-021,solidity,access_control,generated,True,accepted,6,18,2,2,4,328,0.559361
gen-access_control-022,solidity,access_control,generated,True,accepted,6,18,2,2,4,328,0.553063
gen-access_control-023,solidity,access_control,generated,True,accepted,6,18,2,2,4,328,0.516818
gen-access_control-024,solidity,access_control,generated,True,accepted,6,18,2,2,4,328,0.576157
gen-access_control-025,solidity,access_control,generated,True,accepted,6,18,2,2,4,328,0.512012
gen-access_control-026,solidity,access_control,generated,True,accepted,6,18,2,2,4,328,0.53142
gen-access_control-027,solidity,access_control,generated,True,accepted,6,18,2,2,4,328,0.587834
gen-access_control-028,solidity,access_control,generated,True,accepted,6,18,2,2,4,328,0.586582
gen-access_control-029,solidity,access_control,generated,True,accepted,6,18,2,2,4,328,0.523198
gen-access_control-030,solidity,access_control,generated,True,accepted,6,18,2,2,4,328,0.49759
gen-access_control-031,solidity,access_control,generated,True,accepted,6,18,2,2,4,328,0.51807
gen-access_control-032,solidity,access_control,generated,True,accepted,6,18,2,2,4,328,0.497589
gen-access_control-033,solidity,access_control,generated,True,accepted,6,18,2,2,4,328,0.634052
gen-access_control-034,solidity,access_control,generated,True,accepted,6,18,2,2,4,328,0.606231
gen-access_control-035,solidity,access_control,generated,True,accepted,6,18,2,2,4,328,0.579692
gen-access_control-036,solidity,access_control,generated,True,accepted,6,18,2,2,4,328,1.638326
gen-access_control-037,solidity,access_control,generated,True,accepted,6,18,2,2,4,328,0.827259
gen-access_control-038,solidity,access_control,generated,True,accepted,6,18,2,2,4,328,0.57838
gen-access_control-039,solidity,access_control,generated,True,accepted,6,18,2,2,4,328,0.701963
pub-access_control-00,solidity,access_control,synthetic-reference-tagged,True,accepted,6,18,2,2,4,325,0.62585
pub-access_control-01,solidity,access_control,synthetic-reference-tagged,True,accepted,6,18,2,2,4,325,0.745609
pub-access_control-02,solidity,access_control,synthetic-reference-tagged,True,accepted,6,18,2,2,4,325,0.810314
gen-reentrancy-000,solidity,reentrancy,generated,True,accepted,4,14,2,2,2,343,0.666911
gen-reentrancy-001,solidity,reentrancy,generated,True,accepted,4,14,2,2,2,343,0.886137
gen-reentrancy-002,solidity,reentrancy,generated,True,accepted,4,14,2,2,2,343,0.5922
gen-reentrancy-003,solidity,reentrancy,generated,True,accepted,4,14,2,2,2,343,0.656786
gen-reentrancy-004,solidity,reentrancy,generated,True,accepted,4,14,2,2,2,343,0.579962
gen-reentrancy-005,solidity,reentrancy,generated,True,accepted,4,14,2,2,2,343,0.65243
gen-reentrancy-006,solidity,reentrancy,generated,True,accepted,4,14,2,2,2,343,0.633232
gen-reentrancy-007,solidity,reentrancy,generated,True,accepted,4,14,2,2,2,343,0.636837
gen-reentrancy-008,solidity,reentrancy,generated,True,accepted,4,14,2,2,2,343,2.20625
gen-reentrancy-009,solidity,reentrancy,generated,True,accepted,4,14,2,2,2,343,0.645179
gen-reentrancy-010,solidity,reentrancy,generated,True,accepted,4,14,2,2,2,343,0.617438
gen-reentrancy-011,solidity,reentrancy,generated,True,accepted,4,14,2,2,2,343,0.619471
gen-reentrancy-012,solidity,reentrancy,generated,True,accepted,4,14,2,2,2,343,0.634112
gen-reentrancy-013,solidity,reentrancy,generated,True,accepted,4,14,2,2,2,343,0.666782
gen-reentrancy-014,solidity,reentrancy,generated,True,accepted,4,14,2,2,2,343,0.607252
gen-reentrancy-015,solidity,reentrancy,generated,True,accepted,4,14,2,2,2,343,0.581254
gen-reentrancy-016,solidity,reentrancy,generated,True,accepted,4,14,2,2,2,343,0.662275
gen-reentrancy-017,solidity,reentrancy,generated,True,accepted,4,14,2,2,2,343,0.694853
gen-reentrancy-018,solidity,reentrancy,generated,True,accepted,4,14,2,2,2,343,0.700001
gen-reentrancy-019,solidity,reentrancy,generated,True,accepted,4,14,2,2,2,343,0.722023
gen-reentrancy-020,solidity,reentrancy,generated,True,accepted,4,14,2,2,2,343,0.586682
gen-reentrancy-021,solidity,reentrancy,generated,True,accepted,4,14,2,2,2,343,0.549096
gen-reentrancy-022,solidity,reentrancy,generated,True,accepted,4,14,2,2,2,343,0.560352
gen-reentrancy-023,solidity,reentrancy,generated,True,accepted,4,14,2,2,2,343,0.543248
gen-reentrancy-024,solidity,reentrancy,generated,True,accepted,4,14,2,2,2,343,0.728543
gen-reentrancy-025,solidity,reentrancy,generated,True,accepted,4,14,2,2,2,343,0.689655
gen-reentrancy-026,solidity,reentrancy,generated,True,accepted,4,14,2,2,2,343,0.581133
gen-reentrancy-027,solidity,reentrancy,generated,True,accepted,4,14,2,2,2,343,0.569897
gen-reentrancy-028,solidity,reentrancy,generated,True,accepted,4,14,2,2,2,343,0.585991
gen-reentrancy-029,solidity,reentrancy,generated,True,accepted,4,14,2,2,2,343,0.55814
gen-reentrancy-030,solidity,reentrancy,generated,True,accepted,4,14,2,2,2,343,0.579341
gen-reentrancy-031,solidity,reentrancy,generated,True,accepted,4,14,2,2,2,343,0.655855
gen-reentrancy-032,solidity,reentrancy,generated,True,accepted,4,14,2,2,2,343,0.713781
gen-reentrancy-033,solidity,reentrancy,generated,True,accepted,4,14,2,2,2,343,0.597298
gen-reentrancy-034,solidity,reentrancy,generated,True,accepted,4,14,2,2,2,343,0.539973
gen-reentrancy-035,solidity,reentrancy,generated,True,accepted,4,14,2,2,2,343,0.638479
gen-reentrancy-036,solidity,reentrancy,generated,True,accepted,4,14,2,2,2,343,0.700792
gen-reentrancy-037,solidity,reentrancy,generated,True,accepted,4,14,2,2,2,343,0.630006
gen-reentrancy-038,solidity,reentrancy,generated,True,accepted,4,14,2,2,2,343,0.642124
gen-reentrancy-039,solidity,reentrancy,generated,True,accepted,4,14,2,2,2,343,0.763355
pub-reentrancy-00,solidity,reentrancy,synthetic-reference-tagged,True,accepted,4,14,2,2,2,340,0.604018
pub-reentrancy-01,solidity,reentrancy,synthetic-reference-tagged,True,accepted,4,14,2,2,2,340,0.58505
pub-reentrancy-02,solidity,reentrancy,synthetic-reference-tagged,True,accepted,4,14,2,2,2,340,0.717507
gen-unchecked_call-000,solidity,unchecked_call,generated,True,accepted,4,14,2,2,2,328,0.59896
gen-unchecked_call-001,solidity,unchecked_call,generated,True,accepted,4,14,2,2,2,328,1.543735
gen-unchecked_call-002,solidity,unchecked_call,generated,True,accepted,4,14,2,2,2,328,3.21578
gen-unchecked_call-003,solidity,unchecked_call,generated,True,accepted,4,14,2,2,2,328,1.147046
gen-unchecked_call-004,solidity,unchecked_call,generated,True,accepted,4,14,2,2,2,328,0.553733
gen-unchecked_call-005,solidity,unchecked_call,generated,True,accepted,4,14,2,2,2,328,0.519051
gen-unchecked_call-006,solidity,unchecked_call,generated,True,accepted,4,14,2,2,2,328,0.432793
gen-unchecked_call-007,solidity,unchecked_call,generated,True,accepted,4,14,2,2,2,328,0.454065
gen-unchecked_call-008,solidity,unchecked_call,generated,True,accepted,4,14,2,2,2,328,0.589045
gen-unchecked_call-009,solidity,unchecked_call,generated,True,accepted,4,14,2,2,2,328,0.556306
gen-unchecked_call-010,solidity,unchecked_call,generated,True,accepted,4,14,2,2,2,328,0.431992
gen-unchecked_call-011,solidity,unchecked_call,generated,True,accepted,4,14,2,2,2,328,2.0317
gen-unchecked_call-012,solidity,unchecked_call,generated,True,accepted,4,14,2,2,2,328,0.5045
gen-unchecked_call-013,solidity,unchecked_call,generated,True,accepted,4,14,2,2,2,328,0.713961
gen-unchecked_call-014,solidity,unchecked_call,generated,True,accepted,4,14,2,2,2,328,0.474835
gen-unchecked_call-015,solidity,unchecked_call,generated,True,accepted,4,14,2,2,2,328,0.597669
gen-unchecked_call-016,solidity,unchecked_call,generated,True,accepted,4,14,2,2,2,328,0.517339
gen-unchecked_call-017,solidity,unchecked_call,generated,True,accepted,4,14,2,2,2,328,0.515126
gen-unchecked_call-018,solidity,unchecked_call,generated,True,accepted,4,14,2,2,2,328,0.528616
gen-unchecked_call-019,solidity,unchecked_call,generated,True,accepted,4,14,2,2,2,328,2.245598
gen-unchecked_call-020,solidity,unchecked_call,generated,True,accepted,4,14,2,2,2,328,0.488416
gen-unchecked_call-021,solidity,unchecked_call,generated,True,accepted,4,14,2,2,2,328,0.483689
gen-unchecked_call-022,solidity,unchecked_call,generated,True,accepted,4,14,2,2,2,328,0.428868
gen-unchecked_call-023,solidity,unchecked_call,generated,True,accepted,4,14,2,2,2,328,2.103636
gen-unchecked_call-024,solidity,unchecked_call,generated,True,accepted,4,14,2,2,2,328,0.534063
gen-unchecked_call-025,solidity,unchecked_call,generated,True,accepted,4,14,2,2,2,328,1.454482
gen-unchecked_call-026,solidity,unchecked_call,generated,True,accepted,4,14,2,2,2,328,0.621113
gen-unchecked_call-027,solidity,unchecked_call,generated,True,accepted,4,14,2,2,2,328,0.585711
gen-unchecked_call-028,solidity,unchecked_call,generated,True,accepted,4,14,2,2,2,328,0.503238
gen-unchecked_call-029,solidity,unchecked_call,generated,True,accepted,4,14,2,2,2,328,0.466804
gen-unchecked_call-030,solidity,unchecked_call,generated,True,accepted,4,14,2,2,2,328,0.845948
gen-unchecked_call-031,solidity,unchecked_call,generated,True,accepted,4,14,2,2,2,328,0.569917
gen-unchecked_call-032,solidity,unchecked_call,generated,True,accepted,4,14,2,2,2,328,1.750462
gen-unchecked_call-033,solidity,unchecked_call,generated,True,accepted,4,14,2,2,2,328,0.507044
gen-unchecked_call-034,solidity,unchecked_call,generated,True,accepted,4,14,2,2,2,328,0.484881
gen-unchecked_call-035,solidity,unchecked_call,generated,True,accepted,4,14,2,2,2,328,0.438942
gen-unchecked_call-036,solidity,unchecked_call,generated,True,accepted,4,14,2,2,2,328,0.597868
gen-unchecked_call-037,solidity,unchecked_call,generated,True,accepted,4,14,2,2,2,328,0.527434
gen-unchecked_call-038,solidity,unchecked_call,generated,True,accepted,4,14,2,2,2,328,0.466153
gen-unchecked_call-039,solidity,unchecked_call,generated,True,accepted,4,14,2,2,2,328,0.519562
pub-unchecked_call-00,solidity,unchecked_call,synthetic-reference-tagged,True,accepted,4,14,2,2,2,325,0.62555
pub-unchecked_call-01,solidity,unchecked_call,synthetic-reference-tagged,True,accepted,4,14,2,2,2,325,0.488716
pub-unchecked_call-02,solidity,unchecked_call,synthetic-reference-tagged,True,accepted,4,14,2,2,2,325,0.493514
