pair_id,profile,family,side,input,producer_semantic_match,checker_semantic_match,immutable_semantic_match,producer_operational_match,checker_operational_match,immutable_operational_match
source-bounds_write-00,c,bounds_write,vulnerable,"{""idx"":-1,""value"":0}",True,True,True,True,True,True
source-bounds_write-00,c,bounds_write,vulnerable,"{""idx"":-1,""value"":3}",True,True,True,True,True,True
source-bounds_write-00,c,bounds_write,vulnerable,"{""idx"":0,""value"":0}",True,True,True,True,True,True
source-bounds_write-00,c,bounds_write,vulnerable,"{""idx"":0,""value"":3}",True,True,True,True,True,True
source-bounds_write-00,c,bounds_write,vulnerable,"{""idx"":4,""value"":0}",True,True,True,True,True,True
source-bounds_write-00,c,bounds_write,vulnerable,"{""idx"":4,""value"":3}",True,True,True,True,True,True
source-bounds_write-00,c,bounds_write,vulnerable,"{""idx"":5,""value"":0}",True,True,True,True,True,True
source-bounds_write-00,c,bounds_write,vulnerable,"{""idx"":5,""value"":3}",True,True,True,True,True,True
source-bounds_write-00,c,bounds_write,patched,"{""idx"":-1,""value"":0}",True,True,True,True,True,True
source-bounds_write-00,c,bounds_write,patched,"{""idx"":-1,""value"":3}",True,True,True,True,True,True
source-bounds_write-00,c,bounds_write,patched,"{""idx"":0,""value"":0}",True,True,True,True,True,True
source-bounds_write-00,c,bounds_write,patched,"{""idx"":0,""value"":3}",True,True,True,True,True,True
source-bounds_write-00,c,bounds_write,patched,"{""idx"":4,""value"":0}",True,True,True,True,True,True
source-bounds_write-00,c,bounds_write,patched,"{""idx"":4,""value"":3}",True,True,True,True,True,True
source-bounds_write-00,c,bounds_write,patched,"{""idx"":5,""value"":0}",True,True,True,True,True,True
source-bounds_write-00,c,bounds_write,patched,"{""idx"":5,""value"":3}",True,True,True,True,True,True
source-bounds_write-01,c,bounds_write,vulnerable,"{""idx"":-1,""value"":0}",True,True,True,True,True,True
source-bounds_write-01,c,bounds_write,vulnerable,"{""idx"":-1,""value"":1}",True,True,True,True,True,True
source-bounds_write-01,c,bounds_write,vulnerable,"{""idx"":0,""value"":0}",True,True,True,True,True,True
source-bounds_write-01,c,bounds_write,vulnerable,"{""idx"":0,""value"":1}",True,True,True,True,True,True
source-bounds_write-01,c,bounds_write,vulnerable,"{""idx"":1,""value"":0}",True,True,True,True,True,True
source-bounds_write-01,c,bounds_write,vulnerable,"{""idx"":1,""value"":1}",True,True,True,True,True,True
source-bounds_write-01,c,bounds_write,vulnerable,"{""idx"":2,""value"":0}",True,True,True,True,True,True
source-bounds_write-01,c,bounds_write,vulnerable,"{""idx"":2,""value"":1}",True,True,True,True,True,True
source-bounds_write-01,c,bounds_write,patched,"{""idx"":-1,""value"":0}",True,True,True,True,True,True
source-bounds_write-01,c,bounds_write,patched,"{""idx"":-1,""value"":1}",True,True,True,True,True,True
source-bounds_write-01,c,bounds_write,patched,"{""idx"":0,""value"":0}",True,True,True,True,True,True
source-bounds_write-01,c,bounds_write,patched,"{""idx"":0,""value"":1}",True,True,True,True,True,True
source-bounds_write-01,c,bounds_write,patched,"{""idx"":1,""value"":0}",True,True,True,True,True,True
source-bounds_write-01,c,bounds_write,patched,"{""idx"":1,""value"":1}",True,True,True,True,True,True
source-bounds_write-01,c,bounds_write,patched,"{""idx"":2,""value"":0}",True,True,True,True,True,True
source-bounds_write-01,c,bounds_write,patched,"{""idx"":2,""value"":1}",True,True,True,True,True,True
source-bounds_write-02,c,bounds_write,vulnerable,"{""idx"":-1,""value"":0}",True,True,True,True,True,True
source-bounds_write-02,c,bounds_write,vulnerable,"{""idx"":-1,""value"":2}",True,True,True,True,True,True
source-bounds_write-02,c,bounds_write,vulnerable,"{""idx"":0,""value"":0}",True,True,True,True,True,True
source-bounds_write-02,c,bounds_write,vulnerable,"{""idx"":0,""value"":2}",True,True,True,True,True,True
source-bounds_write-02,c,bounds_write,vulnerable,"{""idx"":2,""value"":0}",True,True,True,True,True,True
source-bounds_write-02,c,bounds_write,vulnerable,"{""idx"":2,""value"":2}",True,True,True,True,True,True
source-bounds_write-02,c,bounds_write,vulnerable,"{""idx"":3,""value"":0}",True,True,True,True,True,True
source-bounds_write-02,c,bounds_write,vulnerable,"{""idx"":3,""value"":2}",True,True,True,True,True,True
source-bounds_write-02,c,bounds_write,patched,"{""idx"":-1,""value"":0}",True,True,True,True,True,True
source-bounds_write-02,c,bounds_write,patched,"{""idx"":-1,""value"":2}",True,True,True,True,True,True
source-bounds_write-02,c,bounds_write,patched,"{""idx"":0,""value"":0}",True,True,True,True,True,True
source-bounds_write-02,c,bounds_write,patched,"{""idx"":0,""value"":2}",True,True,True,True,True,True
source-bounds_write-02,c,bounds_write,patched,"{""idx"":2,""value"":0}",True,True,True,True,True,True
source-bounds_write-02,c,bounds_write,patched,"{""idx"":2,""value"":2}",True,True,True,True,True,True
source-bounds_write-02,c,bounds_write,patched,"{""idx"":3,""value"":0}",True,True,True,True,True,True
source-bounds_write-02,c,bounds_write,patched,"{""idx"":3,""value"":2}",True,True,True,True,True,True
source-bounds_write-03,c,bounds_write,vulnerable,"{""idx"":-1,""value"":0}",True,True,True,True,True,True
source-bounds_write-03,c,bounds_write,vulnerable,"{""idx"":-1,""value"":3}",True,True,True,True,True,True
source-bounds_write-03,c,bounds_write,vulnerable,"{""idx"":0,""value"":0}",True,True,True,True,True,True
source-bounds_write-03,c,bounds_write,vulnerable,"{""idx"":0,""value"":3}",True,True,True,True,True,True
source-bounds_write-03,c,bounds_write,vulnerable,"{""idx"":3,""value"":0}",True,True,True,True,True,True
source-bounds_write-03,c,bounds_write,vulnerable,"{""idx"":3,""value"":3}",True,True,True,True,True,True
source-bounds_write-03,c,bounds_write,vulnerable,"{""idx"":4,""value"":0}",True,True,True,True,True,True
source-bounds_write-03,c,bounds_write,vulnerable,"{""idx"":4,""value"":3}",True,True,True,True,True,True
source-bounds_write-03,c,bounds_write,patched,"{""idx"":-1,""value"":0}",True,True,True,True,True,True
source-bounds_write-03,c,bounds_write,patched,"{""idx"":-1,""value"":3}",True,True,True,True,True,True
source-bounds_write-03,c,bounds_write,patched,"{""idx"":0,""value"":0}",True,True,True,True,True,True
source-bounds_write-03,c,bounds_write,patched,"{""idx"":0,""value"":3}",True,True,True,True,True,True
source-bounds_write-03,c,bounds_write,patched,"{""idx"":3,""value"":0}",True,True,True,True,True,True
source-bounds_write-03,c,bounds_write,patched,"{""idx"":3,""value"":3}",True,True,True,True,True,True
source-bounds_write-03,c,bounds_write,patched,"{""idx"":4,""value"":0}",True,True,True,True,True,True
source-bounds_write-03,c,bounds_write,patched,"{""idx"":4,""value"":3}",True,True,True,True,True,True
source-bounds_write-04,c,bounds_write,vulnerable,"{""idx"":-1,""value"":0}",True,True,True,True,True,True
source-bounds_write-04,c,bounds_write,vulnerable,"{""idx"":-1,""value"":1}",True,True,True,True,True,True
source-bounds_write-04,c,bounds_write,vulnerable,"{""idx"":0,""value"":0}",True,True,True,True,True,True
source-bounds_write-04,c,bounds_write,vulnerable,"{""idx"":0,""value"":1}",True,True,True,True,True,True
source-bounds_write-04,c,bounds_write,vulnerable,"{""idx"":4,""value"":0}",True,True,True,True,True,True
source-bounds_write-04,c,bounds_write,vulnerable,"{""idx"":4,""value"":1}",True,True,True,True,True,True
source-bounds_write-04,c,bounds_write,vulnerable,"{""idx"":5,""value"":0}",True,True,True,True,True,True
source-bounds_write-04,c,bounds_write,vulnerable,"{""idx"":5,""value"":1}",True,True,True,True,True,True
source-bounds_write-04,c,bounds_write,patched,"{""idx"":-1,""value"":0}",True,True,True,True,True,True
source-bounds_write-04,c,bounds_write,patched,"{""idx"":-1,""value"":1}",True,True,True,True,True,True
source-bounds_write-04,c,bounds_write,patched,"{""idx"":0,""value"":0}",True,True,True,True,True,True
source-bounds_write-04,c,bounds_write,patched,"{""idx"":0,""value"":1}",True,True,True,True,True,True
source-bounds_write-04,c,bounds_write,patched,"{""idx"":4,""value"":0}",True,True,True,True,True,True
source-bounds_write-04,c,bounds_write,patched,"{""idx"":4,""value"":1}",True,True,True,True,True,True
source-bounds_write-04,c,bounds_write,patched,"{""idx"":5,""value"":0}",True,True,True,True,True,True
source-bounds_write-04,c,bounds_write,patched,"{""idx"":5,""value"":1}",True,True,True,True,True,True
source-bounds_write-05,c,bounds_write,vulnerable,"{""idx"":-1,""value"":0}",True,True,True,True,True,True
source-bounds_write-05,c,bounds_write,vulnerable,"{""idx"":-1,""value"":2}",True,True,True,True,True,True
source-bounds_write-05,c,bounds_write,vulnerable,"{""idx"":0,""value"":0}",True,True,True,True,True,True
source-bounds_write-05,c,bounds_write,vulnerable,"{""idx"":0,""value"":2}",True,True,True,True,True,True
source-bounds_write-05,c,bounds_write,vulnerable,"{""idx"":1,""value"":0}",True,True,True,True,True,True
source-bounds_write-05,c,bounds_write,vulnerable,"{""idx"":1,""value"":2}",True,True,True,True,True,True
source-bounds_write-05,c,bounds_write,vulnerable,"{""idx"":2,""value"":0}",True,True,True,True,True,True
source-bounds_write-05,c,bounds_write,vulnerable,"{""idx"":2,""value"":2}",True,True,True,True,True,True
source-bounds_write-05,c,bounds_write,patched,"{""idx"":-1,""value"":0}",True,True,True,True,True,True
source-bounds_write-05,c,bounds_write,patched,"{""idx"":-1,""value"":2}",True,True,True,True,True,True
source-bounds_write-05,c,bounds_write,patched,"{""idx"":0,""value"":0}",True,True,True,True,True,True
source-bounds_write-05,c,bounds_write,patched,"{""idx"":0,""value"":2}",True,True,True,True,True,True
source-bounds_write-05,c,bounds_write,patched,"{""idx"":1,""value"":0}",True,True,True,True,True,True
source-bounds_write-05,c,bounds_write,patched,"{""idx"":1,""value"":2}",True,True,True,True,True,True
source-bounds_write-05,c,bounds_write,patched,"{""idx"":2,""value"":0}",True,True,True,True,True,True
source-bounds_write-05,c,bounds_write,patched,"{""idx"":2,""value"":2}",True,True,True,True,True,True
source-bounds_write-06,c,bounds_write,vulnerable,"{""idx"":-1,""value"":0}",True,True,True,True,True,True
source-bounds_write-06,c,bounds_write,vulnerable,"{""idx"":-1,""value"":3}",True,True,True,True,True,True
source-bounds_write-06,c,bounds_write,vulnerable,"{""idx"":0,""value"":0}",True,True,True,True,True,True
source-bounds_write-06,c,bounds_write,vulnerable,"{""idx"":0,""value"":3}",True,True,True,True,True,True
source-bounds_write-06,c,bounds_write,vulnerable,"{""idx"":2,""value"":0}",True,True,True,True,True,True
source-bounds_write-06,c,bounds_write,vulnerable,"{""idx"":2,""value"":3}",True,True,True,True,True,True
source-bounds_write-06,c,bounds_write,vulnerable,"{""idx"":3,""value"":0}",True,True,True,True,True,True
source-bounds_write-06,c,bounds_write,vulnerable,"{""idx"":3,""value"":3}",True,True,True,True,True,True
source-bounds_write-06,c,bounds_write,patched,"{""idx"":-1,""value"":0}",True,True,True,True,True,True
source-bounds_write-06,c,bounds_write,patched,"{""idx"":-1,""value"":3}",True,True,True,True,True,True
source-bounds_write-06,c,bounds_write,patched,"{""idx"":0,""value"":0}",True,True,True,True,True,True
source-bounds_write-06,c,bounds_write,patched,"{""idx"":0,""value"":3}",True,True,True,True,True,True
source-bounds_write-06,c,bounds_write,patched,"{""idx"":2,""value"":0}",True,True,True,True,True,True
source-bounds_write-06,c,bounds_write,patched,"{""idx"":2,""value"":3}",True,True,True,True,True,True
source-bounds_write-06,c,bounds_write,patched,"{""idx"":3,""value"":0}",True,True,True,True,True,True
source-bounds_write-06,c,bounds_write,patched,"{""idx"":3,""value"":3}",True,True,True,True,True,True
source-bounds_write-07,c,bounds_write,vulnerable,"{""idx"":-1,""value"":0}",True,True,True,True,True,True
source-bounds_write-07,c,bounds_write,vulnerable,"{""idx"":-1,""value"":1}",True,True,True,True,True,True
source-bounds_write-07,c,bounds_write,vulnerable,"{""idx"":0,""value"":0}",True,True,True,True,True,True
source-bounds_write-07,c,bounds_write,vulnerable,"{""idx"":0,""value"":1}",True,True,True,True,True,True
source-bounds_write-07,c,bounds_write,vulnerable,"{""idx"":3,""value"":0}",True,True,True,True,True,True
source-bounds_write-07,c,bounds_write,vulnerable,"{""idx"":3,""value"":1}",True,True,True,True,True,True
source-bounds_write-07,c,bounds_write,vulnerable,"{""idx"":4,""value"":0}",True,True,True,True,True,True
source-bounds_write-07,c,bounds_write,vulnerable,"{""idx"":4,""value"":1}",True,True,True,True,True,True
source-bounds_write-07,c,bounds_write,patched,"{""idx"":-1,""value"":0}",True,True,True,True,True,True
source-bounds_write-07,c,bounds_write,patched,"{""idx"":-1,""value"":1}",True,True,True,True,True,True
source-bounds_write-07,c,bounds_write,patched,"{""idx"":0,""value"":0}",True,True,True,True,True,True
source-bounds_write-07,c,bounds_write,patched,"{""idx"":0,""value"":1}",True,True,True,True,True,True
source-bounds_write-07,c,bounds_write,patched,"{""idx"":3,""value"":0}",True,True,True,True,True,True
source-bounds_write-07,c,bounds_write,patched,"{""idx"":3,""value"":1}",True,True,True,True,True,True
source-bounds_write-07,c,bounds_write,patched,"{""idx"":4,""value"":0}",True,True,True,True,True,True
source-bounds_write-07,c,bounds_write,patched,"{""idx"":4,""value"":1}",True,True,True,True,True,True
source-bounds_write-08,c,bounds_write,vulnerable,"{""idx"":-1,""value"":0}",True,True,True,True,True,True
source-bounds_write-08,c,bounds_write,vulnerable,"{""idx"":-1,""value"":2}",True,True,True,True,True,True
source-bounds_write-08,c,bounds_write,vulnerable,"{""idx"":0,""value"":0}",True,True,True,True,True,True
source-bounds_write-08,c,bounds_write,vulnerable,"{""idx"":0,""value"":2}",True,True,True,True,True,True
source-bounds_write-08,c,bounds_write,vulnerable,"{""idx"":4,""value"":0}",True,True,True,True,True,True
source-bounds_write-08,c,bounds_write,vulnerable,"{""idx"":4,""value"":2}",True,True,True,True,True,True
source-bounds_write-08,c,bounds_write,vulnerable,"{""idx"":5,""value"":0}",True,True,True,True,True,True
source-bounds_write-08,c,bounds_write,vulnerable,"{""idx"":5,""value"":2}",True,True,True,True,True,True
source-bounds_write-08,c,bounds_write,patched,"{""idx"":-1,""value"":0}",True,True,True,True,True,True
source-bounds_write-08,c,bounds_write,patched,"{""idx"":-1,""value"":2}",True,True,True,True,True,True
source-bounds_write-08,c,bounds_write,patched,"{""idx"":0,""value"":0}",True,True,True,True,True,True
source-bounds_write-08,c,bounds_write,patched,"{""idx"":0,""value"":2}",True,True,True,True,True,True
source-bounds_write-08,c,bounds_write,patched,"{""idx"":4,""value"":0}",True,True,True,True,True,True
source-bounds_write-08,c,bounds_write,patched,"{""idx"":4,""value"":2}",True,True,True,True,True,True
source-bounds_write-08,c,bounds_write,patched,"{""idx"":5,""value"":0}",True,True,True,True,True,True
source-bounds_write-08,c,bounds_write,patched,"{""idx"":5,""value"":2}",True,True,True,True,True,True
source-bounds_write-09,c,bounds_write,vulnerable,"{""idx"":-1,""value"":0}",True,True,True,True,True,True
source-bounds_write-09,c,bounds_write,vulnerable,"{""idx"":-1,""value"":3}",True,True,True,True,True,True
source-bounds_write-09,c,bounds_write,vulnerable,"{""idx"":0,""value"":0}",True,True,True,True,True,True
source-bounds_write-09,c,bounds_write,vulnerable,"{""idx"":0,""value"":3}",True,True,True,True,True,True
source-bounds_write-09,c,bounds_write,vulnerable,"{""idx"":1,""value"":0}",True,True,True,True,True,True
source-bounds_write-09,c,bounds_write,vulnerable,"{""idx"":1,""value"":3}",True,True,True,True,True,True
source-bounds_write-09,c,bounds_write,vulnerable,"{""idx"":2,""value"":0}",True,True,True,True,True,True
source-bounds_write-09,c,bounds_write,vulnerable,"{""idx"":2,""value"":3}",True,True,True,True,True,True
source-bounds_write-09,c,bounds_write,patched,"{""idx"":-1,""value"":0}",True,True,True,True,True,True
source-bounds_write-09,c,bounds_write,patched,"{""idx"":-1,""value"":3}",True,True,True,True,True,True
source-bounds_write-09,c,bounds_write,patched,"{""idx"":0,""value"":0}",True,True,True,True,True,True
source-bounds_write-09,c,bounds_write,patched,"{""idx"":0,""value"":3}",True,True,True,True,True,True
source-bounds_write-09,c,bounds_write,patched,"{""idx"":1,""value"":0}",True,True,True,True,True,True
source-bounds_write-09,c,bounds_write,patched,"{""idx"":1,""value"":3}",True,True,True,True,True,True
source-bounds_write-09,c,bounds_write,patched,"{""idx"":2,""value"":0}",True,True,True,True,True,True
source-bounds_write-09,c,bounds_write,patched,"{""idx"":2,""value"":3}",True,True,True,True,True,True
source-divide_zero-00,c,divide_zero,vulnerable,"{""denominator"":-1,""numerator"":-3}",True,True,True,True,True,True
source-divide_zero-00,c,divide_zero,vulnerable,"{""denominator"":-1,""numerator"":0}",True,True,True,True,True,True
source-divide_zero-00,c,divide_zero,vulnerable,"{""denominator"":-1,""numerator"":5}",True,True,True,True,True,True
source-divide_zero-00,c,divide_zero,vulnerable,"{""denominator"":0,""numerator"":-3}",True,True,True,True,True,True
source-divide_zero-00,c,divide_zero,vulnerable,"{""denominator"":0,""numerator"":0}",True,True,True,True,True,True
source-divide_zero-00,c,divide_zero,vulnerable,"{""denominator"":0,""numerator"":5}",True,True,True,True,True,True
source-divide_zero-00,c,divide_zero,vulnerable,"{""denominator"":1,""numerator"":-3}",True,True,True,True,True,True
source-divide_zero-00,c,divide_zero,vulnerable,"{""denominator"":1,""numerator"":0}",True,True,True,True,True,True
source-divide_zero-00,c,divide_zero,vulnerable,"{""denominator"":1,""numerator"":5}",True,True,True,True,True,True
source-divide_zero-00,c,divide_zero,vulnerable,"{""denominator"":3,""numerator"":-3}",True,True,True,True,True,True
source-divide_zero-00,c,divide_zero,vulnerable,"{""denominator"":3,""numerator"":0}",True,True,True,True,True,True
source-divide_zero-00,c,divide_zero,vulnerable,"{""denominator"":3,""numerator"":5}",True,True,True,True,True,True
source-divide_zero-00,c,divide_zero,patched,"{""denominator"":-1,""numerator"":-3}",True,True,True,True,True,True
source-divide_zero-00,c,divide_zero,patched,"{""denominator"":-1,""numerator"":0}",True,True,True,True,True,True
source-divide_zero-00,c,divide_zero,patched,"{""denominator"":-1,""numerator"":5}",True,True,True,True,True,True
source-divide_zero-00,c,divide_zero,patched,"{""denominator"":0,""numerator"":-3}",True,True,True,True,True,True
source-divide_zero-00,c,divide_zero,patched,"{""denominator"":0,""numerator"":0}",True,True,True,True,True,True
source-divide_zero-00,c,divide_zero,patched,"{""denominator"":0,""numerator"":5}",True,True,True,True,True,True
source-divide_zero-00,c,divide_zero,patched,"{""denominator"":1,""numerator"":-3}",True,True,True,True,True,True
source-divide_zero-00,c,divide_zero,patched,"{""denominator"":1,""numerator"":0}",True,True,True,True,True,True
source-divide_zero-00,c,divide_zero,patched,"{""denominator"":1,""numerator"":5}",True,True,True,True,True,True
source-divide_zero-00,c,divide_zero,patched,"{""denominator"":3,""numerator"":-3}",True,True,True,True,True,True
source-divide_zero-00,c,divide_zero,patched,"{""denominator"":3,""numerator"":0}",True,True,True,True,True,True
source-divide_zero-00,c,divide_zero,patched,"{""denominator"":3,""numerator"":5}",True,True,True,True,True,True
source-divide_zero-01,c,divide_zero,vulnerable,"{""denominator"":-1,""numerator"":-2}",True,True,True,True,True,True
source-divide_zero-01,c,divide_zero,vulnerable,"{""denominator"":-1,""numerator"":0}",True,True,True,True,True,True
source-divide_zero-01,c,divide_zero,vulnerable,"{""denominator"":-1,""numerator"":3}",True,True,True,True,True,True
source-divide_zero-01,c,divide_zero,vulnerable,"{""denominator"":0,""numerator"":-2}",True,True,True,True,True,True
source-divide_zero-01,c,divide_zero,vulnerable,"{""denominator"":0,""numerator"":0}",True,True,True,True,True,True
source-divide_zero-01,c,divide_zero,vulnerable,"{""denominator"":0,""numerator"":3}",True,True,True,True,True,True
source-divide_zero-01,c,divide_zero,vulnerable,"{""denominator"":1,""numerator"":-2}",True,True,True,True,True,True
source-divide_zero-01,c,divide_zero,vulnerable,"{""denominator"":1,""numerator"":0}",True,True,True,True,True,True
source-divide_zero-01,c,divide_zero,vulnerable,"{""denominator"":1,""numerator"":3}",True,True,True,True,True,True
source-divide_zero-01,c,divide_zero,vulnerable,"{""denominator"":2,""numerator"":-2}",True,True,True,True,True,True
source-divide_zero-01,c,divide_zero,vulnerable,"{""denominator"":2,""numerator"":0}",True,True,True,True,True,True
source-divide_zero-01,c,divide_zero,vulnerable,"{""denominator"":2,""numerator"":3}",True,True,True,True,True,True
source-divide_zero-01,c,divide_zero,patched,"{""denominator"":-1,""numerator"":-2}",True,True,True,True,True,True
source-divide_zero-01,c,divide_zero,patched,"{""denominator"":-1,""numerator"":0}",True,True,True,True,True,True
source-divide_zero-01,c,divide_zero,patched,"{""denominator"":-1,""numerator"":3}",True,True,True,True,True,True
source-divide_zero-01,c,divide_zero,patched,"{""denominator"":0,""numerator"":-2}",True,True,True,True,True,True
source-divide_zero-01,c,divide_zero,patched,"{""denominator"":0,""numerator"":0}",True,True,True,True,True,True
source-divide_zero-01,c,divide_zero,patched,"{""denominator"":0,""numerator"":3}",True,True,True,True,True,True
source-divide_zero-01,c,divide_zero,patched,"{""denominator"":1,""numerator"":-2}",True,True,True,True,True,True
source-divide_zero-01,c,divide_zero,patched,"{""denominator"":1,""numerator"":0}",True,True,True,True,True,True
source-divide_zero-01,c,divide_zero,patched,"{""denominator"":1,""numerator"":3}",True,True,True,True,True,True
source-divide_zero-01,c,divide_zero,patched,"{""denominator"":2,""numerator"":-2}",True,True,True,True,True,True
source-divide_zero-01,c,divide_zero,patched,"{""denominator"":2,""numerator"":0}",True,True,True,True,True,True
source-divide_zero-01,c,divide_zero,patched,"{""denominator"":2,""numerator"":3}",True,True,True,True,True,True
source-divide_zero-02,c,divide_zero,vulnerable,"{""denominator"":-1,""numerator"":-3}",True,True,True,True,True,True
source-divide_zero-02,c,divide_zero,vulnerable,"{""denominator"":-1,""numerator"":0}",True,True,True,True,True,True
source-divide_zero-02,c,divide_zero,vulnerable,"{""denominator"":-1,""numerator"":4}",True,True,True,True,True,True
source-divide_zero-02,c,divide_zero,vulnerable,"{""denominator"":0,""numerator"":-3}",True,True,True,True,True,True
source-divide_zero-02,c,divide_zero,vulnerable,"{""denominator"":0,""numerator"":0}",True,True,True,True,True,True
source-divide_zero-02,c,divide_zero,vulnerable,"{""denominator"":0,""numerator"":4}",True,True,True,True,True,True
source-divide_zero-02,c,divide_zero,vulnerable,"{""denominator"":1,""numerator"":-3}",True,True,True,True,True,True
source-divide_zero-02,c,divide_zero,vulnerable,"{""denominator"":1,""numerator"":0}",True,True,True,True,True,True
source-divide_zero-02,c,divide_zero,vulnerable,"{""denominator"":1,""numerator"":4}",True,True,True,True,True,True
source-divide_zero-02,c,divide_zero,vulnerable,"{""denominator"":3,""numerator"":-3}",True,True,True,True,True,True
source-divide_zero-02,c,divide_zero,vulnerable,"{""denominator"":3,""numerator"":0}",True,True,True,True,True,True
source-divide_zero-02,c,divide_zero,vulnerable,"{""denominator"":3,""numerator"":4}",True,True,True,True,True,True
source-divide_zero-02,c,divide_zero,patched,"{""denominator"":-1,""numerator"":-3}",True,True,True,True,True,True
source-divide_zero-02,c,divide_zero,patched,"{""denominator"":-1,""numerator"":0}",True,True,True,True,True,True
source-divide_zero-02,c,divide_zero,patched,"{""denominator"":-1,""numerator"":4}",True,True,True,True,True,True
source-divide_zero-02,c,divide_zero,patched,"{""denominator"":0,""numerator"":-3}",True,True,True,True,True,True
source-divide_zero-02,c,divide_zero,patched,"{""denominator"":0,""numerator"":0}",True,True,True,True,True,True
source-divide_zero-02,c,divide_zero,patched,"{""denominator"":0,""numerator"":4}",True,True,True,True,True,True
source-divide_zero-02,c,divide_zero,patched,"{""denominator"":1,""numerator"":-3}",True,True,True,True,True,True
source-divide_zero-02,c,divide_zero,patched,"{""denominator"":1,""numerator"":0}",True,True,True,True,True,True
source-divide_zero-02,c,divide_zero,patched,"{""denominator"":1,""numerator"":4}",True,True,True,True,True,True
source-divide_zero-02,c,divide_zero,patched,"{""denominator"":3,""numerator"":-3}",True,True,True,True,True,True
source-divide_zero-02,c,divide_zero,patched,"{""denominator"":3,""numerator"":0}",True,True,True,True,True,True
source-divide_zero-02,c,divide_zero,patched,"{""denominator"":3,""numerator"":4}",True,True,True,True,True,True
source-divide_zero-03,c,divide_zero,vulnerable,"{""denominator"":-1,""numerator"":-2}",True,True,True,True,True,True
source-divide_zero-03,c,divide_zero,vulnerable,"{""denominator"":-1,""numerator"":0}",True,True,True,True,True,True
source-divide_zero-03,c,divide_zero,vulnerable,"{""denominator"":-1,""numerator"":5}",True,True,True,True,True,True
source-divide_zero-03,c,divide_zero,vulnerable,"{""denominator"":0,""numerator"":-2}",True,True,True,True,True,True
source-divide_zero-03,c,divide_zero,vulnerable,"{""denominator"":0,""numerator"":0}",True,True,True,True,True,True
source-divide_zero-03,c,divide_zero,vulnerable,"{""denominator"":0,""numerator"":5}",True,True,True,True,True,True
source-divide_zero-03,c,divide_zero,vulnerable,"{""denominator"":1,""numerator"":-2}",True,True,True,True,True,True
source-divide_zero-03,c,divide_zero,vulnerable,"{""denominator"":1,""numerator"":0}",True,True,True,True,True,True
source-divide_zero-03,c,divide_zero,vulnerable,"{""denominator"":1,""numerator"":5}",True,True,True,True,True,True
source-divide_zero-03,c,divide_zero,vulnerable,"{""denominator"":2,""numerator"":-2}",True,True,True,True,True,True
source-divide_zero-03,c,divide_zero,vulnerable,"{""denominator"":2,""numerator"":0}",True,True,True,True,True,True
source-divide_zero-03,c,divide_zero,vulnerable,"{""denominator"":2,""numerator"":5}",True,True,True,True,True,True
source-divide_zero-03,c,divide_zero,patched,"{""denominator"":-1,""numerator"":-2}",True,True,True,True,True,True
source-divide_zero-03,c,divide_zero,patched,"{""denominator"":-1,""numerator"":0}",True,True,True,True,True,True
source-divide_zero-03,c,divide_zero,patched,"{""denominator"":-1,""numerator"":5}",True,True,True,True,True,True
source-divide_zero-03,c,divide_zero,patched,"{""denominator"":0,""numerator"":-2}",True,True,True,True,True,True
source-divide_zero-03,c,divide_zero,patched,"{""denominator"":0,""numerator"":0}",True,True,True,True,True,True
source-divide_zero-03,c,divide_zero,patched,"{""denominator"":0,""numerator"":5}",True,True,True,True,True,True
source-divide_zero-03,c,divide_zero,patched,"{""denominator"":1,""numerator"":-2}",True,True,True,True,True,True
source-divide_zero-03,c,divide_zero,patched,"{""denominator"":1,""numerator"":0}",True,True,True,True,True,True
source-divide_zero-03,c,divide_zero,patched,"{""denominator"":1,""numerator"":5}",True,True,True,True,True,True
source-divide_zero-03,c,divide_zero,patched,"{""denominator"":2,""numerator"":-2}",True,True,True,True,True,True
source-divide_zero-03,c,divide_zero,patched,"{""denominator"":2,""numerator"":0}",True,True,True,True,True,True
source-divide_zero-03,c,divide_zero,patched,"{""denominator"":2,""numerator"":5}",True,True,True,True,True,True
source-divide_zero-04,c,divide_zero,vulnerable,"{""denominator"":-1,""numerator"":-3}",True,True,True,True,True,True
source-divide_zero-04,c,divide_zero,vulnerable,"{""denominator"":-1,""numerator"":0}",True,True,True,True,True,True
source-divide_zero-04,c,divide_zero,vulnerable,"{""denominator"":-1,""numerator"":3}",True,True,True,True,True,True
source-divide_zero-04,c,divide_zero,vulnerable,"{""denominator"":0,""numerator"":-3}",True,True,True,True,True,True
source-divide_zero-04,c,divide_zero,vulnerable,"{""denominator"":0,""numerator"":0}",True,True,True,True,True,True
source-divide_zero-04,c,divide_zero,vulnerable,"{""denominator"":0,""numerator"":3}",True,True,True,True,True,True
source-divide_zero-04,c,divide_zero,vulnerable,"{""denominator"":1,""numerator"":-3}",True,True,True,True,True,True
source-divide_zero-04,c,divide_zero,vulnerable,"{""denominator"":1,""numerator"":0}",True,True,True,True,True,True
source-divide_zero-04,c,divide_zero,vulnerable,"{""denominator"":1,""numerator"":3}",True,True,True,True,True,True
source-divide_zero-04,c,divide_zero,vulnerable,"{""denominator"":3,""numerator"":-3}",True,True,True,True,True,True
source-divide_zero-04,c,divide_zero,vulnerable,"{""denominator"":3,""numerator"":0}",True,True,True,True,True,True
source-divide_zero-04,c,divide_zero,vulnerable,"{""denominator"":3,""numerator"":3}",True,True,True,True,True,True
source-divide_zero-04,c,divide_zero,patched,"{""denominator"":-1,""numerator"":-3}",True,True,True,True,True,True
source-divide_zero-04,c,divide_zero,patched,"{""denominator"":-1,""numerator"":0}",True,True,True,True,True,True
source-divide_zero-04,c,divide_zero,patched,"{""denominator"":-1,""numerator"":3}",True,True,True,True,True,True
source-divide_zero-04,c,divide_zero,patched,"{""denominator"":0,""numerator"":-3}",True,True,True,True,True,True
source-divide_zero-04,c,divide_zero,patched,"{""denominator"":0,""numerator"":0}",True,True,True,True,True,True
source-divide_zero-04,c,divide_zero,patched,"{""denominator"":0,""numerator"":3}",True,True,True,True,True,True
source-divide_zero-04,c,divide_zero,patched,"{""denominator"":1,""numerator"":-3}",True,True,True,True,True,True
source-divide_zero-04,c,divide_zero,patched,"{""denominator"":1,""numerator"":0}",True,True,True,True,True,True
source-divide_zero-04,c,divide_zero,patched,"{""denominator"":1,""numerator"":3}",True,True,True,True,True,True
source-divide_zero-04,c,divide_zero,patched,"{""denominator"":3,""numerator"":-3}",True,True,True,True,True,True
source-divide_zero-04,c,divide_zero,patched,"{""denominator"":3,""numerator"":0}",True,True,True,True,True,True
source-divide_zero-04,c,divide_zero,patched,"{""denominator"":3,""numerator"":3}",True,True,True,True,True,True
source-divide_zero-05,c,divide_zero,vulnerable,"{""denominator"":-1,""numerator"":-2}",True,True,True,True,True,True
source-divide_zero-05,c,divide_zero,vulnerable,"{""denominator"":-1,""numerator"":0}",True,True,True,True,True,True
source-divide_zero-05,c,divide_zero,vulnerable,"{""denominator"":-1,""numerator"":4}",True,True,True,True,True,True
source-divide_zero-05,c,divide_zero,vulnerable,"{""denominator"":0,""numerator"":-2}",True,True,True,True,True,True
source-divide_zero-05,c,divide_zero,vulnerable,"{""denominator"":0,""numerator"":0}",True,True,True,True,True,True
source-divide_zero-05,c,divide_zero,vulnerable,"{""denominator"":0,""numerator"":4}",True,True,True,True,True,True
source-divide_zero-05,c,divide_zero,vulnerable,"{""denominator"":1,""numerator"":-2}",True,True,True,True,True,True
source-divide_zero-05,c,divide_zero,vulnerable,"{""denominator"":1,""numerator"":0}",True,True,True,True,True,True
source-divide_zero-05,c,divide_zero,vulnerable,"{""denominator"":1,""numerator"":4}",True,True,True,True,True,True
source-divide_zero-05,c,divide_zero,vulnerable,"{""denominator"":2,""numerator"":-2}",True,True,True,True,True,True
source-divide_zero-05,c,divide_zero,vulnerable,"{""denominator"":2,""numerator"":0}",True,True,True,True,True,True
source-divide_zero-05,c,divide_zero,vulnerable,"{""denominator"":2,""numerator"":4}",True,True,True,True,True,True
source-divide_zero-05,c,divide_zero,patched,"{""denominator"":-1,""numerator"":-2}",True,True,True,True,True,True
source-divide_zero-05,c,divide_zero,patched,"{""denominator"":-1,""numerator"":0}",True,True,True,True,True,True
source-divide_zero-05,c,divide_zero,patched,"{""denominator"":-1,""numerator"":4}",True,True,True,True,True,True
source-divide_zero-05,c,divide_zero,patched,"{""denominator"":0,""numerator"":-2}",True,True,True,True,True,True
source-divide_zero-05,c,divide_zero,patched,"{""denominator"":0,""numerator"":0}",True,True,True,True,True,True
source-divide_zero-05,c,divide_zero,patched,"{""denominator"":0,""numerator"":4}",True,True,True,True,True,True
source-divide_zero-05,c,divide_zero,patched,"{""denominator"":1,""numerator"":-2}",True,True,True,True,True,True
source-divide_zero-05,c,divide_zero,patched,"{""denominator"":1,""numerator"":0}",True,True,True,True,True,True
source-divide_zero-05,c,divide_zero,patched,"{""denominator"":1,""numerator"":4}",True,True,True,True,True,True
source-divide_zero-05,c,divide_zero,patched,"{""denominator"":2,""numerator"":-2}",True,True,True,True,True,True
source-divide_zero-05,c,divide_zero,patched,"{""denominator"":2,""numerator"":0}",True,True,True,True,True,True
source-divide_zero-05,c,divide_zero,patched,"{""denominator"":2,""numerator"":4}",True,True,True,True,True,True
source-divide_zero-06,c,divide_zero,vulnerable,"{""denominator"":-1,""numerator"":-3}",True,True,True,True,True,True
source-divide_zero-06,c,divide_zero,vulnerable,"{""denominator"":-1,""numerator"":0}",True,True,True,True,True,True
source-divide_zero-06,c,divide_zero,vulnerable,"{""denominator"":-1,""numerator"":5}",True,True,True,True,True,True
source-divide_zero-06,c,divide_zero,vulnerable,"{""denominator"":0,""numerator"":-3}",True,True,True,True,True,True
source-divide_zero-06,c,divide_zero,vulnerable,"{""denominator"":0,""numerator"":0}",True,True,True,True,True,True
source-divide_zero-06,c,divide_zero,vulnerable,"{""denominator"":0,""numerator"":5}",True,True,True,True,True,True
source-divide_zero-06,c,divide_zero,vulnerable,"{""denominator"":1,""numerator"":-3}",True,True,True,True,True,True
source-divide_zero-06,c,divide_zero,vulnerable,"{""denominator"":1,""numerator"":0}",True,True,True,True,True,True
source-divide_zero-06,c,divide_zero,vulnerable,"{""denominator"":1,""numerator"":5}",True,True,True,True,True,True
source-divide_zero-06,c,divide_zero,vulnerable,"{""denominator"":3,""numerator"":-3}",True,True,True,True,True,True
source-divide_zero-06,c,divide_zero,vulnerable,"{""denominator"":3,""numerator"":0}",True,True,True,True,True,True
source-divide_zero-06,c,divide_zero,vulnerable,"{""denominator"":3,""numerator"":5}",True,True,True,True,True,True
source-divide_zero-06,c,divide_zero,patched,"{""denominator"":-1,""numerator"":-3}",True,True,True,True,True,True
source-divide_zero-06,c,divide_zero,patched,"{""denominator"":-1,""numerator"":0}",True,True,True,True,True,True
source-divide_zero-06,c,divide_zero,patched,"{""denominator"":-1,""numerator"":5}",True,True,True,True,True,True
source-divide_zero-06,c,divide_zero,patched,"{""denominator"":0,""numerator"":-3}",True,True,True,True,True,True
source-divide_zero-06,c,divide_zero,patched,"{""denominator"":0,""numerator"":0}",True,True,True,True,True,True
source-divide_zero-06,c,divide_zero,patched,"{""denominator"":0,""numerator"":5}",True,True,True,True,True,True
source-divide_zero-06,c,divide_zero,patched,"{""denominator"":1,""numerator"":-3}",True,True,True,True,True,True
source-divide_zero-06,c,divide_zero,patched,"{""denominator"":1,""numerator"":0}",True,True,True,True,True,True
source-divide_zero-06,c,divide_zero,patched,"{""denominator"":1,""numerator"":5}",True,True,True,True,True,True
source-divide_zero-06,c,divide_zero,patched,"{""denominator"":3,""numerator"":-3}",True,True,True,True,True,True
source-divide_zero-06,c,divide_zero,patched,"{""denominator"":3,""numerator"":0}",True,True,True,True,True,True
source-divide_zero-06,c,divide_zero,patched,"{""denominator"":3,""numerator"":5}",True,True,True,True,True,True
source-divide_zero-07,c,divide_zero,vulnerable,"{""denominator"":-1,""numerator"":-2}",True,True,True,True,True,True
source-divide_zero-07,c,divide_zero,vulnerable,"{""denominator"":-1,""numerator"":0}",True,True,True,True,True,True
source-divide_zero-07,c,divide_zero,vulnerable,"{""denominator"":-1,""numerator"":3}",True,True,True,True,True,True
source-divide_zero-07,c,divide_zero,vulnerable,"{""denominator"":0,""numerator"":-2}",True,True,True,True,True,True
source-divide_zero-07,c,divide_zero,vulnerable,"{""denominator"":0,""numerator"":0}",True,True,True,True,True,True
source-divide_zero-07,c,divide_zero,vulnerable,"{""denominator"":0,""numerator"":3}",True,True,True,True,True,True
source-divide_zero-07,c,divide_zero,vulnerable,"{""denominator"":1,""numerator"":-2}",True,True,True,True,True,True
source-divide_zero-07,c,divide_zero,vulnerable,"{""denominator"":1,""numerator"":0}",True,True,True,True,True,True
source-divide_zero-07,c,divide_zero,vulnerable,"{""denominator"":1,""numerator"":3}",True,True,True,True,True,True
source-divide_zero-07,c,divide_zero,vulnerable,"{""denominator"":2,""numerator"":-2}",True,True,True,True,True,True
source-divide_zero-07,c,divide_zero,vulnerable,"{""denominator"":2,""numerator"":0}",True,True,True,True,True,True
source-divide_zero-07,c,divide_zero,vulnerable,"{""denominator"":2,""numerator"":3}",True,True,True,True,True,True
source-divide_zero-07,c,divide_zero,patched,"{""denominator"":-1,""numerator"":-2}",True,True,True,True,True,True
source-divide_zero-07,c,divide_zero,patched,"{""denominator"":-1,""numerator"":0}",True,True,True,True,True,True
source-divide_zero-07,c,divide_zero,patched,"{""denominator"":-1,""numerator"":3}",True,True,True,True,True,True
source-divide_zero-07,c,divide_zero,patched,"{""denominator"":0,""numerator"":-2}",True,True,True,True,True,True
source-divide_zero-07,c,divide_zero,patched,"{""denominator"":0,""numerator"":0}",True,True,True,True,True,True
source-divide_zero-07,c,divide_zero,patched,"{""denominator"":0,""numerator"":3}",True,True,True,True,True,True
source-divide_zero-07,c,divide_zero,patched,"{""denominator"":1,""numerator"":-2}",True,True,True,True,True,True
source-divide_zero-07,c,divide_zero,patched,"{""denominator"":1,""numerator"":0}",True,True,True,True,True,True
source-divide_zero-07,c,divide_zero,patched,"{""denominator"":1,""numerator"":3}",True,True,True,True,True,True
source-divide_zero-07,c,divide_zero,patched,"{""denominator"":2,""numerator"":-2}",True,True,True,True,True,True
source-divide_zero-07,c,divide_zero,patched,"{""denominator"":2,""numerator"":0}",True,True,True,True,True,True
source-divide_zero-07,c,divide_zero,patched,"{""denominator"":2,""numerator"":3}",True,True,True,True,True,True
source-divide_zero-08,c,divide_zero,vulnerable,"{""denominator"":-1,""numerator"":-3}",True,True,True,True,True,True
source-divide_zero-08,c,divide_zero,vulnerable,"{""denominator"":-1,""numerator"":0}",True,True,True,True,True,True
source-divide_zero-08,c,divide_zero,vulnerable,"{""denominator"":-1,""numerator"":4}",True,True,True,True,True,True
source-divide_zero-08,c,divide_zero,vulnerable,"{""denominator"":0,""numerator"":-3}",True,True,True,True,True,True
source-divide_zero-08,c,divide_zero,vulnerable,"{""denominator"":0,""numerator"":0}",True,True,True,True,True,True
source-divide_zero-08,c,divide_zero,vulnerable,"{""denominator"":0,""numerator"":4}",True,True,True,True,True,True
source-divide_zero-08,c,divide_zero,vulnerable,"{""denominator"":1,""numerator"":-3}",True,True,True,True,True,True
source-divide_zero-08,c,divide_zero,vulnerable,"{""denominator"":1,""numerator"":0}",True,True,True,True,True,True
source-divide_zero-08,c,divide_zero,vulnerable,"{""denominator"":1,""numerator"":4}",True,True,True,True,True,True
source-divide_zero-08,c,divide_zero,vulnerable,"{""denominator"":3,""numerator"":-3}",True,True,True,True,True,True
source-divide_zero-08,c,divide_zero,vulnerable,"{""denominator"":3,""numerator"":0}",True,True,True,True,True,True
source-divide_zero-08,c,divide_zero,vulnerable,"{""denominator"":3,""numerator"":4}",True,True,True,True,True,True
source-divide_zero-08,c,divide_zero,patched,"{""denominator"":-1,""numerator"":-3}",True,True,True,True,True,True
source-divide_zero-08,c,divide_zero,patched,"{""denominator"":-1,""numerator"":0}",True,True,True,True,True,True
source-divide_zero-08,c,divide_zero,patched,"{""denominator"":-1,""numerator"":4}",True,True,True,True,True,True
source-divide_zero-08,c,divide_zero,patched,"{""denominator"":0,""numerator"":-3}",True,True,True,True,True,True
source-divide_zero-08,c,divide_zero,patched,"{""denominator"":0,""numerator"":0}",True,True,True,True,True,True
source-divide_zero-08,c,divide_zero,patched,"{""denominator"":0,""numerator"":4}",True,True,True,True,True,True
source-divide_zero-08,c,divide_zero,patched,"{""denominator"":1,""numerator"":-3}",True,True,True,True,True,True
source-divide_zero-08,c,divide_zero,patched,"{""denominator"":1,""numerator"":0}",True,True,True,True,True,True
source-divide_zero-08,c,divide_zero,patched,"{""denominator"":1,""numerator"":4}",True,True,True,True,True,True
source-divide_zero-08,c,divide_zero,patched,"{""denominator"":3,""numerator"":-3}",True,True,True,True,True,True
source-divide_zero-08,c,divide_zero,patched,"{""denominator"":3,""numerator"":0}",True,True,True,True,True,True
source-divide_zero-08,c,divide_zero,patched,"{""denominator"":3,""numerator"":4}",True,True,True,True,True,True
source-divide_zero-09,c,divide_zero,vulnerable,"{""denominator"":-1,""numerator"":-2}",True,True,True,True,True,True
source-divide_zero-09,c,divide_zero,vulnerable,"{""denominator"":-1,""numerator"":0}",True,True,True,True,True,True
source-divide_zero-09,c,divide_zero,vulnerable,"{""denominator"":-1,""numerator"":5}",True,True,True,True,True,True
source-divide_zero-09,c,divide_zero,vulnerable,"{""denominator"":0,""numerator"":-2}",True,True,True,True,True,True
source-divide_zero-09,c,divide_zero,vulnerable,"{""denominator"":0,""numerator"":0}",True,True,True,True,True,True
source-divide_zero-09,c,divide_zero,vulnerable,"{""denominator"":0,""numerator"":5}",True,True,True,True,True,True
source-divide_zero-09,c,divide_zero,vulnerable,"{""denominator"":1,""numerator"":-2}",True,True,True,True,True,True
source-divide_zero-09,c,divide_zero,vulnerable,"{""denominator"":1,""numerator"":0}",True,True,True,True,True,True
source-divide_zero-09,c,divide_zero,vulnerable,"{""denominator"":1,""numerator"":5}",True,True,True,True,True,True
source-divide_zero-09,c,divide_zero,vulnerable,"{""denominator"":2,""numerator"":-2}",True,True,True,True,True,True
source-divide_zero-09,c,divide_zero,vulnerable,"{""denominator"":2,""numerator"":0}",True,True,True,True,True,True
source-divide_zero-09,c,divide_zero,vulnerable,"{""denominator"":2,""numerator"":5}",True,True,True,True,True,True
source-divide_zero-09,c,divide_zero,patched,"{""denominator"":-1,""numerator"":-2}",True,True,True,True,True,True
source-divide_zero-09,c,divide_zero,patched,"{""denominator"":-1,""numerator"":0}",True,True,True,True,True,True
source-divide_zero-09,c,divide_zero,patched,"{""denominator"":-1,""numerator"":5}",True,True,True,True,True,True
source-divide_zero-09,c,divide_zero,patched,"{""denominator"":0,""numerator"":-2}",True,True,True,True,True,True
source-divide_zero-09,c,divide_zero,patched,"{""denominator"":0,""numerator"":0}",True,True,True,True,True,True
source-divide_zero-09,c,divide_zero,patched,"{""denominator"":0,""numerator"":5}",True,True,True,True,True,True
source-divide_zero-09,c,divide_zero,patched,"{""denominator"":1,""numerator"":-2}",True,True,True,True,True,True
source-divide_zero-09,c,divide_zero,patched,"{""denominator"":1,""numerator"":0}",True,True,True,True,True,True
source-divide_zero-09,c,divide_zero,patched,"{""denominator"":1,""numerator"":5}",True,True,True,True,True,True
source-divide_zero-09,c,divide_zero,patched,"{""denominator"":2,""numerator"":-2}",True,True,True,True,True,True
source-divide_zero-09,c,divide_zero,patched,"{""denominator"":2,""numerator"":0}",True,True,True,True,True,True
source-divide_zero-09,c,divide_zero,patched,"{""denominator"":2,""numerator"":5}",True,True,True,True,True,True
source-fixed_overflow-00,c,fixed_overflow,vulnerable,"{""delta"":-1,""x"":-32}",True,True,True,True,True,True
source-fixed_overflow-00,c,fixed_overflow,vulnerable,"{""delta"":-1,""x"":0}",True,True,True,True,True,True
source-fixed_overflow-00,c,fixed_overflow,vulnerable,"{""delta"":-1,""x"":31}",True,True,True,True,True,True
source-fixed_overflow-00,c,fixed_overflow,vulnerable,"{""delta"":0,""x"":-32}",True,True,True,True,True,True
source-fixed_overflow-00,c,fixed_overflow,vulnerable,"{""delta"":0,""x"":0}",True,True,True,True,True,True
source-fixed_overflow-00,c,fixed_overflow,vulnerable,"{""delta"":0,""x"":31}",True,True,True,True,True,True
source-fixed_overflow-00,c,fixed_overflow,vulnerable,"{""delta"":1,""x"":-32}",True,True,True,True,True,True
source-fixed_overflow-00,c,fixed_overflow,vulnerable,"{""delta"":1,""x"":0}",True,True,True,True,True,True
source-fixed_overflow-00,c,fixed_overflow,vulnerable,"{""delta"":1,""x"":31}",True,True,True,True,True,True
source-fixed_overflow-00,c,fixed_overflow,patched,"{""delta"":-1,""x"":-32}",True,True,True,True,True,True
source-fixed_overflow-00,c,fixed_overflow,patched,"{""delta"":-1,""x"":0}",True,True,True,True,True,True
source-fixed_overflow-00,c,fixed_overflow,patched,"{""delta"":-1,""x"":31}",True,True,True,True,True,True
source-fixed_overflow-00,c,fixed_overflow,patched,"{""delta"":0,""x"":-32}",True,True,True,True,True,True
source-fixed_overflow-00,c,fixed_overflow,patched,"{""delta"":0,""x"":0}",True,True,True,True,True,True
source-fixed_overflow-00,c,fixed_overflow,patched,"{""delta"":0,""x"":31}",True,True,True,True,True,True
source-fixed_overflow-00,c,fixed_overflow,patched,"{""delta"":1,""x"":-32}",True,True,True,True,True,True
source-fixed_overflow-00,c,fixed_overflow,patched,"{""delta"":1,""x"":0}",True,True,True,True,True,True
source-fixed_overflow-00,c,fixed_overflow,patched,"{""delta"":1,""x"":31}",True,True,True,True,True,True
source-fixed_overflow-01,c,fixed_overflow,vulnerable,"{""delta"":0,""x"":0}",True,True,True,True,True,True
source-fixed_overflow-01,c,fixed_overflow,vulnerable,"{""delta"":0,""x"":6}",True,True,True,True,True,True
source-fixed_overflow-01,c,fixed_overflow,vulnerable,"{""delta"":0,""x"":7}",True,True,True,True,True,True
source-fixed_overflow-01,c,fixed_overflow,vulnerable,"{""delta"":1,""x"":0}",True,True,True,True,True,True
source-fixed_overflow-01,c,fixed_overflow,vulnerable,"{""delta"":1,""x"":6}",True,True,True,True,True,True
source-fixed_overflow-01,c,fixed_overflow,vulnerable,"{""delta"":1,""x"":7}",True,True,True,True,True,True
source-fixed_overflow-01,c,fixed_overflow,vulnerable,"{""delta"":2,""x"":0}",True,True,True,True,True,True
source-fixed_overflow-01,c,fixed_overflow,vulnerable,"{""delta"":2,""x"":6}",True,True,True,True,True,True
source-fixed_overflow-01,c,fixed_overflow,vulnerable,"{""delta"":2,""x"":7}",True,True,True,True,True,True
source-fixed_overflow-01,c,fixed_overflow,patched,"{""delta"":0,""x"":0}",True,True,True,True,True,True
source-fixed_overflow-01,c,fixed_overflow,patched,"{""delta"":0,""x"":6}",True,True,True,True,True,True
source-fixed_overflow-01,c,fixed_overflow,patched,"{""delta"":0,""x"":7}",True,True,True,True,True,True
source-fixed_overflow-01,c,fixed_overflow,patched,"{""delta"":1,""x"":0}",True,True,True,True,True,True
source-fixed_overflow-01,c,fixed_overflow,patched,"{""delta"":1,""x"":6}",True,True,True,True,True,True
source-fixed_overflow-01,c,fixed_overflow,patched,"{""delta"":1,""x"":7}",True,True,True,True,True,True
source-fixed_overflow-01,c,fixed_overflow,patched,"{""delta"":2,""x"":0}",True,True,True,True,True,True
source-fixed_overflow-01,c,fixed_overflow,patched,"{""delta"":2,""x"":6}",True,True,True,True,True,True
source-fixed_overflow-01,c,fixed_overflow,patched,"{""delta"":2,""x"":7}",True,True,True,True,True,True
source-fixed_overflow-02,c,fixed_overflow,vulnerable,"{""delta"":-1,""x"":-8}",True,True,True,True,True,True
source-fixed_overflow-02,c,fixed_overflow,vulnerable,"{""delta"":-1,""x"":0}",True,True,True,True,True,True
source-fixed_overflow-02,c,fixed_overflow,vulnerable,"{""delta"":-1,""x"":7}",True,True,True,True,True,True
source-fixed_overflow-02,c,fixed_overflow,vulnerable,"{""delta"":0,""x"":-8}",True,True,True,True,True,True
source-fixed_overflow-02,c,fixed_overflow,vulnerable,"{""delta"":0,""x"":0}",True,True,True,True,True,True
source-fixed_overflow-02,c,fixed_overflow,vulnerable,"{""delta"":0,""x"":7}",True,True,True,True,True,True
source-fixed_overflow-02,c,fixed_overflow,vulnerable,"{""delta"":1,""x"":-8}",True,True,True,True,True,True
source-fixed_overflow-02,c,fixed_overflow,vulnerable,"{""delta"":1,""x"":0}",True,True,True,True,True,True
source-fixed_overflow-02,c,fixed_overflow,vulnerable,"{""delta"":1,""x"":7}",True,True,True,True,True,True
source-fixed_overflow-02,c,fixed_overflow,patched,"{""delta"":-1,""x"":-8}",True,True,True,True,True,True
source-fixed_overflow-02,c,fixed_overflow,patched,"{""delta"":-1,""x"":0}",True,True,True,True,True,True
source-fixed_overflow-02,c,fixed_overflow,patched,"{""delta"":-1,""x"":7}",True,True,True,True,True,True
source-fixed_overflow-02,c,fixed_overflow,patched,"{""delta"":0,""x"":-8}",True,True,True,True,True,True
source-fixed_overflow-02,c,fixed_overflow,patched,"{""delta"":0,""x"":0}",True,True,True,True,True,True
source-fixed_overflow-02,c,fixed_overflow,patched,"{""delta"":0,""x"":7}",True,True,True,True,True,True
source-fixed_overflow-02,c,fixed_overflow,patched,"{""delta"":1,""x"":-8}",True,True,True,True,True,True
source-fixed_overflow-02,c,fixed_overflow,patched,"{""delta"":1,""x"":0}",True,True,True,True,True,True
source-fixed_overflow-02,c,fixed_overflow,patched,"{""delta"":1,""x"":7}",True,True,True,True,True,True
source-fixed_overflow-03,c,fixed_overflow,vulnerable,"{""delta"":0,""x"":0}",True,True,True,True,True,True
source-fixed_overflow-03,c,fixed_overflow,vulnerable,"{""delta"":0,""x"":30}",True,True,True,True,True,True
source-fixed_overflow-03,c,fixed_overflow,vulnerable,"{""delta"":0,""x"":31}",True,True,True,True,True,True
source-fixed_overflow-03,c,fixed_overflow,vulnerable,"{""delta"":1,""x"":0}",True,True,True,True,True,True
source-fixed_overflow-03,c,fixed_overflow,vulnerable,"{""delta"":1,""x"":30}",True,True,True,True,True,True
source-fixed_overflow-03,c,fixed_overflow,vulnerable,"{""delta"":1,""x"":31}",True,True,True,True,True,True
source-fixed_overflow-03,c,fixed_overflow,vulnerable,"{""delta"":2,""x"":0}",True,True,True,True,True,True
source-fixed_overflow-03,c,fixed_overflow,vulnerable,"{""delta"":2,""x"":30}",True,True,True,True,True,True
source-fixed_overflow-03,c,fixed_overflow,vulnerable,"{""delta"":2,""x"":31}",True,True,True,True,True,True
source-fixed_overflow-03,c,fixed_overflow,patched,"{""delta"":0,""x"":0}",True,True,True,True,True,True
source-fixed_overflow-03,c,fixed_overflow,patched,"{""delta"":0,""x"":30}",True,True,True,True,True,True
source-fixed_overflow-03,c,fixed_overflow,patched,"{""delta"":0,""x"":31}",True,True,True,True,True,True
source-fixed_overflow-03,c,fixed_overflow,patched,"{""delta"":1,""x"":0}",True,True,True,True,True,True
source-fixed_overflow-03,c,fixed_overflow,patched,"{""delta"":1,""x"":30}",True,True,True,True,True,True
source-fixed_overflow-03,c,fixed_overflow,patched,"{""delta"":1,""x"":31}",True,True,True,True,True,True
source-fixed_overflow-03,c,fixed_overflow,patched,"{""delta"":2,""x"":0}",True,True,True,True,True,True
source-fixed_overflow-03,c,fixed_overflow,patched,"{""delta"":2,""x"":30}",True,True,True,True,True,True
source-fixed_overflow-03,c,fixed_overflow,patched,"{""delta"":2,""x"":31}",True,True,True,True,True,True
source-fixed_overflow-04,c,fixed_overflow,vulnerable,"{""delta"":-1,""x"":-32}",True,True,True,True,True,True
source-fixed_overflow-04,c,fixed_overflow,vulnerable,"{""delta"":-1,""x"":0}",True,True,True,True,True,True
source-fixed_overflow-04,c,fixed_overflow,vulnerable,"{""delta"":-1,""x"":31}",True,True,True,True,True,True
source-fixed_overflow-04,c,fixed_overflow,vulnerable,"{""delta"":0,""x"":-32}",True,True,True,True,True,True
source-fixed_overflow-04,c,fixed_overflow,vulnerable,"{""delta"":0,""x"":0}",True,True,True,True,True,True
source-fixed_overflow-04,c,fixed_overflow,vulnerable,"{""delta"":0,""x"":31}",True,True,True,True,True,True
source-fixed_overflow-04,c,fixed_overflow,vulnerable,"{""delta"":1,""x"":-32}",True,True,True,True,True,True
source-fixed_overflow-04,c,fixed_overflow,vulnerable,"{""delta"":1,""x"":0}",True,True,True,True,True,True
source-fixed_overflow-04,c,fixed_overflow,vulnerable,"{""delta"":1,""x"":31}",True,True,True,True,True,True
source-fixed_overflow-04,c,fixed_overflow,patched,"{""delta"":-1,""x"":-32}",True,True,True,True,True,True
source-fixed_overflow-04,c,fixed_overflow,patched,"{""delta"":-1,""x"":0}",True,True,True,True,True,True
source-fixed_overflow-04,c,fixed_overflow,patched,"{""delta"":-1,""x"":31}",True,True,True,True,True,True
source-fixed_overflow-04,c,fixed_overflow,patched,"{""delta"":0,""x"":-32}",True,True,True,True,True,True
source-fixed_overflow-04,c,fixed_overflow,patched,"{""delta"":0,""x"":0}",True,True,True,True,True,True
source-fixed_overflow-04,c,fixed_overflow,patched,"{""delta"":0,""x"":31}",True,True,True,True,True,True
source-fixed_overflow-04,c,fixed_overflow,patched,"{""delta"":1,""x"":-32}",True,True,True,True,True,True
source-fixed_overflow-04,c,fixed_overflow,patched,"{""delta"":1,""x"":0}",True,True,True,True,True,True
source-fixed_overflow-04,c,fixed_overflow,patched,"{""delta"":1,""x"":31}",True,True,True,True,True,True
source-fixed_overflow-05,c,fixed_overflow,vulnerable,"{""delta"":0,""x"":0}",True,True,True,True,True,True
source-fixed_overflow-05,c,fixed_overflow,vulnerable,"{""delta"":0,""x"":6}",True,True,True,True,True,True
source-fixed_overflow-05,c,fixed_overflow,vulnerable,"{""delta"":0,""x"":7}",True,True,True,True,True,True
source-fixed_overflow-05,c,fixed_overflow,vulnerable,"{""delta"":1,""x"":0}",True,True,True,True,True,True
source-fixed_overflow-05,c,fixed_overflow,vulnerable,"{""delta"":1,""x"":6}",True,True,True,True,True,True
source-fixed_overflow-05,c,fixed_overflow,vulnerable,"{""delta"":1,""x"":7}",True,True,True,True,True,True
source-fixed_overflow-05,c,fixed_overflow,vulnerable,"{""delta"":2,""x"":0}",True,True,True,True,True,True
source-fixed_overflow-05,c,fixed_overflow,vulnerable,"{""delta"":2,""x"":6}",True,True,True,True,True,True
source-fixed_overflow-05,c,fixed_overflow,vulnerable,"{""delta"":2,""x"":7}",True,True,True,True,True,True
source-fixed_overflow-05,c,fixed_overflow,patched,"{""delta"":0,""x"":0}",True,True,True,True,True,True
source-fixed_overflow-05,c,fixed_overflow,patched,"{""delta"":0,""x"":6}",True,True,True,True,True,True
source-fixed_overflow-05,c,fixed_overflow,patched,"{""delta"":0,""x"":7}",True,True,True,True,True,True
source-fixed_overflow-05,c,fixed_overflow,patched,"{""delta"":1,""x"":0}",True,True,True,True,True,True
source-fixed_overflow-05,c,fixed_overflow,patched,"{""delta"":1,""x"":6}",True,True,True,True,True,True
source-fixed_overflow-05,c,fixed_overflow,patched,"{""delta"":1,""x"":7}",True,True,True,True,True,True
source-fixed_overflow-05,c,fixed_overflow,patched,"{""delta"":2,""x"":0}",True,True,True,True,True,True
source-fixed_overflow-05,c,fixed_overflow,patched,"{""delta"":2,""x"":6}",True,True,True,True,True,True
source-fixed_overflow-05,c,fixed_overflow,patched,"{""delta"":2,""x"":7}",True,True,True,True,True,True
source-fixed_overflow-06,c,fixed_overflow,vulnerable,"{""delta"":-1,""x"":-8}",True,True,True,True,True,True
source-fixed_overflow-06,c,fixed_overflow,vulnerable,"{""delta"":-1,""x"":0}",True,True,True,True,True,True
source-fixed_overflow-06,c,fixed_overflow,vulnerable,"{""delta"":-1,""x"":7}",True,True,True,True,True,True
source-fixed_overflow-06,c,fixed_overflow,vulnerable,"{""delta"":0,""x"":-8}",True,True,True,True,True,True
source-fixed_overflow-06,c,fixed_overflow,vulnerable,"{""delta"":0,""x"":0}",True,True,True,True,True,True
source-fixed_overflow-06,c,fixed_overflow,vulnerable,"{""delta"":0,""x"":7}",True,True,True,True,True,True
source-fixed_overflow-06,c,fixed_overflow,vulnerable,"{""delta"":1,""x"":-8}",True,True,True,True,True,True
source-fixed_overflow-06,c,fixed_overflow,vulnerable,"{""delta"":1,""x"":0}",True,True,True,True,True,True
source-fixed_overflow-06,c,fixed_overflow,vulnerable,"{""delta"":1,""x"":7}",True,True,True,True,True,True
source-fixed_overflow-06,c,fixed_overflow,patched,"{""delta"":-1,""x"":-8}",True,True,True,True,True,True
source-fixed_overflow-06,c,fixed_overflow,patched,"{""delta"":-1,""x"":0}",True,True,True,True,True,True
source-fixed_overflow-06,c,fixed_overflow,patched,"{""delta"":-1,""x"":7}",True,True,True,True,True,True
source-fixed_overflow-06,c,fixed_overflow,patched,"{""delta"":0,""x"":-8}",True,True,True,True,True,True
source-fixed_overflow-06,c,fixed_overflow,patched,"{""delta"":0,""x"":0}",True,True,True,True,True,True
source-fixed_overflow-06,c,fixed_overflow,patched,"{""delta"":0,""x"":7}",True,True,True,True,True,True
source-fixed_overflow-06,c,fixed_overflow,patched,"{""delta"":1,""x"":-8}",True,True,True,True,True,True
source-fixed_overflow-06,c,fixed_overflow,patched,"{""delta"":1,""x"":0}",True,True,True,True,True,True
source-fixed_overflow-06,c,fixed_overflow,patched,"{""delta"":1,""x"":7}",True,True,True,True,True,True
source-fixed_overflow-07,c,fixed_overflow,vulnerable,"{""delta"":0,""x"":0}",True,True,True,True,True,True
source-fixed_overflow-07,c,fixed_overflow,vulnerable,"{""delta"":0,""x"":30}",True,True,True,True,True,True
source-fixed_overflow-07,c,fixed_overflow,vulnerable,"{""delta"":0,""x"":31}",True,True,True,True,True,True
source-fixed_overflow-07,c,fixed_overflow,vulnerable,"{""delta"":1,""x"":0}",True,True,True,True,True,True
source-fixed_overflow-07,c,fixed_overflow,vulnerable,"{""delta"":1,""x"":30}",True,True,True,True,True,True
source-fixed_overflow-07,c,fixed_overflow,vulnerable,"{""delta"":1,""x"":31}",True,True,True,True,True,True
source-fixed_overflow-07,c,fixed_overflow,vulnerable,"{""delta"":2,""x"":0}",True,True,True,True,True,True
source-fixed_overflow-07,c,fixed_overflow,vulnerable,"{""delta"":2,""x"":30}",True,True,True,True,True,True
source-fixed_overflow-07,c,fixed_overflow,vulnerable,"{""delta"":2,""x"":31}",True,True,True,True,True,True
source-fixed_overflow-07,c,fixed_overflow,patched,"{""delta"":0,""x"":0}",True,True,True,True,True,True
source-fixed_overflow-07,c,fixed_overflow,patched,"{""delta"":0,""x"":30}",True,True,True,True,True,True
source-fixed_overflow-07,c,fixed_overflow,patched,"{""delta"":0,""x"":31}",True,True,True,True,True,True
source-fixed_overflow-07,c,fixed_overflow,patched,"{""delta"":1,""x"":0}",True,True,True,True,True,True
source-fixed_overflow-07,c,fixed_overflow,patched,"{""delta"":1,""x"":30}",True,True,True,True,True,True
source-fixed_overflow-07,c,fixed_overflow,patched,"{""delta"":1,""x"":31}",True,True,True,True,True,True
source-fixed_overflow-07,c,fixed_overflow,patched,"{""delta"":2,""x"":0}",True,True,True,True,True,True
source-fixed_overflow-07,c,fixed_overflow,patched,"{""delta"":2,""x"":30}",True,True,True,True,True,True
source-fixed_overflow-07,c,fixed_overflow,patched,"{""delta"":2,""x"":31}",True,True,True,True,True,True
source-fixed_overflow-08,c,fixed_overflow,vulnerable,"{""delta"":-1,""x"":-32}",True,True,True,True,True,True
source-fixed_overflow-08,c,fixed_overflow,vulnerable,"{""delta"":-1,""x"":0}",True,True,True,True,True,True
source-fixed_overflow-08,c,fixed_overflow,vulnerable,"{""delta"":-1,""x"":31}",True,True,True,True,True,True
source-fixed_overflow-08,c,fixed_overflow,vulnerable,"{""delta"":0,""x"":-32}",True,True,True,True,True,True
source-fixed_overflow-08,c,fixed_overflow,vulnerable,"{""delta"":0,""x"":0}",True,True,True,True,True,True
source-fixed_overflow-08,c,fixed_overflow,vulnerable,"{""delta"":0,""x"":31}",True,True,True,True,True,True
source-fixed_overflow-08,c,fixed_overflow,vulnerable,"{""delta"":1,""x"":-32}",True,True,True,True,True,True
source-fixed_overflow-08,c,fixed_overflow,vulnerable,"{""delta"":1,""x"":0}",True,True,True,True,True,True
source-fixed_overflow-08,c,fixed_overflow,vulnerable,"{""delta"":1,""x"":31}",True,True,True,True,True,True
source-fixed_overflow-08,c,fixed_overflow,patched,"{""delta"":-1,""x"":-32}",True,True,True,True,True,True
source-fixed_overflow-08,c,fixed_overflow,patched,"{""delta"":-1,""x"":0}",True,True,True,True,True,True
source-fixed_overflow-08,c,fixed_overflow,patched,"{""delta"":-1,""x"":31}",True,True,True,True,True,True
source-fixed_overflow-08,c,fixed_overflow,patched,"{""delta"":0,""x"":-32}",True,True,True,True,True,True
source-fixed_overflow-08,c,fixed_overflow,patched,"{""delta"":0,""x"":0}",True,True,True,True,True,True
source-fixed_overflow-08,c,fixed_overflow,patched,"{""delta"":0,""x"":31}",True,True,True,True,True,True
source-fixed_overflow-08,c,fixed_overflow,patched,"{""delta"":1,""x"":-32}",True,True,True,True,True,True
source-fixed_overflow-08,c,fixed_overflow,patched,"{""delta"":1,""x"":0}",True,True,True,True,True,True
source-fixed_overflow-08,c,fixed_overflow,patched,"{""delta"":1,""x"":31}",True,True,True,True,True,True
source-fixed_overflow-09,c,fixed_overflow,vulnerable,"{""delta"":0,""x"":0}",True,True,True,True,True,True
source-fixed_overflow-09,c,fixed_overflow,vulnerable,"{""delta"":0,""x"":6}",True,True,True,True,True,True
source-fixed_overflow-09,c,fixed_overflow,vulnerable,"{""delta"":0,""x"":7}",True,True,True,True,True,True
source-fixed_overflow-09,c,fixed_overflow,vulnerable,"{""delta"":1,""x"":0}",True,True,True,True,True,True
source-fixed_overflow-09,c,fixed_overflow,vulnerable,"{""delta"":1,""x"":6}",True,True,True,True,True,True
source-fixed_overflow-09,c,fixed_overflow,vulnerable,"{""delta"":1,""x"":7}",True,True,True,True,True,True
source-fixed_overflow-09,c,fixed_overflow,vulnerable,"{""delta"":2,""x"":0}",True,True,True,True,True,True
source-fixed_overflow-09,c,fixed_overflow,vulnerable,"{""delta"":2,""x"":6}",True,True,True,True,True,True
source-fixed_overflow-09,c,fixed_overflow,vulnerable,"{""delta"":2,""x"":7}",True,True,True,True,True,True
source-fixed_overflow-09,c,fixed_overflow,patched,"{""delta"":0,""x"":0}",True,True,True,True,True,True
source-fixed_overflow-09,c,fixed_overflow,patched,"{""delta"":0,""x"":6}",True,True,True,True,True,True
source-fixed_overflow-09,c,fixed_overflow,patched,"{""delta"":0,""x"":7}",True,True,True,True,True,True
source-fixed_overflow-09,c,fixed_overflow,patched,"{""delta"":1,""x"":0}",True,True,True,True,True,True
source-fixed_overflow-09,c,fixed_overflow,patched,"{""delta"":1,""x"":6}",True,True,True,True,True,True
source-fixed_overflow-09,c,fixed_overflow,patched,"{""delta"":1,""x"":7}",True,True,True,True,True,True
source-fixed_overflow-09,c,fixed_overflow,patched,"{""delta"":2,""x"":0}",True,True,True,True,True,True
source-fixed_overflow-09,c,fixed_overflow,patched,"{""delta"":2,""x"":6}",True,True,True,True,True,True
source-fixed_overflow-09,c,fixed_overflow,patched,"{""delta"":2,""x"":7}",True,True,True,True,True,True
source-access_control-00,solidity,access_control,vulnerable,"{""sender"":""attacker"",""value"":0}",True,True,True,True,True,True
source-access_control-00,solidity,access_control,vulnerable,"{""sender"":""attacker"",""value"":3}",True,True,True,True,True,True
source-access_control-00,solidity,access_control,vulnerable,"{""sender"":""owner2"",""value"":0}",True,True,True,True,True,True
source-access_control-00,solidity,access_control,vulnerable,"{""sender"":""owner2"",""value"":3}",True,True,True,True,True,True
source-access_control-00,solidity,access_control,vulnerable,"{""sender"":""user"",""value"":0}",True,True,True,True,True,True
source-access_control-00,solidity,access_control,vulnerable,"{""sender"":""user"",""value"":3}",True,True,True,True,True,True
source-access_control-00,solidity,access_control,patched,"{""sender"":""attacker"",""value"":0}",True,True,True,True,True,True
source-access_control-00,solidity,access_control,patched,"{""sender"":""attacker"",""value"":3}",True,True,True,True,True,True
source-access_control-00,solidity,access_control,patched,"{""sender"":""owner2"",""value"":0}",True,True,True,True,True,True
source-access_control-00,solidity,access_control,patched,"{""sender"":""owner2"",""value"":3}",True,True,True,True,True,True
source-access_control-00,solidity,access_control,patched,"{""sender"":""user"",""value"":0}",True,True,True,True,True,True
source-access_control-00,solidity,access_control,patched,"{""sender"":""user"",""value"":3}",True,True,True,True,True,True
source-access_control-01,solidity,access_control,vulnerable,"{""sender"":""attacker"",""value"":0}",True,True,True,True,True,True
source-access_control-01,solidity,access_control,vulnerable,"{""sender"":""attacker"",""value"":1}",True,True,True,True,True,True
source-access_control-01,solidity,access_control,vulnerable,"{""sender"":""owner0"",""value"":0}",True,True,True,True,True,True
source-access_control-01,solidity,access_control,vulnerable,"{""sender"":""owner0"",""value"":1}",True,True,True,True,True,True
source-access_control-01,solidity,access_control,vulnerable,"{""sender"":""user"",""value"":0}",True,True,True,True,True,True
source-access_control-01,solidity,access_control,vulnerable,"{""sender"":""user"",""value"":1}",True,True,True,True,True,True
source-access_control-01,solidity,access_control,patched,"{""sender"":""attacker"",""value"":0}",True,True,True,True,True,True
source-access_control-01,solidity,access_control,patched,"{""sender"":""attacker"",""value"":1}",True,True,True,True,True,True
source-access_control-01,solidity,access_control,patched,"{""sender"":""owner0"",""value"":0}",True,True,True,True,True,True
source-access_control-01,solidity,access_control,patched,"{""sender"":""owner0"",""value"":1}",True,True,True,True,True,True
source-access_control-01,solidity,access_control,patched,"{""sender"":""user"",""value"":0}",True,True,True,True,True,True
source-access_control-01,solidity,access_control,patched,"{""sender"":""user"",""value"":1}",True,True,True,True,True,True
source-access_control-02,solidity,access_control,vulnerable,"{""sender"":""attacker"",""value"":0}",True,True,True,True,True,True
source-access_control-02,solidity,access_control,vulnerable,"{""sender"":""attacker"",""value"":2}",True,True,True,True,True,True
source-access_control-02,solidity,access_control,vulnerable,"{""sender"":""owner1"",""value"":0}",True,True,True,True,True,True
source-access_control-02,solidity,access_control,vulnerable,"{""sender"":""owner1"",""value"":2}",True,True,True,True,True,True
source-access_control-02,solidity,access_control,vulnerable,"{""sender"":""user"",""value"":0}",True,True,True,True,True,True
source-access_control-02,solidity,access_control,vulnerable,"{""sender"":""user"",""value"":2}",True,True,True,True,True,True
source-access_control-02,solidity,access_control,patched,"{""sender"":""attacker"",""value"":0}",True,True,True,True,True,True
source-access_control-02,solidity,access_control,patched,"{""sender"":""attacker"",""value"":2}",True,True,True,True,True,True
source-access_control-02,solidity,access_control,patched,"{""sender"":""owner1"",""value"":0}",True,True,True,True,True,True
source-access_control-02,solidity,access_control,patched,"{""sender"":""owner1"",""value"":2}",True,True,True,True,True,True
source-access_control-02,solidity,access_control,patched,"{""sender"":""user"",""value"":0}",True,True,True,True,True,True
source-access_control-02,solidity,access_control,patched,"{""sender"":""user"",""value"":2}",True,True,True,True,True,True
source-access_control-03,solidity,access_control,vulnerable,"{""sender"":""attacker"",""value"":0}",True,True,True,True,True,True
source-access_control-03,solidity,access_control,vulnerable,"{""sender"":""attacker"",""value"":3}",True,True,True,True,True,True
source-access_control-03,solidity,access_control,vulnerable,"{""sender"":""owner2"",""value"":0}",True,True,True,True,True,True
source-access_control-03,solidity,access_control,vulnerable,"{""sender"":""owner2"",""value"":3}",True,True,True,True,True,True
source-access_control-03,solidity,access_control,vulnerable,"{""sender"":""user"",""value"":0}",True,True,True,True,True,True
source-access_control-03,solidity,access_control,vulnerable,"{""sender"":""user"",""value"":3}",True,True,True,True,True,True
source-access_control-03,solidity,access_control,patched,"{""sender"":""attacker"",""value"":0}",True,True,True,True,True,True
source-access_control-03,solidity,access_control,patched,"{""sender"":""attacker"",""value"":3}",True,True,True,True,True,True
source-access_control-03,solidity,access_control,patched,"{""sender"":""owner2"",""value"":0}",True,True,True,True,True,True
source-access_control-03,solidity,access_control,patched,"{""sender"":""owner2"",""value"":3}",True,True,True,True,True,True
source-access_control-03,solidity,access_control,patched,"{""sender"":""user"",""value"":0}",True,True,True,True,True,True
source-access_control-03,solidity,access_control,patched,"{""sender"":""user"",""value"":3}",True,True,True,True,True,True
source-access_control-04,solidity,access_control,vulnerable,"{""sender"":""attacker"",""value"":0}",True,True,True,True,True,True
source-access_control-04,solidity,access_control,vulnerable,"{""sender"":""attacker"",""value"":1}",True,True,True,True,True,True
source-access_control-04,solidity,access_control,vulnerable,"{""sender"":""owner0"",""value"":0}",True,True,True,True,True,True
source-access_control-04,solidity,access_control,vulnerable,"{""sender"":""owner0"",""value"":1}",True,True,True,True,True,True
source-access_control-04,solidity,access_control,vulnerable,"{""sender"":""user"",""value"":0}",True,True,True,True,True,True
source-access_control-04,solidity,access_control,vulnerable,"{""sender"":""user"",""value"":1}",True,True,True,True,True,True
source-access_control-04,solidity,access_control,patched,"{""sender"":""attacker"",""value"":0}",True,True,True,True,True,True
source-access_control-04,solidity,access_control,patched,"{""sender"":""attacker"",""value"":1}",True,True,True,True,True,True
source-access_control-04,solidity,access_control,patched,"{""sender"":""owner0"",""value"":0}",True,True,True,True,True,True
source-access_control-04,solidity,access_control,patched,"{""sender"":""owner0"",""value"":1}",True,True,True,True,True,True
source-access_control-04,solidity,access_control,patched,"{""sender"":""user"",""value"":0}",True,True,True,True,True,True
source-access_control-04,solidity,access_control,patched,"{""sender"":""user"",""value"":1}",True,True,True,True,True,True
source-access_control-05,solidity,access_control,vulnerable,"{""sender"":""attacker"",""value"":0}",True,True,True,True,True,True
source-access_control-05,solidity,access_control,vulnerable,"{""sender"":""attacker"",""value"":2}",True,True,True,True,True,True
source-access_control-05,solidity,access_control,vulnerable,"{""sender"":""owner1"",""value"":0}",True,True,True,True,True,True
source-access_control-05,solidity,access_control,vulnerable,"{""sender"":""owner1"",""value"":2}",True,True,True,True,True,True
source-access_control-05,solidity,access_control,vulnerable,"{""sender"":""user"",""value"":0}",True,True,True,True,True,True
source-access_control-05,solidity,access_control,vulnerable,"{""sender"":""user"",""value"":2}",True,True,True,True,True,True
source-access_control-05,solidity,access_control,patched,"{""sender"":""attacker"",""value"":0}",True,True,True,True,True,True
source-access_control-05,solidity,access_control,patched,"{""sender"":""attacker"",""value"":2}",True,True,True,True,True,True
source-access_control-05,solidity,access_control,patched,"{""sender"":""owner1"",""value"":0}",True,True,True,True,True,True
source-access_control-05,solidity,access_control,patched,"{""sender"":""owner1"",""value"":2}",True,True,True,True,True,True
source-access_control-05,solidity,access_control,patched,"{""sender"":""user"",""value"":0}",True,True,True,True,True,True
source-access_control-05,solidity,access_control,patched,"{""sender"":""user"",""value"":2}",True,True,True,True,True,True
source-access_control-06,solidity,access_control,vulnerable,"{""sender"":""attacker"",""value"":0}",True,True,True,True,True,True
source-access_control-06,solidity,access_control,vulnerable,"{""sender"":""attacker"",""value"":3}",True,True,True,True,True,True
source-access_control-06,solidity,access_control,vulnerable,"{""sender"":""owner2"",""value"":0}",True,True,True,True,True,True
source-access_control-06,solidity,access_control,vulnerable,"{""sender"":""owner2"",""value"":3}",True,True,True,True,True,True
source-access_control-06,solidity,access_control,vulnerable,"{""sender"":""user"",""value"":0}",True,True,True,True,True,True
source-access_control-06,solidity,access_control,vulnerable,"{""sender"":""user"",""value"":3}",True,True,True,True,True,True
source-access_control-06,solidity,access_control,patched,"{""sender"":""attacker"",""value"":0}",True,True,True,True,True,True
source-access_control-06,solidity,access_control,patched,"{""sender"":""attacker"",""value"":3}",True,True,True,True,True,True
source-access_control-06,solidity,access_control,patched,"{""sender"":""owner2"",""value"":0}",True,True,True,True,True,True
source-access_control-06,solidity,access_control,patched,"{""sender"":""owner2"",""value"":3}",True,True,True,True,True,True
source-access_control-06,solidity,access_control,patched,"{""sender"":""user"",""value"":0}",True,True,True,True,True,True
source-access_control-06,solidity,access_control,patched,"{""sender"":""user"",""value"":3}",True,True,True,True,True,True
source-access_control-07,solidity,access_control,vulnerable,"{""sender"":""attacker"",""value"":0}",True,True,True,True,True,True
source-access_control-07,solidity,access_control,vulnerable,"{""sender"":""attacker"",""value"":1}",True,True,True,True,True,True
source-access_control-07,solidity,access_control,vulnerable,"{""sender"":""owner0"",""value"":0}",True,True,True,True,True,True
source-access_control-07,solidity,access_control,vulnerable,"{""sender"":""owner0"",""value"":1}",True,True,True,True,True,True
source-access_control-07,solidity,access_control,vulnerable,"{""sender"":""user"",""value"":0}",True,True,True,True,True,True
source-access_control-07,solidity,access_control,vulnerable,"{""sender"":""user"",""value"":1}",True,True,True,True,True,True
source-access_control-07,solidity,access_control,patched,"{""sender"":""attacker"",""value"":0}",True,True,True,True,True,True
source-access_control-07,solidity,access_control,patched,"{""sender"":""attacker"",""value"":1}",True,True,True,True,True,True
source-access_control-07,solidity,access_control,patched,"{""sender"":""owner0"",""value"":0}",True,True,True,True,True,True
source-access_control-07,solidity,access_control,patched,"{""sender"":""owner0"",""value"":1}",True,True,True,True,True,True
source-access_control-07,solidity,access_control,patched,"{""sender"":""user"",""value"":0}",True,True,True,True,True,True
source-access_control-07,solidity,access_control,patched,"{""sender"":""user"",""value"":1}",True,True,True,True,True,True
source-access_control-08,solidity,access_control,vulnerable,"{""sender"":""attacker"",""value"":0}",True,True,True,True,True,True
source-access_control-08,solidity,access_control,vulnerable,"{""sender"":""attacker"",""value"":2}",True,True,True,True,True,True
source-access_control-08,solidity,access_control,vulnerable,"{""sender"":""owner1"",""value"":0}",True,True,True,True,True,True
source-access_control-08,solidity,access_control,vulnerable,"{""sender"":""owner1"",""value"":2}",True,True,True,True,True,True
source-access_control-08,solidity,access_control,vulnerable,"{""sender"":""user"",""value"":0}",True,True,True,True,True,True
source-access_control-08,solidity,access_control,vulnerable,"{""sender"":""user"",""value"":2}",True,True,True,True,True,True
source-access_control-08,solidity,access_control,patched,"{""sender"":""attacker"",""value"":0}",True,True,True,True,True,True
source-access_control-08,solidity,access_control,patched,"{""sender"":""attacker"",""value"":2}",True,True,True,True,True,True
source-access_control-08,solidity,access_control,patched,"{""sender"":""owner1"",""value"":0}",True,True,True,True,True,True
source-access_control-08,solidity,access_control,patched,"{""sender"":""owner1"",""value"":2}",True,True,True,True,True,True
source-access_control-08,solidity,access_control,patched,"{""sender"":""user"",""value"":0}",True,True,True,True,True,True
source-access_control-08,solidity,access_control,patched,"{""sender"":""user"",""value"":2}",True,True,True,True,True,True
source-access_control-09,solidity,access_control,vulnerable,"{""sender"":""attacker"",""value"":0}",True,True,True,True,True,True
source-access_control-09,solidity,access_control,vulnerable,"{""sender"":""attacker"",""value"":3}",True,True,True,True,True,True
source-access_control-09,solidity,access_control,vulnerable,"{""sender"":""owner2"",""value"":0}",True,True,True,True,True,True
source-access_control-09,solidity,access_control,vulnerable,"{""sender"":""owner2"",""value"":3}",True,True,True,True,True,True
source-access_control-09,solidity,access_control,vulnerable,"{""sender"":""user"",""value"":0}",True,True,True,True,True,True
source-access_control-09,solidity,access_control,vulnerable,"{""sender"":""user"",""value"":3}",True,True,True,True,True,True
source-access_control-09,solidity,access_control,patched,"{""sender"":""attacker"",""value"":0}",True,True,True,True,True,True
source-access_control-09,solidity,access_control,patched,"{""sender"":""attacker"",""value"":3}",True,True,True,True,True,True
source-access_control-09,solidity,access_control,patched,"{""sender"":""owner2"",""value"":0}",True,True,True,True,True,True
source-access_control-09,solidity,access_control,patched,"{""sender"":""owner2"",""value"":3}",True,True,True,True,True,True
source-access_control-09,solidity,access_control,patched,"{""sender"":""user"",""value"":0}",True,True,True,True,True,True
source-access_control-09,solidity,access_control,patched,"{""sender"":""user"",""value"":3}",True,True,True,True,True,True
source-reentrancy-00,solidity,reentrancy,vulnerable,"{""amount"":1,""reenter"":false,""sender"":""user""}",True,True,True,True,True,True
source-reentrancy-00,solidity,reentrancy,vulnerable,"{""amount"":1,""reenter"":true,""sender"":""user""}",True,True,True,True,True,True
source-reentrancy-00,solidity,reentrancy,vulnerable,"{""amount"":4,""reenter"":false,""sender"":""user""}",True,True,True,True,True,True
source-reentrancy-00,solidity,reentrancy,vulnerable,"{""amount"":4,""reenter"":true,""sender"":""user""}",True,True,True,True,True,True
source-reentrancy-00,solidity,reentrancy,patched,"{""amount"":1,""reenter"":false,""sender"":""user""}",True,True,True,True,True,True
source-reentrancy-00,solidity,reentrancy,patched,"{""amount"":1,""reenter"":true,""sender"":""user""}",True,True,True,True,True,True
source-reentrancy-00,solidity,reentrancy,patched,"{""amount"":4,""reenter"":false,""sender"":""user""}",True,True,True,True,True,True
source-reentrancy-00,solidity,reentrancy,patched,"{""amount"":4,""reenter"":true,""sender"":""user""}",True,True,True,True,True,True
source-reentrancy-01,solidity,reentrancy,vulnerable,"{""amount"":1,""reenter"":false,""sender"":""user""}",True,True,True,True,True,True
source-reentrancy-01,solidity,reentrancy,vulnerable,"{""amount"":1,""reenter"":true,""sender"":""user""}",True,True,True,True,True,True
source-reentrancy-01,solidity,reentrancy,vulnerable,"{""amount"":2,""reenter"":false,""sender"":""user""}",True,True,True,True,True,True
source-reentrancy-01,solidity,reentrancy,vulnerable,"{""amount"":2,""reenter"":true,""sender"":""user""}",True,True,True,True,True,True
source-reentrancy-01,solidity,reentrancy,patched,"{""amount"":1,""reenter"":false,""sender"":""user""}",True,True,True,True,True,True
source-reentrancy-01,solidity,reentrancy,patched,"{""amount"":1,""reenter"":true,""sender"":""user""}",True,True,True,True,True,True
source-reentrancy-01,solidity,reentrancy,patched,"{""amount"":2,""reenter"":false,""sender"":""user""}",True,True,True,True,True,True
source-reentrancy-01,solidity,reentrancy,patched,"{""amount"":2,""reenter"":true,""sender"":""user""}",True,True,True,True,True,True
source-reentrancy-02,solidity,reentrancy,vulnerable,"{""amount"":1,""reenter"":false,""sender"":""user""}",True,True,True,True,True,True
source-reentrancy-02,solidity,reentrancy,vulnerable,"{""amount"":1,""reenter"":true,""sender"":""user""}",True,True,True,True,True,True
source-reentrancy-02,solidity,reentrancy,vulnerable,"{""amount"":3,""reenter"":false,""sender"":""user""}",True,True,True,True,True,True
source-reentrancy-02,solidity,reentrancy,vulnerable,"{""amount"":3,""reenter"":true,""sender"":""user""}",True,True,True,True,True,True
source-reentrancy-02,solidity,reentrancy,patched,"{""amount"":1,""reenter"":false,""sender"":""user""}",True,True,True,True,True,True
source-reentrancy-02,solidity,reentrancy,patched,"{""amount"":1,""reenter"":true,""sender"":""user""}",True,True,True,True,True,True
source-reentrancy-02,solidity,reentrancy,patched,"{""amount"":3,""reenter"":false,""sender"":""user""}",True,True,True,True,True,True
source-reentrancy-02,solidity,reentrancy,patched,"{""amount"":3,""reenter"":true,""sender"":""user""}",True,True,True,True,True,True
source-reentrancy-03,solidity,reentrancy,vulnerable,"{""amount"":1,""reenter"":false,""sender"":""user""}",True,True,True,True,True,True
source-reentrancy-03,solidity,reentrancy,vulnerable,"{""amount"":1,""reenter"":true,""sender"":""user""}",True,True,True,True,True,True
source-reentrancy-03,solidity,reentrancy,vulnerable,"{""amount"":4,""reenter"":false,""sender"":""user""}",True,True,True,True,True,True
source-reentrancy-03,solidity,reentrancy,vulnerable,"{""amount"":4,""reenter"":true,""sender"":""user""}",True,True,True,True,True,True
source-reentrancy-03,solidity,reentrancy,patched,"{""amount"":1,""reenter"":false,""sender"":""user""}",True,True,True,True,True,True
source-reentrancy-03,solidity,reentrancy,patched,"{""amount"":1,""reenter"":true,""sender"":""user""}",True,True,True,True,True,True
source-reentrancy-03,solidity,reentrancy,patched,"{""amount"":4,""reenter"":false,""sender"":""user""}",True,True,True,True,True,True
source-reentrancy-03,solidity,reentrancy,patched,"{""amount"":4,""reenter"":true,""sender"":""user""}",True,True,True,True,True,True
source-reentrancy-04,solidity,reentrancy,vulnerable,"{""amount"":1,""reenter"":false,""sender"":""user""}",True,True,True,True,True,True
source-reentrancy-04,solidity,reentrancy,vulnerable,"{""amount"":1,""reenter"":true,""sender"":""user""}",True,True,True,True,True,True
source-reentrancy-04,solidity,reentrancy,vulnerable,"{""amount"":2,""reenter"":false,""sender"":""user""}",True,True,True,True,True,True
source-reentrancy-04,solidity,reentrancy,vulnerable,"{""amount"":2,""reenter"":true,""sender"":""user""}",True,True,True,True,True,True
source-reentrancy-04,solidity,reentrancy,patched,"{""amount"":1,""reenter"":false,""sender"":""user""}",True,True,True,True,True,True
source-reentrancy-04,solidity,reentrancy,patched,"{""amount"":1,""reenter"":true,""sender"":""user""}",True,True,True,True,True,True
source-reentrancy-04,solidity,reentrancy,patched,"{""amount"":2,""reenter"":false,""sender"":""user""}",True,True,True,True,True,True
source-reentrancy-04,solidity,reentrancy,patched,"{""amount"":2,""reenter"":true,""sender"":""user""}",True,True,True,True,True,True
source-reentrancy-05,solidity,reentrancy,vulnerable,"{""amount"":1,""reenter"":false,""sender"":""user""}",True,True,True,True,True,True
source-reentrancy-05,solidity,reentrancy,vulnerable,"{""amount"":1,""reenter"":true,""sender"":""user""}",True,True,True,True,True,True
source-reentrancy-05,solidity,reentrancy,vulnerable,"{""amount"":3,""reenter"":false,""sender"":""user""}",True,True,True,True,True,True
source-reentrancy-05,solidity,reentrancy,vulnerable,"{""amount"":3,""reenter"":true,""sender"":""user""}",True,True,True,True,True,True
source-reentrancy-05,solidity,reentrancy,patched,"{""amount"":1,""reenter"":false,""sender"":""user""}",True,True,True,True,True,True
source-reentrancy-05,solidity,reentrancy,patched,"{""amount"":1,""reenter"":true,""sender"":""user""}",True,True,True,True,True,True
source-reentrancy-05,solidity,reentrancy,patched,"{""amount"":3,""reenter"":false,""sender"":""user""}",True,True,True,True,True,True
source-reentrancy-05,solidity,reentrancy,patched,"{""amount"":3,""reenter"":true,""sender"":""user""}",True,True,True,True,True,True
source-reentrancy-06,solidity,reentrancy,vulnerable,"{""amount"":1,""reenter"":false,""sender"":""user""}",True,True,True,True,True,True
source-reentrancy-06,solidity,reentrancy,vulnerable,"{""amount"":1,""reenter"":true,""sender"":""user""}",True,True,True,True,True,True
source-reentrancy-06,solidity,reentrancy,vulnerable,"{""amount"":4,""reenter"":false,""sender"":""user""}",True,True,True,True,True,True
source-reentrancy-06,solidity,reentrancy,vulnerable,"{""amount"":4,""reenter"":true,""sender"":""user""}",True,True,True,True,True,True
source-reentrancy-06,solidity,reentrancy,patched,"{""amount"":1,""reenter"":false,""sender"":""user""}",True,True,True,True,True,True
source-reentrancy-06,solidity,reentrancy,patched,"{""amount"":1,""reenter"":true,""sender"":""user""}",True,True,True,True,True,True
source-reentrancy-06,solidity,reentrancy,patched,"{""amount"":4,""reenter"":false,""sender"":""user""}",True,True,True,True,True,True
source-reentrancy-06,solidity,reentrancy,patched,"{""amount"":4,""reenter"":true,""sender"":""user""}",True,True,True,True,True,True
source-reentrancy-07,solidity,reentrancy,vulnerable,"{""amount"":1,""reenter"":false,""sender"":""user""}",True,True,True,True,True,True
source-reentrancy-07,solidity,reentrancy,vulnerable,"{""amount"":1,""reenter"":true,""sender"":""user""}",True,True,True,True,True,True
source-reentrancy-07,solidity,reentrancy,vulnerable,"{""amount"":2,""reenter"":false,""sender"":""user""}",True,True,True,True,True,True
source-reentrancy-07,solidity,reentrancy,vulnerable,"{""amount"":2,""reenter"":true,""sender"":""user""}",True,True,True,True,True,True
source-reentrancy-07,solidity,reentrancy,patched,"{""amount"":1,""reenter"":false,""sender"":""user""}",True,True,True,True,True,True
source-reentrancy-07,solidity,reentrancy,patched,"{""amount"":1,""reenter"":true,""sender"":""user""}",True,True,True,True,True,True
source-reentrancy-07,solidity,reentrancy,patched,"{""amount"":2,""reenter"":false,""sender"":""user""}",True,True,True,True,True,True
source-reentrancy-07,solidity,reentrancy,patched,"{""amount"":2,""reenter"":true,""sender"":""user""}",True,True,True,True,True,True
source-reentrancy-08,solidity,reentrancy,vulnerable,"{""amount"":1,""reenter"":false,""sender"":""user""}",True,True,True,True,True,True
source-reentrancy-08,solidity,reentrancy,vulnerable,"{""amount"":1,""reenter"":true,""sender"":""user""}",True,True,True,True,True,True
source-reentrancy-08,solidity,reentrancy,vulnerable,"{""amount"":3,""reenter"":false,""sender"":""user""}",True,True,True,True,True,True
source-reentrancy-08,solidity,reentrancy,vulnerable,"{""amount"":3,""reenter"":true,""sender"":""user""}",True,True,True,True,True,True
source-reentrancy-08,solidity,reentrancy,patched,"{""amount"":1,""reenter"":false,""sender"":""user""}",True,True,True,True,True,True
source-reentrancy-08,solidity,reentrancy,patched,"{""amount"":1,""reenter"":true,""sender"":""user""}",True,True,True,True,True,True
source-reentrancy-08,solidity,reentrancy,patched,"{""amount"":3,""reenter"":false,""sender"":""user""}",True,True,True,True,True,True
source-reentrancy-08,solidity,reentrancy,patched,"{""amount"":3,""reenter"":true,""sender"":""user""}",True,True,True,True,True,True
source-reentrancy-09,solidity,reentrancy,vulnerable,"{""amount"":1,""reenter"":false,""sender"":""user""}",True,True,True,True,True,True
source-reentrancy-09,solidity,reentrancy,vulnerable,"{""amount"":1,""reenter"":true,""sender"":""user""}",True,True,True,True,True,True
source-reentrancy-09,solidity,reentrancy,vulnerable,"{""amount"":4,""reenter"":false,""sender"":""user""}",True,True,True,True,True,True
source-reentrancy-09,solidity,reentrancy,vulnerable,"{""amount"":4,""reenter"":true,""sender"":""user""}",True,True,True,True,True,True
source-reentrancy-09,solidity,reentrancy,patched,"{""amount"":1,""reenter"":false,""sender"":""user""}",True,True,True,True,True,True
source-reentrancy-09,solidity,reentrancy,patched,"{""amount"":1,""reenter"":true,""sender"":""user""}",True,True,True,True,True,True
source-reentrancy-09,solidity,reentrancy,patched,"{""amount"":4,""reenter"":false,""sender"":""user""}",True,True,True,True,True,True
source-reentrancy-09,solidity,reentrancy,patched,"{""amount"":4,""reenter"":true,""sender"":""user""}",True,True,True,True,True,True
source-unchecked_call-00,solidity,unchecked_call,vulnerable,"{""call_ok"":false,""value"":0}",True,True,True,True,True,True
source-unchecked_call-00,solidity,unchecked_call,vulnerable,"{""call_ok"":false,""value"":4}",True,True,True,True,True,True
source-unchecked_call-00,solidity,unchecked_call,vulnerable,"{""call_ok"":true,""value"":0}",True,True,True,True,True,True
source-unchecked_call-00,solidity,unchecked_call,vulnerable,"{""call_ok"":true,""value"":4}",True,True,True,True,True,True
source-unchecked_call-00,solidity,unchecked_call,patched,"{""call_ok"":false,""value"":0}",True,True,True,True,True,True
source-unchecked_call-00,solidity,unchecked_call,patched,"{""call_ok"":false,""value"":4}",True,True,True,True,True,True
source-unchecked_call-00,solidity,unchecked_call,patched,"{""call_ok"":true,""value"":0}",True,True,True,True,True,True
source-unchecked_call-00,solidity,unchecked_call,patched,"{""call_ok"":true,""value"":4}",True,True,True,True,True,True
source-unchecked_call-01,solidity,unchecked_call,vulnerable,"{""call_ok"":false,""value"":0}",True,True,True,True,True,True
source-unchecked_call-01,solidity,unchecked_call,vulnerable,"{""call_ok"":false,""value"":1}",True,True,True,True,True,True
source-unchecked_call-01,solidity,unchecked_call,vulnerable,"{""call_ok"":true,""value"":0}",True,True,True,True,True,True
source-unchecked_call-01,solidity,unchecked_call,vulnerable,"{""call_ok"":true,""value"":1}",True,True,True,True,True,True
source-unchecked_call-01,solidity,unchecked_call,patched,"{""call_ok"":false,""value"":0}",True,True,True,True,True,True
source-unchecked_call-01,solidity,unchecked_call,patched,"{""call_ok"":false,""value"":1}",True,True,True,True,True,True
source-unchecked_call-01,solidity,unchecked_call,patched,"{""call_ok"":true,""value"":0}",True,True,True,True,True,True
source-unchecked_call-01,solidity,unchecked_call,patched,"{""call_ok"":true,""value"":1}",True,True,True,True,True,True
source-unchecked_call-02,solidity,unchecked_call,vulnerable,"{""call_ok"":false,""value"":0}",True,True,True,True,True,True
source-unchecked_call-02,solidity,unchecked_call,vulnerable,"{""call_ok"":false,""value"":2}",True,True,True,True,True,True
source-unchecked_call-02,solidity,unchecked_call,vulnerable,"{""call_ok"":true,""value"":0}",True,True,True,True,True,True
source-unchecked_call-02,solidity,unchecked_call,vulnerable,"{""call_ok"":true,""value"":2}",True,True,True,True,True,True
source-unchecked_call-02,solidity,unchecked_call,patched,"{""call_ok"":false,""value"":0}",True,True,True,True,True,True
source-unchecked_call-02,solidity,unchecked_call,patched,"{""call_ok"":false,""value"":2}",True,True,True,True,True,True
source-unchecked_call-02,solidity,unchecked_call,patched,"{""call_ok"":true,""value"":0}",True,True,True,True,True,True
source-unchecked_call-02,solidity,unchecked_call,patched,"{""call_ok"":true,""value"":2}",True,True,True,True,True,True
source-unchecked_call-03,solidity,unchecked_call,vulnerable,"{""call_ok"":false,""value"":0}",True,True,True,True,True,True
source-unchecked_call-03,solidity,unchecked_call,vulnerable,"{""call_ok"":false,""value"":3}",True,True,True,True,True,True
source-unchecked_call-03,solidity,unchecked_call,vulnerable,"{""call_ok"":true,""value"":0}",True,True,True,True,True,True
source-unchecked_call-03,solidity,unchecked_call,vulnerable,"{""call_ok"":true,""value"":3}",True,True,True,True,True,True
source-unchecked_call-03,solidity,unchecked_call,patched,"{""call_ok"":false,""value"":0}",True,True,True,True,True,True
source-unchecked_call-03,solidity,unchecked_call,patched,"{""call_ok"":false,""value"":3}",True,True,True,True,True,True
source-unchecked_call-03,solidity,unchecked_call,patched,"{""call_ok"":true,""value"":0}",True,True,True,True,True,True
source-unchecked_call-03,solidity,unchecked_call,patched,"{""call_ok"":true,""value"":3}",True,True,True,True,True,True
source-unchecked_call-04,solidity,unchecked_call,vulnerable,"{""call_ok"":false,""value"":0}",True,True,True,True,True,True
source-unchecked_call-04,solidity,unchecked_call,vulnerable,"{""call_ok"":false,""value"":4}",True,True,True,True,True,True
source-unchecked_call-04,solidity,unchecked_call,vulnerable,"{""call_ok"":true,""value"":0}",True,True,True,True,True,True
source-unchecked_call-04,solidity,unchecked_call,vulnerable,"{""call_ok"":true,""value"":4}",True,True,True,True,True,True
source-unchecked_call-04,solidity,unchecked_call,patched,"{""call_ok"":false,""value"":0}",True,True,True,True,True,True
source-unchecked_call-04,solidity,unchecked_call,patched,"{""call_ok"":false,""value"":4}",True,True,True,True,True,True
source-unchecked_call-04,solidity,unchecked_call,patched,"{""call_ok"":true,""value"":0}",True,True,True,True,True,True
source-unchecked_call-04,solidity,unchecked_call,patched,"{""call_ok"":true,""value"":4}",True,True,True,True,True,True
source-unchecked_call-05,solidity,unchecked_call,vulnerable,"{""call_ok"":false,""value"":0}",True,True,True,True,True,True
source-unchecked_call-05,solidity,unchecked_call,vulnerable,"{""call_ok"":false,""value"":1}",True,True,True,True,True,True
source-unchecked_call-05,solidity,unchecked_call,vulnerable,"{""call_ok"":true,""value"":0}",True,True,True,True,True,True
source-unchecked_call-05,solidity,unchecked_call,vulnerable,"{""call_ok"":true,""value"":1}",True,True,True,True,True,True
source-unchecked_call-05,solidity,unchecked_call,patched,"{""call_ok"":false,""value"":0}",True,True,True,True,True,True
source-unchecked_call-05,solidity,unchecked_call,patched,"{""call_ok"":false,""value"":1}",True,True,True,True,True,True
source-unchecked_call-05,solidity,unchecked_call,patched,"{""call_ok"":true,""value"":0}",True,True,True,True,True,True
source-unchecked_call-05,solidity,unchecked_call,patched,"{""call_ok"":true,""value"":1}",True,True,True,True,True,True
source-unchecked_call-06,solidity,unchecked_call,vulnerable,"{""call_ok"":false,""value"":0}",True,True,True,True,True,True
source-unchecked_call-06,solidity,unchecked_call,vulnerable,"{""call_ok"":false,""value"":2}",True,True,True,True,True,True
source-unchecked_call-06,solidity,unchecked_call,vulnerable,"{""call_ok"":true,""value"":0}",True,True,True,True,True,True
source-unchecked_call-06,solidity,unchecked_call,vulnerable,"{""call_ok"":true,""value"":2}",True,True,True,True,True,True
source-unchecked_call-06,solidity,unchecked_call,patched,"{""call_ok"":false,""value"":0}",True,True,True,True,True,True
source-unchecked_call-06,solidity,unchecked_call,patched,"{""call_ok"":false,""value"":2}",True,True,True,True,True,True
source-unchecked_call-06,solidity,unchecked_call,patched,"{""call_ok"":true,""value"":0}",True,True,True,True,True,True
source-unchecked_call-06,solidity,unchecked_call,patched,"{""call_ok"":true,""value"":2}",True,True,True,True,True,True
source-unchecked_call-07,solidity,unchecked_call,vulnerable,"{""call_ok"":false,""value"":0}",True,True,True,True,True,True
source-unchecked_call-07,solidity,unchecked_call,vulnerable,"{""call_ok"":false,""value"":3}",True,True,True,True,True,True
source-unchecked_call-07,solidity,unchecked_call,vulnerable,"{""call_ok"":true,""value"":0}",True,True,True,True,True,True
source-unchecked_call-07,solidity,unchecked_call,vulnerable,"{""call_ok"":true,""value"":3}",True,True,True,True,True,True
source-unchecked_call-07,solidity,unchecked_call,patched,"{""call_ok"":false,""value"":0}",True,True,True,True,True,True
source-unchecked_call-07,solidity,unchecked_call,patched,"{""call_ok"":false,""value"":3}",True,True,True,True,True,True
source-unchecked_call-07,solidity,unchecked_call,patched,"{""call_ok"":true,""value"":0}",True,True,True,True,True,True
source-unchecked_call-07,solidity,unchecked_call,patched,"{""call_ok"":true,""value"":3}",True,True,True,True,True,True
source-unchecked_call-08,solidity,unchecked_call,vulnerable,"{""call_ok"":false,""value"":0}",True,True,True,True,True,True
source-unchecked_call-08,solidity,unchecked_call,vulnerable,"{""call_ok"":false,""value"":4}",True,True,True,True,True,True
source-unchecked_call-08,solidity,unchecked_call,vulnerable,"{""call_ok"":true,""value"":0}",True,True,True,True,True,True
source-unchecked_call-08,solidity,unchecked_call,vulnerable,"{""call_ok"":true,""value"":4}",True,True,True,True,True,True
source-unchecked_call-08,solidity,unchecked_call,patched,"{""call_ok"":false,""value"":0}",True,True,True,True,True,True
source-unchecked_call-08,solidity,unchecked_call,patched,"{""call_ok"":false,""value"":4}",True,True,True,True,True,True
source-unchecked_call-08,solidity,unchecked_call,patched,"{""call_ok"":true,""value"":0}",True,True,True,True,True,True
source-unchecked_call-08,solidity,unchecked_call,patched,"{""call_ok"":true,""value"":4}",True,True,True,True,True,True
source-unchecked_call-09,solidity,unchecked_call,vulnerable,"{""call_ok"":false,""value"":0}",True,True,True,True,True,True
source-unchecked_call-09,solidity,unchecked_call,vulnerable,"{""call_ok"":false,""value"":1}",True,True,True,True,True,True
source-unchecked_call-09,solidity,unchecked_call,vulnerable,"{""call_ok"":true,""value"":0}",True,True,True,True,True,True
source-unchecked_call-09,solidity,unchecked_call,vulnerable,"{""call_ok"":true,""value"":1}",True,True,True,True,True,True
source-unchecked_call-09,solidity,unchecked_call,patched,"{""call_ok"":false,""value"":0}",True,True,True,True,True,True
source-unchecked_call-09,solidity,unchecked_call,patched,"{""call_ok"":false,""value"":1}",True,True,True,True,True,True
source-unchecked_call-09,solidity,unchecked_call,patched,"{""call_ok"":true,""value"":0}",True,True,True,True,True,True
source-unchecked_call-09,solidity,unchecked_call,patched,"{""call_ok"":true,""value"":1}",True,True,True,True,True,True
