pair_id,source_kind,family,label,side,declared_repair,surface_cell
gen-bounds_write-000,generated,bounds_write,vulnerable,vulnerable,insert-root-guard,surface-0103
gen-bounds_write-000,generated,bounds_write,patched,patched,insert-root-guard,surface-0103
gen-bounds_write-001,generated,bounds_write,vulnerable,vulnerable,insert-root-guard,surface-0106
gen-bounds_write-001,generated,bounds_write,patched,patched,insert-root-guard,surface-0106
gen-bounds_write-002,generated,bounds_write,vulnerable,vulnerable,insert-root-guard,surface-0119
gen-bounds_write-002,generated,bounds_write,patched,patched,insert-root-guard,surface-0119
gen-bounds_write-003,generated,bounds_write,vulnerable,vulnerable,insert-root-guard,surface-0083
gen-bounds_write-003,generated,bounds_write,patched,patched,insert-root-guard,surface-0083
gen-bounds_write-004,generated,bounds_write,vulnerable,vulnerable,insert-root-guard,surface-0093
gen-bounds_write-004,generated,bounds_write,patched,patched,insert-root-guard,surface-0093
gen-bounds_write-005,generated,bounds_write,vulnerable,vulnerable,insert-root-guard,surface-0099
gen-bounds_write-005,generated,bounds_write,patched,patched,insert-root-guard,surface-0099
gen-bounds_write-006,generated,bounds_write,vulnerable,vulnerable,insert-root-guard,surface-0112
gen-bounds_write-006,generated,bounds_write,patched,patched,insert-root-guard,surface-0112
gen-bounds_write-007,generated,bounds_write,vulnerable,vulnerable,insert-root-guard,surface-0113
gen-bounds_write-007,generated,bounds_write,patched,patched,insert-root-guard,surface-0113
gen-bounds_write-008,generated,bounds_write,vulnerable,vulnerable,insert-root-guard,surface-0086
gen-bounds_write-008,generated,bounds_write,patched,patched,insert-root-guard,surface-0086
gen-bounds_write-009,generated,bounds_write,vulnerable,vulnerable,insert-root-guard,surface-0092
gen-bounds_write-009,generated,bounds_write,patched,patched,insert-root-guard,surface-0092
gen-bounds_write-010,generated,bounds_write,vulnerable,vulnerable,insert-root-guard,surface-0101
gen-bounds_write-010,generated,bounds_write,patched,patched,insert-root-guard,surface-0101
gen-bounds_write-011,generated,bounds_write,vulnerable,vulnerable,insert-root-guard,surface-0107
gen-bounds_write-011,generated,bounds_write,patched,patched,insert-root-guard,surface-0107
gen-bounds_write-012,generated,bounds_write,vulnerable,vulnerable,insert-root-guard,surface-0120
gen-bounds_write-012,generated,bounds_write,patched,patched,insert-root-guard,surface-0120
gen-bounds_write-013,generated,bounds_write,vulnerable,vulnerable,insert-root-guard,surface-0081
gen-bounds_write-013,generated,bounds_write,patched,patched,insert-root-guard,surface-0081
gen-bounds_write-014,generated,bounds_write,vulnerable,vulnerable,insert-root-guard,surface-0095
gen-bounds_write-014,generated,bounds_write,patched,patched,insert-root-guard,surface-0095
gen-bounds_write-015,generated,bounds_write,vulnerable,vulnerable,insert-root-guard,surface-0100
gen-bounds_write-015,generated,bounds_write,patched,patched,insert-root-guard,surface-0100
gen-bounds_write-016,generated,bounds_write,vulnerable,vulnerable,insert-root-guard,surface-0109
gen-bounds_write-016,generated,bounds_write,patched,patched,insert-root-guard,surface-0109
gen-bounds_write-017,generated,bounds_write,vulnerable,vulnerable,insert-root-guard,surface-0115
gen-bounds_write-017,generated,bounds_write,patched,patched,insert-root-guard,surface-0115
gen-bounds_write-018,generated,bounds_write,vulnerable,vulnerable,insert-root-guard,surface-0088
gen-bounds_write-018,generated,bounds_write,patched,patched,insert-root-guard,surface-0088
gen-bounds_write-019,generated,bounds_write,vulnerable,vulnerable,insert-root-guard,surface-0089
gen-bounds_write-019,generated,bounds_write,patched,patched,insert-root-guard,surface-0089
gen-bounds_write-020,generated,bounds_write,vulnerable,vulnerable,insert-root-guard,surface-0102
gen-bounds_write-020,generated,bounds_write,patched,patched,insert-root-guard,surface-0102
gen-bounds_write-021,generated,bounds_write,vulnerable,vulnerable,insert-root-guard,surface-0108
gen-bounds_write-021,generated,bounds_write,patched,patched,insert-root-guard,surface-0108
gen-bounds_write-022,generated,bounds_write,vulnerable,vulnerable,insert-root-guard,surface-0117
gen-bounds_write-022,generated,bounds_write,patched,patched,insert-root-guard,surface-0117
gen-bounds_write-023,generated,bounds_write,vulnerable,vulnerable,insert-root-guard,surface-0082
gen-bounds_write-023,generated,bounds_write,patched,patched,insert-root-guard,surface-0082
gen-bounds_write-024,generated,bounds_write,vulnerable,vulnerable,insert-root-guard,surface-0096
gen-bounds_write-024,generated,bounds_write,patched,patched,insert-root-guard,surface-0096
gen-bounds_write-025,generated,bounds_write,vulnerable,vulnerable,insert-root-guard,surface-0097
gen-bounds_write-025,generated,bounds_write,patched,patched,insert-root-guard,surface-0097
gen-bounds_write-026,generated,bounds_write,vulnerable,vulnerable,insert-root-guard,surface-0110
gen-bounds_write-026,generated,bounds_write,patched,patched,insert-root-guard,surface-0110
gen-bounds_write-027,generated,bounds_write,vulnerable,vulnerable,insert-root-guard,surface-0116
gen-bounds_write-027,generated,bounds_write,patched,patched,insert-root-guard,surface-0116
gen-bounds_write-028,generated,bounds_write,vulnerable,vulnerable,insert-root-guard,surface-0085
gen-bounds_write-028,generated,bounds_write,patched,patched,insert-root-guard,surface-0085
gen-bounds_write-029,generated,bounds_write,vulnerable,vulnerable,insert-root-guard,surface-0090
gen-bounds_write-029,generated,bounds_write,patched,patched,insert-root-guard,surface-0090
gen-bounds_write-030,generated,bounds_write,vulnerable,vulnerable,insert-root-guard,surface-0104
gen-bounds_write-030,generated,bounds_write,patched,patched,insert-root-guard,surface-0104
gen-bounds_write-031,generated,bounds_write,vulnerable,vulnerable,insert-root-guard,surface-0105
gen-bounds_write-031,generated,bounds_write,patched,patched,insert-root-guard,surface-0105
gen-bounds_write-032,generated,bounds_write,vulnerable,vulnerable,insert-root-guard,surface-0118
gen-bounds_write-032,generated,bounds_write,patched,patched,insert-root-guard,surface-0118
gen-bounds_write-033,generated,bounds_write,vulnerable,vulnerable,insert-root-guard,surface-0084
gen-bounds_write-033,generated,bounds_write,patched,patched,insert-root-guard,surface-0084
gen-bounds_write-034,generated,bounds_write,vulnerable,vulnerable,insert-root-guard,surface-0094
gen-bounds_write-034,generated,bounds_write,patched,patched,insert-root-guard,surface-0094
gen-bounds_write-035,generated,bounds_write,vulnerable,vulnerable,insert-root-guard,surface-0098
gen-bounds_write-035,generated,bounds_write,patched,patched,insert-root-guard,surface-0098
gen-bounds_write-036,generated,bounds_write,vulnerable,vulnerable,insert-root-guard,surface-0111
gen-bounds_write-036,generated,bounds_write,patched,patched,insert-root-guard,surface-0111
gen-bounds_write-037,generated,bounds_write,vulnerable,vulnerable,insert-root-guard,surface-0114
gen-bounds_write-037,generated,bounds_write,patched,patched,insert-root-guard,surface-0114
gen-bounds_write-038,generated,bounds_write,vulnerable,vulnerable,insert-root-guard,surface-0087
gen-bounds_write-038,generated,bounds_write,patched,patched,insert-root-guard,surface-0087
gen-bounds_write-039,generated,bounds_write,vulnerable,vulnerable,insert-root-guard,surface-0091
gen-bounds_write-039,generated,bounds_write,patched,patched,insert-root-guard,surface-0091
pub-bounds_write-00,synthetic-reference-tagged,bounds_write,vulnerable,vulnerable,insert-root-guard,surface-0258
pub-bounds_write-00,synthetic-reference-tagged,bounds_write,patched,patched,insert-root-guard,surface-0258
pub-bounds_write-01,synthetic-reference-tagged,bounds_write,vulnerable,vulnerable,insert-root-guard,surface-0257
pub-bounds_write-01,synthetic-reference-tagged,bounds_write,patched,patched,insert-root-guard,surface-0257
pub-bounds_write-02,synthetic-reference-tagged,bounds_write,vulnerable,vulnerable,insert-root-guard,surface-0246
pub-bounds_write-02,synthetic-reference-tagged,bounds_write,patched,patched,insert-root-guard,surface-0246
gen-divide_zero-000,generated,divide_zero,vulnerable,vulnerable,insert-root-guard,surface-0024
gen-divide_zero-000,generated,divide_zero,patched,patched,insert-root-guard,surface-0024
gen-divide_zero-001,generated,divide_zero,vulnerable,vulnerable,insert-root-guard,surface-0026
gen-divide_zero-001,generated,divide_zero,patched,patched,insert-root-guard,surface-0026
gen-divide_zero-002,generated,divide_zero,vulnerable,vulnerable,insert-root-guard,surface-0038
gen-divide_zero-002,generated,divide_zero,patched,patched,insert-root-guard,surface-0038
gen-divide_zero-003,generated,divide_zero,vulnerable,vulnerable,insert-root-guard,surface-0007
gen-divide_zero-003,generated,divide_zero,patched,patched,insert-root-guard,surface-0007
gen-divide_zero-004,generated,divide_zero,vulnerable,vulnerable,insert-root-guard,surface-0011
gen-divide_zero-004,generated,divide_zero,patched,patched,insert-root-guard,surface-0011
gen-divide_zero-005,generated,divide_zero,vulnerable,vulnerable,insert-root-guard,surface-0019
gen-divide_zero-005,generated,divide_zero,patched,patched,insert-root-guard,surface-0019
gen-divide_zero-006,generated,divide_zero,vulnerable,vulnerable,insert-root-guard,surface-0032
gen-divide_zero-006,generated,divide_zero,patched,patched,insert-root-guard,surface-0032
gen-divide_zero-007,generated,divide_zero,vulnerable,vulnerable,insert-root-guard,surface-0034
gen-divide_zero-007,generated,divide_zero,patched,patched,insert-root-guard,surface-0034
gen-divide_zero-008,generated,divide_zero,vulnerable,vulnerable,insert-root-guard,surface-0005
gen-divide_zero-008,generated,divide_zero,patched,patched,insert-root-guard,surface-0005
gen-divide_zero-009,generated,divide_zero,vulnerable,vulnerable,insert-root-guard,surface-0015
gen-divide_zero-009,generated,divide_zero,patched,patched,insert-root-guard,surface-0015
gen-divide_zero-010,generated,divide_zero,vulnerable,vulnerable,insert-root-guard,surface-0018
gen-divide_zero-010,generated,divide_zero,patched,patched,insert-root-guard,surface-0018
gen-divide_zero-011,generated,divide_zero,vulnerable,vulnerable,insert-root-guard,surface-0028
gen-divide_zero-011,generated,divide_zero,patched,patched,insert-root-guard,surface-0028
gen-divide_zero-012,generated,divide_zero,vulnerable,vulnerable,insert-root-guard,surface-0040
gen-divide_zero-012,generated,divide_zero,patched,patched,insert-root-guard,surface-0040
gen-divide_zero-013,generated,divide_zero,vulnerable,vulnerable,insert-root-guard,surface-0001
gen-divide_zero-013,generated,divide_zero,patched,patched,insert-root-guard,surface-0001
gen-divide_zero-014,generated,divide_zero,vulnerable,vulnerable,insert-root-guard,surface-0013
gen-divide_zero-014,generated,divide_zero,patched,patched,insert-root-guard,surface-0013
gen-divide_zero-015,generated,divide_zero,vulnerable,vulnerable,insert-root-guard,surface-0022
gen-divide_zero-015,generated,divide_zero,patched,patched,insert-root-guard,surface-0022
gen-divide_zero-016,generated,divide_zero,vulnerable,vulnerable,insert-root-guard,surface-0027
gen-divide_zero-016,generated,divide_zero,patched,patched,insert-root-guard,surface-0027
gen-divide_zero-017,generated,divide_zero,vulnerable,vulnerable,insert-root-guard,surface-0036
gen-divide_zero-017,generated,divide_zero,patched,patched,insert-root-guard,surface-0036
gen-divide_zero-018,generated,divide_zero,vulnerable,vulnerable,insert-root-guard,surface-0008
gen-divide_zero-018,generated,divide_zero,patched,patched,insert-root-guard,surface-0008
gen-divide_zero-019,generated,divide_zero,vulnerable,vulnerable,insert-root-guard,surface-0009
gen-divide_zero-019,generated,divide_zero,patched,patched,insert-root-guard,surface-0009
gen-divide_zero-020,generated,divide_zero,vulnerable,vulnerable,insert-root-guard,surface-0021
gen-divide_zero-020,generated,divide_zero,patched,patched,insert-root-guard,surface-0021
gen-divide_zero-021,generated,divide_zero,vulnerable,vulnerable,insert-root-guard,surface-0030
gen-divide_zero-021,generated,divide_zero,patched,patched,insert-root-guard,surface-0030
gen-divide_zero-022,generated,divide_zero,vulnerable,vulnerable,insert-root-guard,surface-0035
gen-divide_zero-022,generated,divide_zero,patched,patched,insert-root-guard,surface-0035
gen-divide_zero-023,generated,divide_zero,vulnerable,vulnerable,insert-root-guard,surface-0003
gen-divide_zero-023,generated,divide_zero,patched,patched,insert-root-guard,surface-0003
gen-divide_zero-024,generated,divide_zero,vulnerable,vulnerable,insert-root-guard,surface-0016
gen-divide_zero-024,generated,divide_zero,patched,patched,insert-root-guard,surface-0016
gen-divide_zero-025,generated,divide_zero,vulnerable,vulnerable,insert-root-guard,surface-0017
gen-divide_zero-025,generated,divide_zero,patched,patched,insert-root-guard,surface-0017
gen-divide_zero-026,generated,divide_zero,vulnerable,vulnerable,insert-root-guard,surface-0029
gen-divide_zero-026,generated,divide_zero,patched,patched,insert-root-guard,surface-0029
gen-divide_zero-027,generated,divide_zero,vulnerable,vulnerable,insert-root-guard,surface-0039
gen-divide_zero-027,generated,divide_zero,patched,patched,insert-root-guard,surface-0039
gen-divide_zero-028,generated,divide_zero,vulnerable,vulnerable,insert-root-guard,surface-0002
gen-divide_zero-028,generated,divide_zero,patched,patched,insert-root-guard,surface-0002
gen-divide_zero-029,generated,divide_zero,vulnerable,vulnerable,insert-root-guard,surface-0012
gen-divide_zero-029,generated,divide_zero,patched,patched,insert-root-guard,surface-0012
gen-divide_zero-030,generated,divide_zero,vulnerable,vulnerable,insert-root-guard,surface-0023
gen-divide_zero-030,generated,divide_zero,patched,patched,insert-root-guard,surface-0023
gen-divide_zero-031,generated,divide_zero,vulnerable,vulnerable,insert-root-guard,surface-0025
gen-divide_zero-031,generated,divide_zero,patched,patched,insert-root-guard,surface-0025
gen-divide_zero-032,generated,divide_zero,vulnerable,vulnerable,insert-root-guard,surface-0037
gen-divide_zero-032,generated,divide_zero,patched,patched,insert-root-guard,surface-0037
gen-divide_zero-033,generated,divide_zero,vulnerable,vulnerable,insert-root-guard,surface-0006
gen-divide_zero-033,generated,divide_zero,patched,patched,insert-root-guard,surface-0006
gen-divide_zero-034,generated,divide_zero,vulnerable,vulnerable,insert-root-guard,surface-0010
gen-divide_zero-034,generated,divide_zero,patched,patched,insert-root-guard,surface-0010
gen-divide_zero-035,generated,divide_zero,vulnerable,vulnerable,insert-root-guard,surface-0020
gen-divide_zero-035,generated,divide_zero,patched,patched,insert-root-guard,surface-0020
gen-divide_zero-036,generated,divide_zero,vulnerable,vulnerable,insert-root-guard,surface-0031
gen-divide_zero-036,generated,divide_zero,patched,patched,insert-root-guard,surface-0031
gen-divide_zero-037,generated,divide_zero,vulnerable,vulnerable,insert-root-guard,surface-0033
gen-divide_zero-037,generated,divide_zero,patched,patched,insert-root-guard,surface-0033
gen-divide_zero-038,generated,divide_zero,vulnerable,vulnerable,insert-root-guard,surface-0004
gen-divide_zero-038,generated,divide_zero,patched,patched,insert-root-guard,surface-0004
gen-divide_zero-039,generated,divide_zero,vulnerable,vulnerable,insert-root-guard,surface-0014
gen-divide_zero-039,generated,divide_zero,patched,patched,insert-root-guard,surface-0014
pub-divide_zero-00,synthetic-reference-tagged,divide_zero,vulnerable,vulnerable,insert-root-guard,surface-0241
pub-divide_zero-00,synthetic-reference-tagged,divide_zero,patched,patched,insert-root-guard,surface-0241
pub-divide_zero-01,synthetic-reference-tagged,divide_zero,vulnerable,vulnerable,insert-root-guard,surface-0256
pub-divide_zero-01,synthetic-reference-tagged,divide_zero,patched,patched,insert-root-guard,surface-0256
pub-divide_zero-02,synthetic-reference-tagged,divide_zero,vulnerable,vulnerable,insert-root-guard,surface-0245
pub-divide_zero-02,synthetic-reference-tagged,divide_zero,patched,patched,insert-root-guard,surface-0245
gen-fixed_overflow-000,generated,fixed_overflow,vulnerable,vulnerable,insert-root-guard,surface-0064
gen-fixed_overflow-000,generated,fixed_overflow,patched,patched,insert-root-guard,surface-0064
gen-fixed_overflow-001,generated,fixed_overflow,vulnerable,vulnerable,insert-root-guard,surface-0065
gen-fixed_overflow-001,generated,fixed_overflow,patched,patched,insert-root-guard,surface-0065
gen-fixed_overflow-002,generated,fixed_overflow,vulnerable,vulnerable,insert-root-guard,surface-0076
gen-fixed_overflow-002,generated,fixed_overflow,patched,patched,insert-root-guard,surface-0076
gen-fixed_overflow-003,generated,fixed_overflow,vulnerable,vulnerable,insert-root-guard,surface-0045
gen-fixed_overflow-003,generated,fixed_overflow,patched,patched,insert-root-guard,surface-0045
gen-fixed_overflow-004,generated,fixed_overflow,vulnerable,vulnerable,insert-root-guard,surface-0056
gen-fixed_overflow-004,generated,fixed_overflow,patched,patched,insert-root-guard,surface-0056
gen-fixed_overflow-005,generated,fixed_overflow,vulnerable,vulnerable,insert-root-guard,surface-0057
gen-fixed_overflow-005,generated,fixed_overflow,patched,patched,insert-root-guard,surface-0057
gen-fixed_overflow-006,generated,fixed_overflow,vulnerable,vulnerable,insert-root-guard,surface-0068
gen-fixed_overflow-006,generated,fixed_overflow,patched,patched,insert-root-guard,surface-0068
gen-fixed_overflow-007,generated,fixed_overflow,vulnerable,vulnerable,insert-root-guard,surface-0078
gen-fixed_overflow-007,generated,fixed_overflow,patched,patched,insert-root-guard,surface-0078
gen-fixed_overflow-008,generated,fixed_overflow,vulnerable,vulnerable,insert-root-guard,surface-0047
gen-fixed_overflow-008,generated,fixed_overflow,patched,patched,insert-root-guard,surface-0047
gen-fixed_overflow-009,generated,fixed_overflow,vulnerable,vulnerable,insert-root-guard,surface-0050
gen-fixed_overflow-009,generated,fixed_overflow,patched,patched,insert-root-guard,surface-0050
gen-fixed_overflow-010,generated,fixed_overflow,vulnerable,vulnerable,insert-root-guard,surface-0059
gen-fixed_overflow-010,generated,fixed_overflow,patched,patched,insert-root-guard,surface-0059
gen-fixed_overflow-011,generated,fixed_overflow,vulnerable,vulnerable,insert-root-guard,surface-0070
gen-fixed_overflow-011,generated,fixed_overflow,patched,patched,insert-root-guard,surface-0070
gen-fixed_overflow-012,generated,fixed_overflow,vulnerable,vulnerable,insert-root-guard,surface-0079
gen-fixed_overflow-012,generated,fixed_overflow,patched,patched,insert-root-guard,surface-0079
gen-fixed_overflow-013,generated,fixed_overflow,vulnerable,vulnerable,insert-root-guard,surface-0042
gen-fixed_overflow-013,generated,fixed_overflow,patched,patched,insert-root-guard,surface-0042
gen-fixed_overflow-014,generated,fixed_overflow,vulnerable,vulnerable,insert-root-guard,surface-0052
gen-fixed_overflow-014,generated,fixed_overflow,patched,patched,insert-root-guard,surface-0052
gen-fixed_overflow-015,generated,fixed_overflow,vulnerable,vulnerable,insert-root-guard,surface-0061
gen-fixed_overflow-015,generated,fixed_overflow,patched,patched,insert-root-guard,surface-0061
gen-fixed_overflow-016,generated,fixed_overflow,vulnerable,vulnerable,insert-root-guard,surface-0072
gen-fixed_overflow-016,generated,fixed_overflow,patched,patched,insert-root-guard,surface-0072
gen-fixed_overflow-017,generated,fixed_overflow,vulnerable,vulnerable,insert-root-guard,surface-0073
gen-fixed_overflow-017,generated,fixed_overflow,patched,patched,insert-root-guard,surface-0073
gen-fixed_overflow-018,generated,fixed_overflow,vulnerable,vulnerable,insert-root-guard,surface-0044
gen-fixed_overflow-018,generated,fixed_overflow,patched,patched,insert-root-guard,surface-0044
gen-fixed_overflow-019,generated,fixed_overflow,vulnerable,vulnerable,insert-root-guard,surface-0053
gen-fixed_overflow-019,generated,fixed_overflow,patched,patched,insert-root-guard,surface-0053
gen-fixed_overflow-020,generated,fixed_overflow,vulnerable,vulnerable,insert-root-guard,surface-0063
gen-fixed_overflow-020,generated,fixed_overflow,patched,patched,insert-root-guard,surface-0063
gen-fixed_overflow-021,generated,fixed_overflow,vulnerable,vulnerable,insert-root-guard,surface-0066
gen-fixed_overflow-021,generated,fixed_overflow,patched,patched,insert-root-guard,surface-0066
gen-fixed_overflow-022,generated,fixed_overflow,vulnerable,vulnerable,insert-root-guard,surface-0075
gen-fixed_overflow-022,generated,fixed_overflow,patched,patched,insert-root-guard,surface-0075
gen-fixed_overflow-023,generated,fixed_overflow,vulnerable,vulnerable,insert-root-guard,surface-0046
gen-fixed_overflow-023,generated,fixed_overflow,patched,patched,insert-root-guard,surface-0046
gen-fixed_overflow-024,generated,fixed_overflow,vulnerable,vulnerable,insert-root-guard,surface-0055
gen-fixed_overflow-024,generated,fixed_overflow,patched,patched,insert-root-guard,surface-0055
gen-fixed_overflow-025,generated,fixed_overflow,vulnerable,vulnerable,insert-root-guard,surface-0058
gen-fixed_overflow-025,generated,fixed_overflow,patched,patched,insert-root-guard,surface-0058
gen-fixed_overflow-026,generated,fixed_overflow,vulnerable,vulnerable,insert-root-guard,surface-0067
gen-fixed_overflow-026,generated,fixed_overflow,patched,patched,insert-root-guard,surface-0067
gen-fixed_overflow-027,generated,fixed_overflow,vulnerable,vulnerable,insert-root-guard,surface-0077
gen-fixed_overflow-027,generated,fixed_overflow,patched,patched,insert-root-guard,surface-0077
gen-fixed_overflow-028,generated,fixed_overflow,vulnerable,vulnerable,insert-root-guard,surface-0048
gen-fixed_overflow-028,generated,fixed_overflow,patched,patched,insert-root-guard,surface-0048
gen-fixed_overflow-029,generated,fixed_overflow,vulnerable,vulnerable,insert-root-guard,surface-0049
gen-fixed_overflow-029,generated,fixed_overflow,patched,patched,insert-root-guard,surface-0049
gen-fixed_overflow-030,generated,fixed_overflow,vulnerable,vulnerable,insert-root-guard,surface-0060
gen-fixed_overflow-030,generated,fixed_overflow,patched,patched,insert-root-guard,surface-0060
gen-fixed_overflow-031,generated,fixed_overflow,vulnerable,vulnerable,insert-root-guard,surface-0069
gen-fixed_overflow-031,generated,fixed_overflow,patched,patched,insert-root-guard,surface-0069
gen-fixed_overflow-032,generated,fixed_overflow,vulnerable,vulnerable,insert-root-guard,surface-0080
gen-fixed_overflow-032,generated,fixed_overflow,patched,patched,insert-root-guard,surface-0080
gen-fixed_overflow-033,generated,fixed_overflow,vulnerable,vulnerable,insert-root-guard,surface-0041
gen-fixed_overflow-033,generated,fixed_overflow,patched,patched,insert-root-guard,surface-0041
gen-fixed_overflow-034,generated,fixed_overflow,vulnerable,vulnerable,insert-root-guard,surface-0051
gen-fixed_overflow-034,generated,fixed_overflow,patched,patched,insert-root-guard,surface-0051
gen-fixed_overflow-035,generated,fixed_overflow,vulnerable,vulnerable,insert-root-guard,surface-0062
gen-fixed_overflow-035,generated,fixed_overflow,patched,patched,insert-root-guard,surface-0062
gen-fixed_overflow-036,generated,fixed_overflow,vulnerable,vulnerable,insert-root-guard,surface-0071
gen-fixed_overflow-036,generated,fixed_overflow,patched,patched,insert-root-guard,surface-0071
gen-fixed_overflow-037,generated,fixed_overflow,vulnerable,vulnerable,insert-root-guard,surface-0074
gen-fixed_overflow-037,generated,fixed_overflow,patched,patched,insert-root-guard,surface-0074
gen-fixed_overflow-038,generated,fixed_overflow,vulnerable,vulnerable,insert-root-guard,surface-0043
gen-fixed_overflow-038,generated,fixed_overflow,patched,patched,insert-root-guard,surface-0043
gen-fixed_overflow-039,generated,fixed_overflow,vulnerable,vulnerable,insert-root-guard,surface-0054
gen-fixed_overflow-039,generated,fixed_overflow,patched,patched,insert-root-guard,surface-0054
pub-fixed_overflow-00,synthetic-reference-tagged,fixed_overflow,vulnerable,vulnerable,insert-root-guard,surface-0243
pub-fixed_overflow-00,synthetic-reference-tagged,fixed_overflow,patched,patched,insert-root-guard,surface-0243
pub-fixed_overflow-01,synthetic-reference-tagged,fixed_overflow,vulnerable,vulnerable,insert-root-guard,surface-0244
pub-fixed_overflow-01,synthetic-reference-tagged,fixed_overflow,patched,patched,insert-root-guard,surface-0244
pub-fixed_overflow-02,synthetic-reference-tagged,fixed_overflow,vulnerable,vulnerable,insert-root-guard,surface-0242
pub-fixed_overflow-02,synthetic-reference-tagged,fixed_overflow,patched,patched,insert-root-guard,surface-0242
gen-access_control-000,generated,access_control,vulnerable,vulnerable,insert-root-guard,surface-0184
gen-access_control-000,generated,access_control,patched,patched,insert-root-guard,surface-0184
gen-access_control-001,generated,access_control,vulnerable,vulnerable,insert-root-guard,surface-0186
gen-access_control-001,generated,access_control,patched,patched,insert-root-guard,surface-0186
gen-access_control-002,generated,access_control,vulnerable,vulnerable,insert-root-guard,surface-0198
gen-access_control-002,generated,access_control,patched,patched,insert-root-guard,surface-0198
gen-access_control-003,generated,access_control,vulnerable,vulnerable,insert-root-guard,surface-0167
gen-access_control-003,generated,access_control,patched,patched,insert-root-guard,surface-0167
gen-access_control-004,generated,access_control,vulnerable,vulnerable,insert-root-guard,surface-0171
gen-access_control-004,generated,access_control,patched,patched,insert-root-guard,surface-0171
gen-access_control-005,generated,access_control,vulnerable,vulnerable,insert-root-guard,surface-0179
gen-access_control-005,generated,access_control,patched,patched,insert-root-guard,surface-0179
gen-access_control-006,generated,access_control,vulnerable,vulnerable,insert-root-guard,surface-0192
gen-access_control-006,generated,access_control,patched,patched,insert-root-guard,surface-0192
gen-access_control-007,generated,access_control,vulnerable,vulnerable,insert-root-guard,surface-0194
gen-access_control-007,generated,access_control,patched,patched,insert-root-guard,surface-0194
gen-access_control-008,generated,access_control,vulnerable,vulnerable,insert-root-guard,surface-0165
gen-access_control-008,generated,access_control,patched,patched,insert-root-guard,surface-0165
gen-access_control-009,generated,access_control,vulnerable,vulnerable,insert-root-guard,surface-0175
gen-access_control-009,generated,access_control,patched,patched,insert-root-guard,surface-0175
gen-access_control-010,generated,access_control,vulnerable,vulnerable,insert-root-guard,surface-0178
gen-access_control-010,generated,access_control,patched,patched,insert-root-guard,surface-0178
gen-access_control-011,generated,access_control,vulnerable,vulnerable,insert-root-guard,surface-0188
gen-access_control-011,generated,access_control,patched,patched,insert-root-guard,surface-0188
gen-access_control-012,generated,access_control,vulnerable,vulnerable,insert-root-guard,surface-0200
gen-access_control-012,generated,access_control,patched,patched,insert-root-guard,surface-0200
gen-access_control-013,generated,access_control,vulnerable,vulnerable,insert-root-guard,surface-0161
gen-access_control-013,generated,access_control,patched,patched,insert-root-guard,surface-0161
gen-access_control-014,generated,access_control,vulnerable,vulnerable,insert-root-guard,surface-0173
gen-access_control-014,generated,access_control,patched,patched,insert-root-guard,surface-0173
gen-access_control-015,generated,access_control,vulnerable,vulnerable,insert-root-guard,surface-0182
gen-access_control-015,generated,access_control,patched,patched,insert-root-guard,surface-0182
gen-access_control-016,generated,access_control,vulnerable,vulnerable,insert-root-guard,surface-0187
gen-access_control-016,generated,access_control,patched,patched,insert-root-guard,surface-0187
gen-access_control-017,generated,access_control,vulnerable,vulnerable,insert-root-guard,surface-0196
gen-access_control-017,generated,access_control,patched,patched,insert-root-guard,surface-0196
gen-access_control-018,generated,access_control,vulnerable,vulnerable,insert-root-guard,surface-0168
gen-access_control-018,generated,access_control,patched,patched,insert-root-guard,surface-0168
gen-access_control-019,generated,access_control,vulnerable,vulnerable,insert-root-guard,surface-0169
gen-access_control-019,generated,access_control,patched,patched,insert-root-guard,surface-0169
gen-access_control-020,generated,access_control,vulnerable,vulnerable,insert-root-guard,surface-0181
gen-access_control-020,generated,access_control,patched,patched,insert-root-guard,surface-0181
gen-access_control-021,generated,access_control,vulnerable,vulnerable,insert-root-guard,surface-0190
gen-access_control-021,generated,access_control,patched,patched,insert-root-guard,surface-0190
gen-access_control-022,generated,access_control,vulnerable,vulnerable,insert-root-guard,surface-0195
gen-access_control-022,generated,access_control,patched,patched,insert-root-guard,surface-0195
gen-access_control-023,generated,access_control,vulnerable,vulnerable,insert-root-guard,surface-0163
gen-access_control-023,generated,access_control,patched,patched,insert-root-guard,surface-0163
gen-access_control-024,generated,access_control,vulnerable,vulnerable,insert-root-guard,surface-0176
gen-access_control-024,generated,access_control,patched,patched,insert-root-guard,surface-0176
gen-access_control-025,generated,access_control,vulnerable,vulnerable,insert-root-guard,surface-0177
gen-access_control-025,generated,access_control,patched,patched,insert-root-guard,surface-0177
gen-access_control-026,generated,access_control,vulnerable,vulnerable,insert-root-guard,surface-0189
gen-access_control-026,generated,access_control,patched,patched,insert-root-guard,surface-0189
gen-access_control-027,generated,access_control,vulnerable,vulnerable,insert-root-guard,surface-0199
gen-access_control-027,generated,access_control,patched,patched,insert-root-guard,surface-0199
gen-access_control-028,generated,access_control,vulnerable,vulnerable,insert-root-guard,surface-0162
gen-access_control-028,generated,access_control,patched,patched,insert-root-guard,surface-0162
gen-access_control-029,generated,access_control,vulnerable,vulnerable,insert-root-guard,surface-0172
gen-access_control-029,generated,access_control,patched,patched,insert-root-guard,surface-0172
gen-access_control-030,generated,access_control,vulnerable,vulnerable,insert-root-guard,surface-0183
gen-access_control-030,generated,access_control,patched,patched,insert-root-guard,surface-0183
gen-access_control-031,generated,access_control,vulnerable,vulnerable,insert-root-guard,surface-0185
gen-access_control-031,generated,access_control,patched,patched,insert-root-guard,surface-0185
gen-access_control-032,generated,access_control,vulnerable,vulnerable,insert-root-guard,surface-0197
gen-access_control-032,generated,access_control,patched,patched,insert-root-guard,surface-0197
gen-access_control-033,generated,access_control,vulnerable,vulnerable,insert-root-guard,surface-0166
gen-access_control-033,generated,access_control,patched,patched,insert-root-guard,surface-0166
gen-access_control-034,generated,access_control,vulnerable,vulnerable,insert-root-guard,surface-0170
gen-access_control-034,generated,access_control,patched,patched,insert-root-guard,surface-0170
gen-access_control-035,generated,access_control,vulnerable,vulnerable,insert-root-guard,surface-0180
gen-access_control-035,generated,access_control,patched,patched,insert-root-guard,surface-0180
gen-access_control-036,generated,access_control,vulnerable,vulnerable,insert-root-guard,surface-0191
gen-access_control-036,generated,access_control,patched,patched,insert-root-guard,surface-0191
gen-access_control-037,generated,access_control,vulnerable,vulnerable,insert-root-guard,surface-0193
gen-access_control-037,generated,access_control,patched,patched,insert-root-guard,surface-0193
gen-access_control-038,generated,access_control,vulnerable,vulnerable,insert-root-guard,surface-0164
gen-access_control-038,generated,access_control,patched,patched,insert-root-guard,surface-0164
gen-access_control-039,generated,access_control,vulnerable,vulnerable,insert-root-guard,surface-0174
gen-access_control-039,generated,access_control,patched,patched,insert-root-guard,surface-0174
pub-access_control-00,synthetic-reference-tagged,access_control,vulnerable,vulnerable,insert-root-guard,surface-0253
pub-access_control-00,synthetic-reference-tagged,access_control,patched,patched,insert-root-guard,surface-0253
pub-access_control-01,synthetic-reference-tagged,access_control,vulnerable,vulnerable,insert-root-guard,surface-0254
pub-access_control-01,synthetic-reference-tagged,access_control,patched,patched,insert-root-guard,surface-0254
pub-access_control-02,synthetic-reference-tagged,access_control,vulnerable,vulnerable,insert-root-guard,surface-0255
pub-access_control-02,synthetic-reference-tagged,access_control,patched,patched,insert-root-guard,surface-0255
gen-reentrancy-000,generated,reentrancy,vulnerable,vulnerable,effects-before-interaction,surface-0224
gen-reentrancy-000,generated,reentrancy,patched,patched,effects-before-interaction,surface-0224
gen-reentrancy-001,generated,reentrancy,vulnerable,vulnerable,effects-before-interaction,surface-0226
gen-reentrancy-001,generated,reentrancy,patched,patched,effects-before-interaction,surface-0226
gen-reentrancy-002,generated,reentrancy,vulnerable,vulnerable,effects-before-interaction,surface-0239
gen-reentrancy-002,generated,reentrancy,patched,patched,effects-before-interaction,surface-0239
gen-reentrancy-003,generated,reentrancy,vulnerable,vulnerable,effects-before-interaction,surface-0204
gen-reentrancy-003,generated,reentrancy,patched,patched,effects-before-interaction,surface-0204
gen-reentrancy-004,generated,reentrancy,vulnerable,vulnerable,effects-before-interaction,surface-0214
gen-reentrancy-004,generated,reentrancy,patched,patched,effects-before-interaction,surface-0214
gen-reentrancy-005,generated,reentrancy,vulnerable,vulnerable,effects-before-interaction,surface-0218
gen-reentrancy-005,generated,reentrancy,patched,patched,effects-before-interaction,surface-0218
gen-reentrancy-006,generated,reentrancy,vulnerable,vulnerable,effects-before-interaction,surface-0232
gen-reentrancy-006,generated,reentrancy,patched,patched,effects-before-interaction,surface-0232
gen-reentrancy-007,generated,reentrancy,vulnerable,vulnerable,effects-before-interaction,surface-0234
gen-reentrancy-007,generated,reentrancy,patched,patched,effects-before-interaction,surface-0234
gen-reentrancy-008,generated,reentrancy,vulnerable,vulnerable,effects-before-interaction,surface-0207
gen-reentrancy-008,generated,reentrancy,patched,patched,effects-before-interaction,surface-0207
gen-reentrancy-009,generated,reentrancy,vulnerable,vulnerable,effects-before-interaction,surface-0212
gen-reentrancy-009,generated,reentrancy,patched,patched,effects-before-interaction,surface-0212
gen-reentrancy-010,generated,reentrancy,vulnerable,vulnerable,effects-before-interaction,surface-0221
gen-reentrancy-010,generated,reentrancy,patched,patched,effects-before-interaction,surface-0221
gen-reentrancy-011,generated,reentrancy,vulnerable,vulnerable,effects-before-interaction,surface-0227
gen-reentrancy-011,generated,reentrancy,patched,patched,effects-before-interaction,surface-0227
gen-reentrancy-012,generated,reentrancy,vulnerable,vulnerable,effects-before-interaction,surface-0240
gen-reentrancy-012,generated,reentrancy,patched,patched,effects-before-interaction,surface-0240
gen-reentrancy-013,generated,reentrancy,vulnerable,vulnerable,effects-before-interaction,surface-0201
gen-reentrancy-013,generated,reentrancy,patched,patched,effects-before-interaction,surface-0201
gen-reentrancy-014,generated,reentrancy,vulnerable,vulnerable,effects-before-interaction,surface-0215
gen-reentrancy-014,generated,reentrancy,patched,patched,effects-before-interaction,surface-0215
gen-reentrancy-015,generated,reentrancy,vulnerable,vulnerable,effects-before-interaction,surface-0220
gen-reentrancy-015,generated,reentrancy,patched,patched,effects-before-interaction,surface-0220
gen-reentrancy-016,generated,reentrancy,vulnerable,vulnerable,effects-before-interaction,surface-0229
gen-reentrancy-016,generated,reentrancy,patched,patched,effects-before-interaction,surface-0229
gen-reentrancy-017,generated,reentrancy,vulnerable,vulnerable,effects-before-interaction,surface-0235
gen-reentrancy-017,generated,reentrancy,patched,patched,effects-before-interaction,surface-0235
gen-reentrancy-018,generated,reentrancy,vulnerable,vulnerable,effects-before-interaction,surface-0208
gen-reentrancy-018,generated,reentrancy,patched,patched,effects-before-interaction,surface-0208
gen-reentrancy-019,generated,reentrancy,vulnerable,vulnerable,effects-before-interaction,surface-0209
gen-reentrancy-019,generated,reentrancy,patched,patched,effects-before-interaction,surface-0209
gen-reentrancy-020,generated,reentrancy,vulnerable,vulnerable,effects-before-interaction,surface-0222
gen-reentrancy-020,generated,reentrancy,patched,patched,effects-before-interaction,surface-0222
gen-reentrancy-021,generated,reentrancy,vulnerable,vulnerable,effects-before-interaction,surface-0228
gen-reentrancy-021,generated,reentrancy,patched,patched,effects-before-interaction,surface-0228
gen-reentrancy-022,generated,reentrancy,vulnerable,vulnerable,effects-before-interaction,surface-0237
gen-reentrancy-022,generated,reentrancy,patched,patched,effects-before-interaction,surface-0237
gen-reentrancy-023,generated,reentrancy,vulnerable,vulnerable,effects-before-interaction,surface-0202
gen-reentrancy-023,generated,reentrancy,patched,patched,effects-before-interaction,surface-0202
gen-reentrancy-024,generated,reentrancy,vulnerable,vulnerable,effects-before-interaction,surface-0216
gen-reentrancy-024,generated,reentrancy,patched,patched,effects-before-interaction,surface-0216
gen-reentrancy-025,generated,reentrancy,vulnerable,vulnerable,effects-before-interaction,surface-0217
gen-reentrancy-025,generated,reentrancy,patched,patched,effects-before-interaction,surface-0217
gen-reentrancy-026,generated,reentrancy,vulnerable,vulnerable,effects-before-interaction,surface-0230
gen-reentrancy-026,generated,reentrancy,patched,patched,effects-before-interaction,surface-0230
gen-reentrancy-027,generated,reentrancy,vulnerable,vulnerable,effects-before-interaction,surface-0236
gen-reentrancy-027,generated,reentrancy,patched,patched,effects-before-interaction,surface-0236
gen-reentrancy-028,generated,reentrancy,vulnerable,vulnerable,effects-before-interaction,surface-0205
gen-reentrancy-028,generated,reentrancy,patched,patched,effects-before-interaction,surface-0205
gen-reentrancy-029,generated,reentrancy,vulnerable,vulnerable,effects-before-interaction,surface-0210
gen-reentrancy-029,generated,reentrancy,patched,patched,effects-before-interaction,surface-0210
gen-reentrancy-030,generated,reentrancy,vulnerable,vulnerable,effects-before-interaction,surface-0223
gen-reentrancy-030,generated,reentrancy,patched,patched,effects-before-interaction,surface-0223
gen-reentrancy-031,generated,reentrancy,vulnerable,vulnerable,effects-before-interaction,surface-0225
gen-reentrancy-031,generated,reentrancy,patched,patched,effects-before-interaction,surface-0225
gen-reentrancy-032,generated,reentrancy,vulnerable,vulnerable,effects-before-interaction,surface-0238
gen-reentrancy-032,generated,reentrancy,patched,patched,effects-before-interaction,surface-0238
gen-reentrancy-033,generated,reentrancy,vulnerable,vulnerable,effects-before-interaction,surface-0203
gen-reentrancy-033,generated,reentrancy,patched,patched,effects-before-interaction,surface-0203
gen-reentrancy-034,generated,reentrancy,vulnerable,vulnerable,effects-before-interaction,surface-0213
gen-reentrancy-034,generated,reentrancy,patched,patched,effects-before-interaction,surface-0213
gen-reentrancy-035,generated,reentrancy,vulnerable,vulnerable,effects-before-interaction,surface-0219
gen-reentrancy-035,generated,reentrancy,patched,patched,effects-before-interaction,surface-0219
gen-reentrancy-036,generated,reentrancy,vulnerable,vulnerable,effects-before-interaction,surface-0231
gen-reentrancy-036,generated,reentrancy,patched,patched,effects-before-interaction,surface-0231
gen-reentrancy-037,generated,reentrancy,vulnerable,vulnerable,effects-before-interaction,surface-0233
gen-reentrancy-037,generated,reentrancy,patched,patched,effects-before-interaction,surface-0233
gen-reentrancy-038,generated,reentrancy,vulnerable,vulnerable,effects-before-interaction,surface-0206
gen-reentrancy-038,generated,reentrancy,patched,patched,effects-before-interaction,surface-0206
gen-reentrancy-039,generated,reentrancy,vulnerable,vulnerable,effects-before-interaction,surface-0211
gen-reentrancy-039,generated,reentrancy,patched,patched,effects-before-interaction,surface-0211
pub-reentrancy-00,synthetic-reference-tagged,reentrancy,vulnerable,vulnerable,effects-before-interaction,surface-0247
pub-reentrancy-00,synthetic-reference-tagged,reentrancy,patched,patched,effects-before-interaction,surface-0247
pub-reentrancy-01,synthetic-reference-tagged,reentrancy,vulnerable,vulnerable,effects-before-interaction,surface-0248
pub-reentrancy-01,synthetic-reference-tagged,reentrancy,patched,patched,effects-before-interaction,surface-0248
pub-reentrancy-02,synthetic-reference-tagged,reentrancy,vulnerable,vulnerable,effects-before-interaction,surface-0249
pub-reentrancy-02,synthetic-reference-tagged,reentrancy,patched,patched,effects-before-interaction,surface-0249
gen-unchecked_call-000,generated,unchecked_call,vulnerable,vulnerable,check-call-result,surface-0144
gen-unchecked_call-000,generated,unchecked_call,patched,patched,check-call-result,surface-0144
gen-unchecked_call-001,generated,unchecked_call,vulnerable,vulnerable,check-call-result,surface-0145
gen-unchecked_call-001,generated,unchecked_call,patched,patched,check-call-result,surface-0145
gen-unchecked_call-002,generated,unchecked_call,vulnerable,vulnerable,check-call-result,surface-0158
gen-unchecked_call-002,generated,unchecked_call,patched,patched,check-call-result,surface-0158
gen-unchecked_call-003,generated,unchecked_call,vulnerable,vulnerable,check-call-result,surface-0123
gen-unchecked_call-003,generated,unchecked_call,patched,patched,check-call-result,surface-0123
gen-unchecked_call-004,generated,unchecked_call,vulnerable,vulnerable,check-call-result,surface-0136
gen-unchecked_call-004,generated,unchecked_call,patched,patched,check-call-result,surface-0136
gen-unchecked_call-005,generated,unchecked_call,vulnerable,vulnerable,check-call-result,surface-0137
gen-unchecked_call-005,generated,unchecked_call,patched,patched,check-call-result,surface-0137
gen-unchecked_call-006,generated,unchecked_call,vulnerable,vulnerable,check-call-result,surface-0150
gen-unchecked_call-006,generated,unchecked_call,patched,patched,check-call-result,surface-0150
gen-unchecked_call-007,generated,unchecked_call,vulnerable,vulnerable,check-call-result,surface-0156
gen-unchecked_call-007,generated,unchecked_call,patched,patched,check-call-result,surface-0156
gen-unchecked_call-008,generated,unchecked_call,vulnerable,vulnerable,check-call-result,surface-0127
gen-unchecked_call-008,generated,unchecked_call,patched,patched,check-call-result,surface-0127
gen-unchecked_call-009,generated,unchecked_call,vulnerable,vulnerable,check-call-result,surface-0130
gen-unchecked_call-009,generated,unchecked_call,patched,patched,check-call-result,surface-0130
gen-unchecked_call-010,generated,unchecked_call,vulnerable,vulnerable,check-call-result,surface-0141
gen-unchecked_call-010,generated,unchecked_call,patched,patched,check-call-result,surface-0141
gen-unchecked_call-011,generated,unchecked_call,vulnerable,vulnerable,check-call-result,surface-0148
gen-unchecked_call-011,generated,unchecked_call,patched,patched,check-call-result,surface-0148
gen-unchecked_call-012,generated,unchecked_call,vulnerable,vulnerable,check-call-result,surface-0159
gen-unchecked_call-012,generated,unchecked_call,patched,patched,check-call-result,surface-0159
gen-unchecked_call-013,generated,unchecked_call,vulnerable,vulnerable,check-call-result,surface-0122
gen-unchecked_call-013,generated,unchecked_call,patched,patched,check-call-result,surface-0122
gen-unchecked_call-014,generated,unchecked_call,vulnerable,vulnerable,check-call-result,surface-0134
gen-unchecked_call-014,generated,unchecked_call,patched,patched,check-call-result,surface-0134
gen-unchecked_call-015,generated,unchecked_call,vulnerable,vulnerable,check-call-result,surface-0139
gen-unchecked_call-015,generated,unchecked_call,patched,patched,check-call-result,surface-0139
gen-unchecked_call-016,generated,unchecked_call,vulnerable,vulnerable,check-call-result,surface-0152
gen-unchecked_call-016,generated,unchecked_call,patched,patched,check-call-result,surface-0152
gen-unchecked_call-017,generated,unchecked_call,vulnerable,vulnerable,check-call-result,surface-0153
gen-unchecked_call-017,generated,unchecked_call,patched,patched,check-call-result,surface-0153
gen-unchecked_call-018,generated,unchecked_call,vulnerable,vulnerable,check-call-result,surface-0126
gen-unchecked_call-018,generated,unchecked_call,patched,patched,check-call-result,surface-0126
gen-unchecked_call-019,generated,unchecked_call,vulnerable,vulnerable,check-call-result,surface-0131
gen-unchecked_call-019,generated,unchecked_call,patched,patched,check-call-result,surface-0131
gen-unchecked_call-020,generated,unchecked_call,vulnerable,vulnerable,check-call-result,surface-0143
gen-unchecked_call-020,generated,unchecked_call,patched,patched,check-call-result,surface-0143
gen-unchecked_call-021,generated,unchecked_call,vulnerable,vulnerable,check-call-result,surface-0146
gen-unchecked_call-021,generated,unchecked_call,patched,patched,check-call-result,surface-0146
gen-unchecked_call-022,generated,unchecked_call,vulnerable,vulnerable,check-call-result,surface-0157
gen-unchecked_call-022,generated,unchecked_call,patched,patched,check-call-result,surface-0157
gen-unchecked_call-023,generated,unchecked_call,vulnerable,vulnerable,check-call-result,surface-0124
gen-unchecked_call-023,generated,unchecked_call,patched,patched,check-call-result,surface-0124
gen-unchecked_call-024,generated,unchecked_call,vulnerable,vulnerable,check-call-result,surface-0135
gen-unchecked_call-024,generated,unchecked_call,patched,patched,check-call-result,surface-0135
gen-unchecked_call-025,generated,unchecked_call,vulnerable,vulnerable,check-call-result,surface-0138
gen-unchecked_call-025,generated,unchecked_call,patched,patched,check-call-result,surface-0138
gen-unchecked_call-026,generated,unchecked_call,vulnerable,vulnerable,check-call-result,surface-0149
gen-unchecked_call-026,generated,unchecked_call,patched,patched,check-call-result,surface-0149
gen-unchecked_call-027,generated,unchecked_call,vulnerable,vulnerable,check-call-result,surface-0155
gen-unchecked_call-027,generated,unchecked_call,patched,patched,check-call-result,surface-0155
gen-unchecked_call-028,generated,unchecked_call,vulnerable,vulnerable,check-call-result,surface-0128
gen-unchecked_call-028,generated,unchecked_call,patched,patched,check-call-result,surface-0128
gen-unchecked_call-029,generated,unchecked_call,vulnerable,vulnerable,check-call-result,surface-0129
gen-unchecked_call-029,generated,unchecked_call,patched,patched,check-call-result,surface-0129
gen-unchecked_call-030,generated,unchecked_call,vulnerable,vulnerable,check-call-result,surface-0142
gen-unchecked_call-030,generated,unchecked_call,patched,patched,check-call-result,surface-0142
gen-unchecked_call-031,generated,unchecked_call,vulnerable,vulnerable,check-call-result,surface-0147
gen-unchecked_call-031,generated,unchecked_call,patched,patched,check-call-result,surface-0147
gen-unchecked_call-032,generated,unchecked_call,vulnerable,vulnerable,check-call-result,surface-0160
gen-unchecked_call-032,generated,unchecked_call,patched,patched,check-call-result,surface-0160
gen-unchecked_call-033,generated,unchecked_call,vulnerable,vulnerable,check-call-result,surface-0121
gen-unchecked_call-033,generated,unchecked_call,patched,patched,check-call-result,surface-0121
gen-unchecked_call-034,generated,unchecked_call,vulnerable,vulnerable,check-call-result,surface-0133
gen-unchecked_call-034,generated,unchecked_call,patched,patched,check-call-result,surface-0133
gen-unchecked_call-035,generated,unchecked_call,vulnerable,vulnerable,check-call-result,surface-0140
gen-unchecked_call-035,generated,unchecked_call,patched,patched,check-call-result,surface-0140
gen-unchecked_call-036,generated,unchecked_call,vulnerable,vulnerable,check-call-result,surface-0151
gen-unchecked_call-036,generated,unchecked_call,patched,patched,check-call-result,surface-0151
gen-unchecked_call-037,generated,unchecked_call,vulnerable,vulnerable,check-call-result,surface-0154
gen-unchecked_call-037,generated,unchecked_call,patched,patched,check-call-result,surface-0154
gen-unchecked_call-038,generated,unchecked_call,vulnerable,vulnerable,check-call-result,surface-0125
gen-unchecked_call-038,generated,unchecked_call,patched,patched,check-call-result,surface-0125
gen-unchecked_call-039,generated,unchecked_call,vulnerable,vulnerable,check-call-result,surface-0132
gen-unchecked_call-039,generated,unchecked_call,patched,patched,check-call-result,surface-0132
pub-unchecked_call-00,synthetic-reference-tagged,unchecked_call,vulnerable,vulnerable,check-call-result,surface-0250
pub-unchecked_call-00,synthetic-reference-tagged,unchecked_call,patched,patched,check-call-result,surface-0250
pub-unchecked_call-01,synthetic-reference-tagged,unchecked_call,vulnerable,vulnerable,check-call-result,surface-0251
pub-unchecked_call-01,synthetic-reference-tagged,unchecked_call,patched,patched,check-call-result,surface-0251
pub-unchecked_call-02,synthetic-reference-tagged,unchecked_call,vulnerable,vulnerable,check-call-result,surface-0252
pub-unchecked_call-02,synthetic-reference-tagged,unchecked_call,patched,patched,check-call-result,surface-0252
description-nist-sard-62684,public-description-abstraction,bounds_write,vulnerable,vulnerable,insert-root-guard,surface-0264
description-nist-sard-62684,public-description-abstraction,bounds_write,patched,patched,insert-root-guard,surface-0264
description-nist-sard-62695,public-description-abstraction,bounds_write,vulnerable,vulnerable,insert-root-guard,surface-0265
description-nist-sard-62695,public-description-abstraction,bounds_write,patched,patched,insert-root-guard,surface-0265
description-nist-sard-67603,public-description-abstraction,bounds_write,vulnerable,vulnerable,insert-root-guard,surface-0266
description-nist-sard-67603,public-description-abstraction,bounds_write,patched,patched,insert-root-guard,surface-0266
description-nist-sard-95487,public-description-abstraction,divide_zero,vulnerable,vulnerable,insert-root-guard,surface-0268
description-nist-sard-95487,public-description-abstraction,divide_zero,patched,patched,insert-root-guard,surface-0268
description-nist-sard-236684,public-description-abstraction,fixed_overflow,vulnerable,vulnerable,insert-root-guard,surface-0262
description-nist-sard-236684,public-description-abstraction,fixed_overflow,patched,patched,insert-root-guard,surface-0262
description-nist-sard-236942,public-description-abstraction,fixed_overflow,vulnerable,vulnerable,insert-root-guard,surface-0263
description-nist-sard-236942,public-description-abstraction,fixed_overflow,patched,patched,insert-root-guard,surface-0263
description-nist-sard-83596,public-description-abstraction,fixed_overflow,vulnerable,vulnerable,insert-root-guard,surface-0267
description-nist-sard-83596,public-description-abstraction,fixed_overflow,patched,patched,insert-root-guard,surface-0267
description-swc-105,public-description-abstraction,access_control,vulnerable,vulnerable,insert-root-guard,surface-0260
description-swc-105,public-description-abstraction,access_control,patched,patched,insert-root-guard,surface-0260
description-swc-107,public-description-abstraction,reentrancy,vulnerable,vulnerable,effects-before-interaction,surface-0261
description-swc-107,public-description-abstraction,reentrancy,patched,patched,effects-before-interaction,surface-0261
description-swc-104,public-description-abstraction,unchecked_call,vulnerable,vulnerable,check-call-result,surface-0259
description-swc-104,public-description-abstraction,unchecked_call,patched,patched,check-call-result,surface-0259
