family,seed,case,accepted,reason,expected_accept,matched_expectation
bounds_write,0,valid,True,accepted,True,True
bounds_write,0,context-divergence,False,context-leakage,False,True
bounds_write,0,unclosed-root,False,root-repair-mismatch,False,True
bounds_write,0,over-restrictive,False,root-repair-mismatch,False,True
bounds_write,1,valid,True,accepted,True,True
bounds_write,1,context-divergence,False,context-leakage,False,True
bounds_write,1,unclosed-root,False,root-repair-mismatch,False,True
bounds_write,1,over-restrictive,False,root-repair-mismatch,False,True
bounds_write,2,valid,True,accepted,True,True
bounds_write,2,context-divergence,False,context-leakage,False,True
bounds_write,2,unclosed-root,False,root-repair-mismatch,False,True
bounds_write,2,over-restrictive,False,root-repair-mismatch,False,True
bounds_write,3,valid,True,accepted,True,True
bounds_write,3,context-divergence,False,context-leakage,False,True
bounds_write,3,unclosed-root,False,root-repair-mismatch,False,True
bounds_write,3,over-restrictive,False,root-repair-mismatch,False,True
bounds_write,4,valid,True,accepted,True,True
bounds_write,4,context-divergence,False,context-leakage,False,True
bounds_write,4,unclosed-root,False,root-repair-mismatch,False,True
bounds_write,4,over-restrictive,False,root-repair-mismatch,False,True
bounds_write,5,valid,True,accepted,True,True
bounds_write,5,context-divergence,False,context-leakage,False,True
bounds_write,5,unclosed-root,False,root-repair-mismatch,False,True
bounds_write,5,over-restrictive,False,root-repair-mismatch,False,True
bounds_write,6,valid,True,accepted,True,True
bounds_write,6,context-divergence,False,context-leakage,False,True
bounds_write,6,unclosed-root,False,root-repair-mismatch,False,True
bounds_write,6,over-restrictive,False,root-repair-mismatch,False,True
bounds_write,7,valid,True,accepted,True,True
bounds_write,7,context-divergence,False,context-leakage,False,True
bounds_write,7,unclosed-root,False,root-repair-mismatch,False,True
bounds_write,7,over-restrictive,False,root-repair-mismatch,False,True
bounds_write,8,valid,True,accepted,True,True
bounds_write,8,context-divergence,False,context-leakage,False,True
bounds_write,8,unclosed-root,False,root-repair-mismatch,False,True
bounds_write,8,over-restrictive,False,root-repair-mismatch,False,True
bounds_write,9,valid,True,accepted,True,True
bounds_write,9,context-divergence,False,context-leakage,False,True
bounds_write,9,unclosed-root,False,root-repair-mismatch,False,True
bounds_write,9,over-restrictive,False,root-repair-mismatch,False,True
bounds_write,10,valid,True,accepted,True,True
bounds_write,10,context-divergence,False,context-leakage,False,True
bounds_write,10,unclosed-root,False,root-repair-mismatch,False,True
bounds_write,10,over-restrictive,False,root-repair-mismatch,False,True
bounds_write,11,valid,True,accepted,True,True
bounds_write,11,context-divergence,False,context-leakage,False,True
bounds_write,11,unclosed-root,False,root-repair-mismatch,False,True
bounds_write,11,over-restrictive,False,root-repair-mismatch,False,True
bounds_write,12,valid,True,accepted,True,True
bounds_write,12,context-divergence,False,context-leakage,False,True
bounds_write,12,unclosed-root,False,root-repair-mismatch,False,True
bounds_write,12,over-restrictive,False,root-repair-mismatch,False,True
bounds_write,13,valid,True,accepted,True,True
bounds_write,13,context-divergence,False,context-leakage,False,True
bounds_write,13,unclosed-root,False,root-repair-mismatch,False,True
bounds_write,13,over-restrictive,False,root-repair-mismatch,False,True
bounds_write,14,valid,True,accepted,True,True
bounds_write,14,context-divergence,False,context-leakage,False,True
bounds_write,14,unclosed-root,False,root-repair-mismatch,False,True
bounds_write,14,over-restrictive,False,root-repair-mismatch,False,True
bounds_write,15,valid,True,accepted,True,True
bounds_write,15,context-divergence,False,context-leakage,False,True
bounds_write,15,unclosed-root,False,root-repair-mismatch,False,True
bounds_write,15,over-restrictive,False,root-repair-mismatch,False,True
divide_zero,0,valid,True,accepted,True,True
divide_zero,0,context-divergence,False,context-leakage,False,True
divide_zero,0,unclosed-root,False,root-repair-mismatch,False,True
divide_zero,0,over-restrictive,False,root-repair-mismatch,False,True
divide_zero,1,valid,True,accepted,True,True
divide_zero,1,context-divergence,False,context-leakage,False,True
divide_zero,1,unclosed-root,False,root-repair-mismatch,False,True
divide_zero,1,over-restrictive,False,root-repair-mismatch,False,True
divide_zero,2,valid,True,accepted,True,True
divide_zero,2,context-divergence,False,context-leakage,False,True
divide_zero,2,unclosed-root,False,root-repair-mismatch,False,True
divide_zero,2,over-restrictive,False,root-repair-mismatch,False,True
divide_zero,3,valid,True,accepted,True,True
divide_zero,3,context-divergence,False,context-leakage,False,True
divide_zero,3,unclosed-root,False,root-repair-mismatch,False,True
divide_zero,3,over-restrictive,False,root-repair-mismatch,False,True
divide_zero,4,valid,True,accepted,True,True
divide_zero,4,context-divergence,False,context-leakage,False,True
divide_zero,4,unclosed-root,False,root-repair-mismatch,False,True
divide_zero,4,over-restrictive,False,root-repair-mismatch,False,True
divide_zero,5,valid,True,accepted,True,True
divide_zero,5,context-divergence,False,context-leakage,False,True
divide_zero,5,unclosed-root,False,root-repair-mismatch,False,True
divide_zero,5,over-restrictive,False,root-repair-mismatch,False,True
divide_zero,6,valid,True,accepted,True,True
divide_zero,6,context-divergence,False,context-leakage,False,True
divide_zero,6,unclosed-root,False,root-repair-mismatch,False,True
divide_zero,6,over-restrictive,False,root-repair-mismatch,False,True
divide_zero,7,valid,True,accepted,True,True
divide_zero,7,context-divergence,False,context-leakage,False,True
divide_zero,7,unclosed-root,False,root-repair-mismatch,False,True
divide_zero,7,over-restrictive,False,root-repair-mismatch,False,True
divide_zero,8,valid,True,accepted,True,True
divide_zero,8,context-divergence,False,context-leakage,False,True
divide_zero,8,unclosed-root,False,root-repair-mismatch,False,True
divide_zero,8,over-restrictive,False,root-repair-mismatch,False,True
divide_zero,9,valid,True,accepted,True,True
divide_zero,9,context-divergence,False,context-leakage,False,True
divide_zero,9,unclosed-root,False,root-repair-mismatch,False,True
divide_zero,9,over-restrictive,False,root-repair-mismatch,False,True
divide_zero,10,valid,True,accepted,True,True
divide_zero,10,context-divergence,False,context-leakage,False,True
divide_zero,10,unclosed-root,False,root-repair-mismatch,False,True
divide_zero,10,over-restrictive,False,root-repair-mismatch,False,True
divide_zero,11,valid,True,accepted,True,True
divide_zero,11,context-divergence,False,context-leakage,False,True
divide_zero,11,unclosed-root,False,root-repair-mismatch,False,True
divide_zero,11,over-restrictive,False,root-repair-mismatch,False,True
divide_zero,12,valid,True,accepted,True,True
divide_zero,12,context-divergence,False,context-leakage,False,True
divide_zero,12,unclosed-root,False,root-repair-mismatch,False,True
divide_zero,12,over-restrictive,False,root-repair-mismatch,False,True
divide_zero,13,valid,True,accepted,True,True
divide_zero,13,context-divergence,False,context-leakage,False,True
divide_zero,13,unclosed-root,False,root-repair-mismatch,False,True
divide_zero,13,over-restrictive,False,root-repair-mismatch,False,True
divide_zero,14,valid,True,accepted,True,True
divide_zero,14,context-divergence,False,context-leakage,False,True
divide_zero,14,unclosed-root,False,root-repair-mismatch,False,True
divide_zero,14,over-restrictive,False,root-repair-mismatch,False,True
divide_zero,15,valid,True,accepted,True,True
divide_zero,15,context-divergence,False,context-leakage,False,True
divide_zero,15,unclosed-root,False,root-repair-mismatch,False,True
divide_zero,15,over-restrictive,False,root-repair-mismatch,False,True
fixed_overflow,0,valid,True,accepted,True,True
fixed_overflow,0,context-divergence,False,context-leakage,False,True
fixed_overflow,0,unclosed-root,False,root-repair-mismatch,False,True
fixed_overflow,0,over-restrictive,False,root-repair-mismatch,False,True
fixed_overflow,1,valid,True,accepted,True,True
fixed_overflow,1,context-divergence,False,context-leakage,False,True
fixed_overflow,1,unclosed-root,False,root-repair-mismatch,False,True
fixed_overflow,1,over-restrictive,False,root-repair-mismatch,False,True
fixed_overflow,2,valid,True,accepted,True,True
fixed_overflow,2,context-divergence,False,context-leakage,False,True
fixed_overflow,2,unclosed-root,False,root-repair-mismatch,False,True
fixed_overflow,2,over-restrictive,False,root-repair-mismatch,False,True
fixed_overflow,3,valid,True,accepted,True,True
fixed_overflow,3,context-divergence,False,context-leakage,False,True
fixed_overflow,3,unclosed-root,False,root-repair-mismatch,False,True
fixed_overflow,3,over-restrictive,False,root-repair-mismatch,False,True
fixed_overflow,4,valid,True,accepted,True,True
fixed_overflow,4,context-divergence,False,context-leakage,False,True
fixed_overflow,4,unclosed-root,False,root-repair-mismatch,False,True
fixed_overflow,4,over-restrictive,False,root-repair-mismatch,False,True
fixed_overflow,5,valid,True,accepted,True,True
fixed_overflow,5,context-divergence,False,context-leakage,False,True
fixed_overflow,5,unclosed-root,False,root-repair-mismatch,False,True
fixed_overflow,5,over-restrictive,False,root-repair-mismatch,False,True
fixed_overflow,6,valid,True,accepted,True,True
fixed_overflow,6,context-divergence,False,context-leakage,False,True
fixed_overflow,6,unclosed-root,False,root-repair-mismatch,False,True
fixed_overflow,6,over-restrictive,False,root-repair-mismatch,False,True
fixed_overflow,7,valid,True,accepted,True,True
fixed_overflow,7,context-divergence,False,context-leakage,False,True
fixed_overflow,7,unclosed-root,False,root-repair-mismatch,False,True
fixed_overflow,7,over-restrictive,False,root-repair-mismatch,False,True
fixed_overflow,8,valid,True,accepted,True,True
fixed_overflow,8,context-divergence,False,context-leakage,False,True
fixed_overflow,8,unclosed-root,False,root-repair-mismatch,False,True
fixed_overflow,8,over-restrictive,False,root-repair-mismatch,False,True
fixed_overflow,9,valid,True,accepted,True,True
fixed_overflow,9,context-divergence,False,context-leakage,False,True
fixed_overflow,9,unclosed-root,False,root-repair-mismatch,False,True
fixed_overflow,9,over-restrictive,False,root-repair-mismatch,False,True
fixed_overflow,10,valid,True,accepted,True,True
fixed_overflow,10,context-divergence,False,context-leakage,False,True
fixed_overflow,10,unclosed-root,False,root-repair-mismatch,False,True
fixed_overflow,10,over-restrictive,False,root-repair-mismatch,False,True
fixed_overflow,11,valid,True,accepted,True,True
fixed_overflow,11,context-divergence,False,context-leakage,False,True
fixed_overflow,11,unclosed-root,False,root-repair-mismatch,False,True
fixed_overflow,11,over-restrictive,False,root-repair-mismatch,False,True
fixed_overflow,12,valid,True,accepted,True,True
fixed_overflow,12,context-divergence,False,context-leakage,False,True
fixed_overflow,12,unclosed-root,False,root-repair-mismatch,False,True
fixed_overflow,12,over-restrictive,False,root-repair-mismatch,False,True
fixed_overflow,13,valid,True,accepted,True,True
fixed_overflow,13,context-divergence,False,context-leakage,False,True
fixed_overflow,13,unclosed-root,False,root-repair-mismatch,False,True
fixed_overflow,13,over-restrictive,False,root-repair-mismatch,False,True
fixed_overflow,14,valid,True,accepted,True,True
fixed_overflow,14,context-divergence,False,context-leakage,False,True
fixed_overflow,14,unclosed-root,False,root-repair-mismatch,False,True
fixed_overflow,14,over-restrictive,False,root-repair-mismatch,False,True
fixed_overflow,15,valid,True,accepted,True,True
fixed_overflow,15,context-divergence,False,context-leakage,False,True
fixed_overflow,15,unclosed-root,False,root-repair-mismatch,False,True
fixed_overflow,15,over-restrictive,False,root-repair-mismatch,False,True
access_control,0,valid,True,accepted,True,True
access_control,0,context-divergence,False,context-leakage,False,True
access_control,0,unclosed-root,False,root-repair-mismatch,False,True
access_control,0,over-restrictive,False,root-repair-mismatch,False,True
access_control,1,valid,True,accepted,True,True
access_control,1,context-divergence,False,context-leakage,False,True
access_control,1,unclosed-root,False,root-repair-mismatch,False,True
access_control,1,over-restrictive,False,root-repair-mismatch,False,True
access_control,2,valid,True,accepted,True,True
access_control,2,context-divergence,False,context-leakage,False,True
access_control,2,unclosed-root,False,root-repair-mismatch,False,True
access_control,2,over-restrictive,False,root-repair-mismatch,False,True
access_control,3,valid,True,accepted,True,True
access_control,3,context-divergence,False,context-leakage,False,True
access_control,3,unclosed-root,False,root-repair-mismatch,False,True
access_control,3,over-restrictive,False,root-repair-mismatch,False,True
access_control,4,valid,True,accepted,True,True
access_control,4,context-divergence,False,context-leakage,False,True
access_control,4,unclosed-root,False,root-repair-mismatch,False,True
access_control,4,over-restrictive,False,root-repair-mismatch,False,True
access_control,5,valid,True,accepted,True,True
access_control,5,context-divergence,False,context-leakage,False,True
access_control,5,unclosed-root,False,root-repair-mismatch,False,True
access_control,5,over-restrictive,False,root-repair-mismatch,False,True
access_control,6,valid,True,accepted,True,True
access_control,6,context-divergence,False,context-leakage,False,True
access_control,6,unclosed-root,False,root-repair-mismatch,False,True
access_control,6,over-restrictive,False,root-repair-mismatch,False,True
access_control,7,valid,True,accepted,True,True
access_control,7,context-divergence,False,context-leakage,False,True
access_control,7,unclosed-root,False,root-repair-mismatch,False,True
access_control,7,over-restrictive,False,root-repair-mismatch,False,True
access_control,8,valid,True,accepted,True,True
access_control,8,context-divergence,False,context-leakage,False,True
access_control,8,unclosed-root,False,root-repair-mismatch,False,True
access_control,8,over-restrictive,False,root-repair-mismatch,False,True
access_control,9,valid,True,accepted,True,True
access_control,9,context-divergence,False,context-leakage,False,True
access_control,9,unclosed-root,False,root-repair-mismatch,False,True
access_control,9,over-restrictive,False,root-repair-mismatch,False,True
access_control,10,valid,True,accepted,True,True
access_control,10,context-divergence,False,context-leakage,False,True
access_control,10,unclosed-root,False,root-repair-mismatch,False,True
access_control,10,over-restrictive,False,root-repair-mismatch,False,True
access_control,11,valid,True,accepted,True,True
access_control,11,context-divergence,False,context-leakage,False,True
access_control,11,unclosed-root,False,root-repair-mismatch,False,True
access_control,11,over-restrictive,False,root-repair-mismatch,False,True
access_control,12,valid,True,accepted,True,True
access_control,12,context-divergence,False,context-leakage,False,True
access_control,12,unclosed-root,False,root-repair-mismatch,False,True
access_control,12,over-restrictive,False,root-repair-mismatch,False,True
access_control,13,valid,True,accepted,True,True
access_control,13,context-divergence,False,context-leakage,False,True
access_control,13,unclosed-root,False,root-repair-mismatch,False,True
access_control,13,over-restrictive,False,root-repair-mismatch,False,True
access_control,14,valid,True,accepted,True,True
access_control,14,context-divergence,False,context-leakage,False,True
access_control,14,unclosed-root,False,root-repair-mismatch,False,True
access_control,14,over-restrictive,False,root-repair-mismatch,False,True
access_control,15,valid,True,accepted,True,True
access_control,15,context-divergence,False,context-leakage,False,True
access_control,15,unclosed-root,False,root-repair-mismatch,False,True
access_control,15,over-restrictive,False,root-repair-mismatch,False,True
reentrancy,0,valid,True,accepted,True,True
reentrancy,0,context-divergence,False,context-leakage,False,True
reentrancy,0,unclosed-root,False,root-repair-mismatch,False,True
reentrancy,0,over-restrictive,False,root-repair-mismatch,False,True
reentrancy,1,valid,True,accepted,True,True
reentrancy,1,context-divergence,False,context-leakage,False,True
reentrancy,1,unclosed-root,False,root-repair-mismatch,False,True
reentrancy,1,over-restrictive,False,root-repair-mismatch,False,True
reentrancy,2,valid,True,accepted,True,True
reentrancy,2,context-divergence,False,context-leakage,False,True
reentrancy,2,unclosed-root,False,root-repair-mismatch,False,True
reentrancy,2,over-restrictive,False,root-repair-mismatch,False,True
reentrancy,3,valid,True,accepted,True,True
reentrancy,3,context-divergence,False,context-leakage,False,True
reentrancy,3,unclosed-root,False,root-repair-mismatch,False,True
reentrancy,3,over-restrictive,False,root-repair-mismatch,False,True
reentrancy,4,valid,True,accepted,True,True
reentrancy,4,context-divergence,False,context-leakage,False,True
reentrancy,4,unclosed-root,False,root-repair-mismatch,False,True
reentrancy,4,over-restrictive,False,root-repair-mismatch,False,True
reentrancy,5,valid,True,accepted,True,True
reentrancy,5,context-divergence,False,context-leakage,False,True
reentrancy,5,unclosed-root,False,root-repair-mismatch,False,True
reentrancy,5,over-restrictive,False,root-repair-mismatch,False,True
reentrancy,6,valid,True,accepted,True,True
reentrancy,6,context-divergence,False,context-leakage,False,True
reentrancy,6,unclosed-root,False,root-repair-mismatch,False,True
reentrancy,6,over-restrictive,False,root-repair-mismatch,False,True
reentrancy,7,valid,True,accepted,True,True
reentrancy,7,context-divergence,False,context-leakage,False,True
reentrancy,7,unclosed-root,False,root-repair-mismatch,False,True
reentrancy,7,over-restrictive,False,root-repair-mismatch,False,True
reentrancy,8,valid,True,accepted,True,True
reentrancy,8,context-divergence,False,context-leakage,False,True
reentrancy,8,unclosed-root,False,root-repair-mismatch,False,True
reentrancy,8,over-restrictive,False,root-repair-mismatch,False,True
reentrancy,9,valid,True,accepted,True,True
reentrancy,9,context-divergence,False,context-leakage,False,True
reentrancy,9,unclosed-root,False,root-repair-mismatch,False,True
reentrancy,9,over-restrictive,False,root-repair-mismatch,False,True
reentrancy,10,valid,True,accepted,True,True
reentrancy,10,context-divergence,False,context-leakage,False,True
reentrancy,10,unclosed-root,False,root-repair-mismatch,False,True
reentrancy,10,over-restrictive,False,root-repair-mismatch,False,True
reentrancy,11,valid,True,accepted,True,True
reentrancy,11,context-divergence,False,context-leakage,False,True
reentrancy,11,unclosed-root,False,root-repair-mismatch,False,True
reentrancy,11,over-restrictive,False,root-repair-mismatch,False,True
reentrancy,12,valid,True,accepted,True,True
reentrancy,12,context-divergence,False,context-leakage,False,True
reentrancy,12,unclosed-root,False,root-repair-mismatch,False,True
reentrancy,12,over-restrictive,False,root-repair-mismatch,False,True
reentrancy,13,valid,True,accepted,True,True
reentrancy,13,context-divergence,False,context-leakage,False,True
reentrancy,13,unclosed-root,False,root-repair-mismatch,False,True
reentrancy,13,over-restrictive,False,root-repair-mismatch,False,True
reentrancy,14,valid,True,accepted,True,True
reentrancy,14,context-divergence,False,context-leakage,False,True
reentrancy,14,unclosed-root,False,root-repair-mismatch,False,True
reentrancy,14,over-restrictive,False,root-repair-mismatch,False,True
reentrancy,15,valid,True,accepted,True,True
reentrancy,15,context-divergence,False,context-leakage,False,True
reentrancy,15,unclosed-root,False,root-repair-mismatch,False,True
reentrancy,15,over-restrictive,False,root-repair-mismatch,False,True
unchecked_call,0,valid,True,accepted,True,True
unchecked_call,0,context-divergence,False,context-leakage,False,True
unchecked_call,0,unclosed-root,False,root-repair-mismatch,False,True
unchecked_call,0,over-restrictive,False,root-repair-mismatch,False,True
unchecked_call,1,valid,True,accepted,True,True
unchecked_call,1,context-divergence,False,context-leakage,False,True
unchecked_call,1,unclosed-root,False,root-repair-mismatch,False,True
unchecked_call,1,over-restrictive,False,root-repair-mismatch,False,True
unchecked_call,2,valid,True,accepted,True,True
unchecked_call,2,context-divergence,False,context-leakage,False,True
unchecked_call,2,unclosed-root,False,root-repair-mismatch,False,True
unchecked_call,2,over-restrictive,False,root-repair-mismatch,False,True
unchecked_call,3,valid,True,accepted,True,True
unchecked_call,3,context-divergence,False,context-leakage,False,True
unchecked_call,3,unclosed-root,False,root-repair-mismatch,False,True
unchecked_call,3,over-restrictive,False,root-repair-mismatch,False,True
unchecked_call,4,valid,True,accepted,True,True
unchecked_call,4,context-divergence,False,context-leakage,False,True
unchecked_call,4,unclosed-root,False,root-repair-mismatch,False,True
unchecked_call,4,over-restrictive,False,root-repair-mismatch,False,True
unchecked_call,5,valid,True,accepted,True,True
unchecked_call,5,context-divergence,False,context-leakage,False,True
unchecked_call,5,unclosed-root,False,root-repair-mismatch,False,True
unchecked_call,5,over-restrictive,False,root-repair-mismatch,False,True
unchecked_call,6,valid,True,accepted,True,True
unchecked_call,6,context-divergence,False,context-leakage,False,True
unchecked_call,6,unclosed-root,False,root-repair-mismatch,False,True
unchecked_call,6,over-restrictive,False,root-repair-mismatch,False,True
unchecked_call,7,valid,True,accepted,True,True
unchecked_call,7,context-divergence,False,context-leakage,False,True
unchecked_call,7,unclosed-root,False,root-repair-mismatch,False,True
unchecked_call,7,over-restrictive,False,root-repair-mismatch,False,True
unchecked_call,8,valid,True,accepted,True,True
unchecked_call,8,context-divergence,False,context-leakage,False,True
unchecked_call,8,unclosed-root,False,root-repair-mismatch,False,True
unchecked_call,8,over-restrictive,False,root-repair-mismatch,False,True
unchecked_call,9,valid,True,accepted,True,True
unchecked_call,9,context-divergence,False,context-leakage,False,True
unchecked_call,9,unclosed-root,False,root-repair-mismatch,False,True
unchecked_call,9,over-restrictive,False,root-repair-mismatch,False,True
unchecked_call,10,valid,True,accepted,True,True
unchecked_call,10,context-divergence,False,context-leakage,False,True
unchecked_call,10,unclosed-root,False,root-repair-mismatch,False,True
unchecked_call,10,over-restrictive,False,root-repair-mismatch,False,True
unchecked_call,11,valid,True,accepted,True,True
unchecked_call,11,context-divergence,False,context-leakage,False,True
unchecked_call,11,unclosed-root,False,root-repair-mismatch,False,True
unchecked_call,11,over-restrictive,False,root-repair-mismatch,False,True
unchecked_call,12,valid,True,accepted,True,True
unchecked_call,12,context-divergence,False,context-leakage,False,True
unchecked_call,12,unclosed-root,False,root-repair-mismatch,False,True
unchecked_call,12,over-restrictive,False,root-repair-mismatch,False,True
unchecked_call,13,valid,True,accepted,True,True
unchecked_call,13,context-divergence,False,context-leakage,False,True
unchecked_call,13,unclosed-root,False,root-repair-mismatch,False,True
unchecked_call,13,over-restrictive,False,root-repair-mismatch,False,True
unchecked_call,14,valid,True,accepted,True,True
unchecked_call,14,context-divergence,False,context-leakage,False,True
unchecked_call,14,unclosed-root,False,root-repair-mismatch,False,True
unchecked_call,14,over-restrictive,False,root-repair-mismatch,False,True
unchecked_call,15,valid,True,accepted,True,True
unchecked_call,15,context-divergence,False,context-leakage,False,True
unchecked_call,15,unclosed-root,False,root-repair-mismatch,False,True
unchecked_call,15,over-restrictive,False,root-repair-mismatch,False,True
