family,nuisance_dimensions,core_valuations,context_valuations,core_executions,represented_endpoint_executions,verification_ms,certificate_bytes,direct_endpoint_executions,direct_oracle_ms,direct_oracle_pass,direct_oracle_status
bounds_write,0,8,1,16,16,3.472691,3822,16,1.041078,True,exhaustive
bounds_write,2,8,4,16,64,3.624568,3822,64,5.510742,True,exhaustive
bounds_write,4,8,16,16,256,4.674329,3822,256,23.738146,True,exhaustive
bounds_write,6,8,64,16,1024,4.493789,3822,1024,108.219357,True,exhaustive
bounds_write,8,8,256,16,4096,4.16399,3822,4096,466.656824,True,exhaustive
bounds_write,10,8,1024,16,16384,3.909031,3822,16384,1996.715583,True,exhaustive
bounds_write,20,8,1048576,16,16777216,4.858412,3822,0,,,not-run-symbolic-only
divide_zero,0,12,1,24,24,4.390987,6187,24,1.037702,True,exhaustive
divide_zero,2,12,4,24,96,4.439729,6187,96,5.808154,True,exhaustive
divide_zero,4,12,16,24,384,4.530705,6187,384,24.329936,True,exhaustive
divide_zero,6,12,64,24,1536,4.596492,6187,1536,121.930458,True,exhaustive
divide_zero,8,12,256,24,6144,4.74968,6187,6144,531.475913,True,exhaustive
divide_zero,10,12,1024,24,24576,4.829759,6187,24576,2458.610302,True,exhaustive
divide_zero,20,12,1048576,24,25165824,6.63955,6187,0,,,not-run-symbolic-only
fixed_overflow,0,9,1,18,18,3.43786,4334,18,0.808182,True,exhaustive
fixed_overflow,2,9,4,18,72,3.311733,4334,72,3.981449,True,exhaustive
fixed_overflow,4,9,16,18,288,3.644156,4334,288,20.218615,True,exhaustive
fixed_overflow,6,9,64,18,1152,3.698347,4334,1152,95.753706,True,exhaustive
fixed_overflow,8,9,256,18,4608,3.846197,4334,4608,441.999845,True,exhaustive
fixed_overflow,10,9,1024,18,18432,4.155557,4334,18432,2046.209122,True,exhaustive
fixed_overflow,20,9,1048576,18,18874368,4.875437,4334,0,,,not-run-symbolic-only
access_control,0,6,1,12,12,2.436672,3274,12,0.873499,True,exhaustive
access_control,2,6,4,12,48,2.629438,3274,48,3.634452,True,exhaustive
access_control,4,6,16,12,192,2.759331,3274,192,16.592304,True,exhaustive
access_control,6,6,64,12,768,3.364732,3274,768,76.459236,True,exhaustive
access_control,8,6,256,12,3072,3.067049,3274,3072,349.769301,True,exhaustive
access_control,10,6,1024,12,12288,3.015012,3274,12288,1563.380479,True,exhaustive
access_control,20,6,1048576,12,12582912,4.552447,3274,0,,,not-run-symbolic-only
reentrancy,0,4,1,8,8,2.538574,3021,8,0.61215,True,exhaustive
reentrancy,2,4,4,8,32,2.450332,3021,32,2.948853,True,exhaustive
reentrancy,4,4,16,8,128,2.513856,3021,128,16.995403,True,exhaustive
reentrancy,6,4,64,8,512,2.478875,3021,512,64.975315,True,exhaustive
reentrancy,8,4,256,8,2048,2.663359,3021,2048,317.739649,True,exhaustive
reentrancy,10,4,1024,8,8192,3.470359,3021,8192,1435.172675,True,exhaustive
reentrancy,20,4,1048576,8,8388608,4.117451,3021,0,,,not-run-symbolic-only
unchecked_call,0,4,1,8,8,1.588402,2450,8,0.466283,True,exhaustive
unchecked_call,2,4,4,8,32,1.954184,2450,32,2.423062,True,exhaustive
unchecked_call,4,4,16,8,128,2.016888,2450,128,11.457211,True,exhaustive
unchecked_call,6,4,64,8,512,2.210606,2450,512,59.854493,True,exhaustive
unchecked_call,8,4,256,8,2048,2.556531,2450,2048,288.618437,True,exhaustive
unchecked_call,10,4,1024,8,8192,7.28554,2450,8192,1274.135896,True,exhaustive
unchecked_call,20,4,1048576,8,8388608,3.305093,2450,0,,,not-run-symbolic-only
