pair_id,source_file,family,existing_pair_accepted,framed_relation_accepted,framed_reason,nuisance_dimensions
gen-bounds_write-000,corpus.json,bounds_write,True,True,accepted,0
gen-bounds_write-001,corpus.json,bounds_write,True,True,accepted,0
gen-bounds_write-002,corpus.json,bounds_write,True,True,accepted,0
gen-bounds_write-003,corpus.json,bounds_write,True,True,accepted,0
gen-bounds_write-004,corpus.json,bounds_write,True,True,accepted,0
gen-bounds_write-005,corpus.json,bounds_write,True,True,accepted,0
gen-bounds_write-006,corpus.json,bounds_write,True,True,accepted,0
gen-bounds_write-007,corpus.json,bounds_write,True,True,accepted,0
gen-bounds_write-008,corpus.json,bounds_write,True,True,accepted,0
gen-bounds_write-009,corpus.json,bounds_write,True,True,accepted,0
gen-bounds_write-010,corpus.json,bounds_write,True,True,accepted,0
gen-bounds_write-011,corpus.json,bounds_write,True,True,accepted,0
gen-bounds_write-012,corpus.json,bounds_write,True,True,accepted,0
gen-bounds_write-013,corpus.json,bounds_write,True,True,accepted,0
gen-bounds_write-014,corpus.json,bounds_write,True,True,accepted,0
gen-bounds_write-015,corpus.json,bounds_write,True,True,accepted,0
gen-bounds_write-016,corpus.json,bounds_write,True,True,accepted,0
gen-bounds_write-017,corpus.json,bounds_write,True,True,accepted,0
gen-bounds_write-018,corpus.json,bounds_write,True,True,accepted,0
gen-bounds_write-019,corpus.json,bounds_write,True,True,accepted,0
gen-bounds_write-020,corpus.json,bounds_write,True,True,accepted,0
gen-bounds_write-021,corpus.json,bounds_write,True,True,accepted,0
gen-bounds_write-022,corpus.json,bounds_write,True,True,accepted,0
gen-bounds_write-023,corpus.json,bounds_write,True,True,accepted,0
gen-bounds_write-024,corpus.json,bounds_write,True,True,accepted,0
gen-bounds_write-025,corpus.json,bounds_write,True,True,accepted,0
gen-bounds_write-026,corpus.json,bounds_write,True,True,accepted,0
gen-bounds_write-027,corpus.json,bounds_write,True,True,accepted,0
gen-bounds_write-028,corpus.json,bounds_write,True,True,accepted,0
gen-bounds_write-029,corpus.json,bounds_write,True,True,accepted,0
gen-bounds_write-030,corpus.json,bounds_write,True,True,accepted,0
gen-bounds_write-031,corpus.json,bounds_write,True,True,accepted,0
gen-bounds_write-032,corpus.json,bounds_write,True,True,accepted,0
gen-bounds_write-033,corpus.json,bounds_write,True,True,accepted,0
gen-bounds_write-034,corpus.json,bounds_write,True,True,accepted,0
gen-bounds_write-035,corpus.json,bounds_write,True,True,accepted,0
gen-bounds_write-036,corpus.json,bounds_write,True,True,accepted,0
gen-bounds_write-037,corpus.json,bounds_write,True,True,accepted,0
gen-bounds_write-038,corpus.json,bounds_write,True,True,accepted,0
gen-bounds_write-039,corpus.json,bounds_write,True,True,accepted,0
pub-bounds_write-00,corpus.json,bounds_write,True,True,accepted,0
pub-bounds_write-01,corpus.json,bounds_write,True,True,accepted,0
pub-bounds_write-02,corpus.json,bounds_write,True,True,accepted,0
gen-divide_zero-000,corpus.json,divide_zero,True,True,accepted,0
gen-divide_zero-001,corpus.json,divide_zero,True,True,accepted,0
gen-divide_zero-002,corpus.json,divide_zero,True,True,accepted,0
gen-divide_zero-003,corpus.json,divide_zero,True,True,accepted,0
gen-divide_zero-004,corpus.json,divide_zero,True,True,accepted,0
gen-divide_zero-005,corpus.json,divide_zero,True,True,accepted,0
gen-divide_zero-006,corpus.json,divide_zero,True,True,accepted,0
gen-divide_zero-007,corpus.json,divide_zero,True,True,accepted,0
gen-divide_zero-008,corpus.json,divide_zero,True,True,accepted,0
gen-divide_zero-009,corpus.json,divide_zero,True,True,accepted,0
gen-divide_zero-010,corpus.json,divide_zero,True,True,accepted,0
gen-divide_zero-011,corpus.json,divide_zero,True,True,accepted,0
gen-divide_zero-012,corpus.json,divide_zero,True,True,accepted,0
gen-divide_zero-013,corpus.json,divide_zero,True,True,accepted,0
gen-divide_zero-014,corpus.json,divide_zero,True,True,accepted,0
gen-divide_zero-015,corpus.json,divide_zero,True,True,accepted,0
gen-divide_zero-016,corpus.json,divide_zero,True,True,accepted,0
gen-divide_zero-017,corpus.json,divide_zero,True,True,accepted,0
gen-divide_zero-018,corpus.json,divide_zero,True,True,accepted,0
gen-divide_zero-019,corpus.json,divide_zero,True,True,accepted,0
gen-divide_zero-020,corpus.json,divide_zero,True,True,accepted,0
gen-divide_zero-021,corpus.json,divide_zero,True,True,accepted,0
gen-divide_zero-022,corpus.json,divide_zero,True,True,accepted,0
gen-divide_zero-023,corpus.json,divide_zero,True,True,accepted,0
gen-divide_zero-024,corpus.json,divide_zero,True,True,accepted,0
gen-divide_zero-025,corpus.json,divide_zero,True,True,accepted,0
gen-divide_zero-026,corpus.json,divide_zero,True,True,accepted,0
gen-divide_zero-027,corpus.json,divide_zero,True,True,accepted,0
gen-divide_zero-028,corpus.json,divide_zero,True,True,accepted,0
gen-divide_zero-029,corpus.json,divide_zero,True,True,accepted,0
gen-divide_zero-030,corpus.json,divide_zero,True,True,accepted,0
gen-divide_zero-031,corpus.json,divide_zero,True,True,accepted,0
gen-divide_zero-032,corpus.json,divide_zero,True,True,accepted,0
gen-divide_zero-033,corpus.json,divide_zero,True,True,accepted,0
gen-divide_zero-034,corpus.json,divide_zero,True,True,accepted,0
gen-divide_zero-035,corpus.json,divide_zero,True,True,accepted,0
gen-divide_zero-036,corpus.json,divide_zero,True,True,accepted,0
gen-divide_zero-037,corpus.json,divide_zero,True,True,accepted,0
gen-divide_zero-038,corpus.json,divide_zero,True,True,accepted,0
gen-divide_zero-039,corpus.json,divide_zero,True,True,accepted,0
pub-divide_zero-00,corpus.json,divide_zero,True,True,accepted,0
pub-divide_zero-01,corpus.json,divide_zero,True,True,accepted,0
pub-divide_zero-02,corpus.json,divide_zero,True,True,accepted,0
gen-fixed_overflow-000,corpus.json,fixed_overflow,True,True,accepted,0
gen-fixed_overflow-001,corpus.json,fixed_overflow,True,True,accepted,0
gen-fixed_overflow-002,corpus.json,fixed_overflow,True,True,accepted,0
gen-fixed_overflow-003,corpus.json,fixed_overflow,True,True,accepted,0
gen-fixed_overflow-004,corpus.json,fixed_overflow,True,True,accepted,0
gen-fixed_overflow-005,corpus.json,fixed_overflow,True,True,accepted,0
gen-fixed_overflow-006,corpus.json,fixed_overflow,True,True,accepted,0
gen-fixed_overflow-007,corpus.json,fixed_overflow,True,True,accepted,0
gen-fixed_overflow-008,corpus.json,fixed_overflow,True,True,accepted,0
gen-fixed_overflow-009,corpus.json,fixed_overflow,True,True,accepted,0
gen-fixed_overflow-010,corpus.json,fixed_overflow,True,True,accepted,0
gen-fixed_overflow-011,corpus.json,fixed_overflow,True,True,accepted,0
gen-fixed_overflow-012,corpus.json,fixed_overflow,True,True,accepted,0
gen-fixed_overflow-013,corpus.json,fixed_overflow,True,True,accepted,0
gen-fixed_overflow-014,corpus.json,fixed_overflow,True,True,accepted,0
gen-fixed_overflow-015,corpus.json,fixed_overflow,True,True,accepted,0
gen-fixed_overflow-016,corpus.json,fixed_overflow,True,True,accepted,0
gen-fixed_overflow-017,corpus.json,fixed_overflow,True,True,accepted,0
gen-fixed_overflow-018,corpus.json,fixed_overflow,True,True,accepted,0
gen-fixed_overflow-019,corpus.json,fixed_overflow,True,True,accepted,0
gen-fixed_overflow-020,corpus.json,fixed_overflow,True,True,accepted,0
gen-fixed_overflow-021,corpus.json,fixed_overflow,True,True,accepted,0
gen-fixed_overflow-022,corpus.json,fixed_overflow,True,True,accepted,0
gen-fixed_overflow-023,corpus.json,fixed_overflow,True,True,accepted,0
gen-fixed_overflow-024,corpus.json,fixed_overflow,True,True,accepted,0
gen-fixed_overflow-025,corpus.json,fixed_overflow,True,True,accepted,0
gen-fixed_overflow-026,corpus.json,fixed_overflow,True,True,accepted,0
gen-fixed_overflow-027,corpus.json,fixed_overflow,True,True,accepted,0
gen-fixed_overflow-028,corpus.json,fixed_overflow,True,True,accepted,0
gen-fixed_overflow-029,corpus.json,fixed_overflow,True,True,accepted,0
gen-fixed_overflow-030,corpus.json,fixed_overflow,True,True,accepted,0
gen-fixed_overflow-031,corpus.json,fixed_overflow,True,True,accepted,0
gen-fixed_overflow-032,corpus.json,fixed_overflow,True,True,accepted,0
gen-fixed_overflow-033,corpus.json,fixed_overflow,True,True,accepted,0
gen-fixed_overflow-034,corpus.json,fixed_overflow,True,True,accepted,0
gen-fixed_overflow-035,corpus.json,fixed_overflow,True,True,accepted,0
gen-fixed_overflow-036,corpus.json,fixed_overflow,True,True,accepted,0
gen-fixed_overflow-037,corpus.json,fixed_overflow,True,True,accepted,0
gen-fixed_overflow-038,corpus.json,fixed_overflow,True,True,accepted,0
gen-fixed_overflow-039,corpus.json,fixed_overflow,True,True,accepted,0
pub-fixed_overflow-00,corpus.json,fixed_overflow,True,True,accepted,0
pub-fixed_overflow-01,corpus.json,fixed_overflow,True,True,accepted,0
pub-fixed_overflow-02,corpus.json,fixed_overflow,True,True,accepted,0
gen-access_control-000,corpus.json,access_control,True,True,accepted,0
gen-access_control-001,corpus.json,access_control,True,True,accepted,0
gen-access_control-002,corpus.json,access_control,True,True,accepted,0
gen-access_control-003,corpus.json,access_control,True,True,accepted,0
gen-access_control-004,corpus.json,access_control,True,True,accepted,0
gen-access_control-005,corpus.json,access_control,True,True,accepted,0
gen-access_control-006,corpus.json,access_control,True,True,accepted,0
gen-access_control-007,corpus.json,access_control,True,True,accepted,0
gen-access_control-008,corpus.json,access_control,True,True,accepted,0
gen-access_control-009,corpus.json,access_control,True,True,accepted,0
gen-access_control-010,corpus.json,access_control,True,True,accepted,0
gen-access_control-011,corpus.json,access_control,True,True,accepted,0
gen-access_control-012,corpus.json,access_control,True,True,accepted,0
gen-access_control-013,corpus.json,access_control,True,True,accepted,0
gen-access_control-014,corpus.json,access_control,True,True,accepted,0
gen-access_control-015,corpus.json,access_control,True,True,accepted,0
gen-access_control-016,corpus.json,access_control,True,True,accepted,0
gen-access_control-017,corpus.json,access_control,True,True,accepted,0
gen-access_control-018,corpus.json,access_control,True,True,accepted,0
gen-access_control-019,corpus.json,access_control,True,True,accepted,0
gen-access_control-020,corpus.json,access_control,True,True,accepted,0
gen-access_control-021,corpus.json,access_control,True,True,accepted,0
gen-access_control-022,corpus.json,access_control,True,True,accepted,0
gen-access_control-023,corpus.json,access_control,True,True,accepted,0
gen-access_control-024,corpus.json,access_control,True,True,accepted,0
gen-access_control-025,corpus.json,access_control,True,True,accepted,0
gen-access_control-026,corpus.json,access_control,True,True,accepted,0
gen-access_control-027,corpus.json,access_control,True,True,accepted,0
gen-access_control-028,corpus.json,access_control,True,True,accepted,0
gen-access_control-029,corpus.json,access_control,True,True,accepted,0
gen-access_control-030,corpus.json,access_control,True,True,accepted,0
gen-access_control-031,corpus.json,access_control,True,True,accepted,0
gen-access_control-032,corpus.json,access_control,True,True,accepted,0
gen-access_control-033,corpus.json,access_control,True,True,accepted,0
gen-access_control-034,corpus.json,access_control,True,True,accepted,0
gen-access_control-035,corpus.json,access_control,True,True,accepted,0
gen-access_control-036,corpus.json,access_control,True,True,accepted,0
gen-access_control-037,corpus.json,access_control,True,True,accepted,0
gen-access_control-038,corpus.json,access_control,True,True,accepted,0
gen-access_control-039,corpus.json,access_control,True,True,accepted,0
pub-access_control-00,corpus.json,access_control,True,True,accepted,0
pub-access_control-01,corpus.json,access_control,True,True,accepted,0
pub-access_control-02,corpus.json,access_control,True,True,accepted,0
gen-reentrancy-000,corpus.json,reentrancy,True,True,accepted,0
gen-reentrancy-001,corpus.json,reentrancy,True,True,accepted,0
gen-reentrancy-002,corpus.json,reentrancy,True,True,accepted,0
gen-reentrancy-003,corpus.json,reentrancy,True,True,accepted,0
gen-reentrancy-004,corpus.json,reentrancy,True,True,accepted,0
gen-reentrancy-005,corpus.json,reentrancy,True,True,accepted,0
gen-reentrancy-006,corpus.json,reentrancy,True,True,accepted,0
gen-reentrancy-007,corpus.json,reentrancy,True,True,accepted,0
gen-reentrancy-008,corpus.json,reentrancy,True,True,accepted,0
gen-reentrancy-009,corpus.json,reentrancy,True,True,accepted,0
gen-reentrancy-010,corpus.json,reentrancy,True,True,accepted,0
gen-reentrancy-011,corpus.json,reentrancy,True,True,accepted,0
gen-reentrancy-012,corpus.json,reentrancy,True,True,accepted,0
gen-reentrancy-013,corpus.json,reentrancy,True,True,accepted,0
gen-reentrancy-014,corpus.json,reentrancy,True,True,accepted,0
gen-reentrancy-015,corpus.json,reentrancy,True,True,accepted,0
gen-reentrancy-016,corpus.json,reentrancy,True,True,accepted,0
gen-reentrancy-017,corpus.json,reentrancy,True,True,accepted,0
gen-reentrancy-018,corpus.json,reentrancy,True,True,accepted,0
gen-reentrancy-019,corpus.json,reentrancy,True,True,accepted,0
gen-reentrancy-020,corpus.json,reentrancy,True,True,accepted,0
gen-reentrancy-021,corpus.json,reentrancy,True,True,accepted,0
gen-reentrancy-022,corpus.json,reentrancy,True,True,accepted,0
gen-reentrancy-023,corpus.json,reentrancy,True,True,accepted,0
gen-reentrancy-024,corpus.json,reentrancy,True,True,accepted,0
gen-reentrancy-025,corpus.json,reentrancy,True,True,accepted,0
gen-reentrancy-026,corpus.json,reentrancy,True,True,accepted,0
gen-reentrancy-027,corpus.json,reentrancy,True,True,accepted,0
gen-reentrancy-028,corpus.json,reentrancy,True,True,accepted,0
gen-reentrancy-029,corpus.json,reentrancy,True,True,accepted,0
gen-reentrancy-030,corpus.json,reentrancy,True,True,accepted,0
gen-reentrancy-031,corpus.json,reentrancy,True,True,accepted,0
gen-reentrancy-032,corpus.json,reentrancy,True,True,accepted,0
gen-reentrancy-033,corpus.json,reentrancy,True,True,accepted,0
gen-reentrancy-034,corpus.json,reentrancy,True,True,accepted,0
gen-reentrancy-035,corpus.json,reentrancy,True,True,accepted,0
gen-reentrancy-036,corpus.json,reentrancy,True,True,accepted,0
gen-reentrancy-037,corpus.json,reentrancy,True,True,accepted,0
gen-reentrancy-038,corpus.json,reentrancy,True,True,accepted,0
gen-reentrancy-039,corpus.json,reentrancy,True,True,accepted,0
pub-reentrancy-00,corpus.json,reentrancy,True,True,accepted,0
pub-reentrancy-01,corpus.json,reentrancy,True,True,accepted,0
pub-reentrancy-02,corpus.json,reentrancy,True,True,accepted,0
gen-unchecked_call-000,corpus.json,unchecked_call,True,True,accepted,0
gen-unchecked_call-001,corpus.json,unchecked_call,True,True,accepted,0
gen-unchecked_call-002,corpus.json,unchecked_call,True,True,accepted,0
gen-unchecked_call-003,corpus.json,unchecked_call,True,True,accepted,0
gen-unchecked_call-004,corpus.json,unchecked_call,True,True,accepted,0
gen-unchecked_call-005,corpus.json,unchecked_call,True,True,accepted,0
gen-unchecked_call-006,corpus.json,unchecked_call,True,True,accepted,0
gen-unchecked_call-007,corpus.json,unchecked_call,True,True,accepted,0
gen-unchecked_call-008,corpus.json,unchecked_call,True,True,accepted,0
gen-unchecked_call-009,corpus.json,unchecked_call,True,True,accepted,0
gen-unchecked_call-010,corpus.json,unchecked_call,True,True,accepted,0
gen-unchecked_call-011,corpus.json,unchecked_call,True,True,accepted,0
gen-unchecked_call-012,corpus.json,unchecked_call,True,True,accepted,0
gen-unchecked_call-013,corpus.json,unchecked_call,True,True,accepted,0
gen-unchecked_call-014,corpus.json,unchecked_call,True,True,accepted,0
gen-unchecked_call-015,corpus.json,unchecked_call,True,True,accepted,0
gen-unchecked_call-016,corpus.json,unchecked_call,True,True,accepted,0
gen-unchecked_call-017,corpus.json,unchecked_call,True,True,accepted,0
gen-unchecked_call-018,corpus.json,unchecked_call,True,True,accepted,0
gen-unchecked_call-019,corpus.json,unchecked_call,True,True,accepted,0
gen-unchecked_call-020,corpus.json,unchecked_call,True,True,accepted,0
gen-unchecked_call-021,corpus.json,unchecked_call,True,True,accepted,0
gen-unchecked_call-022,corpus.json,unchecked_call,True,True,accepted,0
gen-unchecked_call-023,corpus.json,unchecked_call,True,True,accepted,0
gen-unchecked_call-024,corpus.json,unchecked_call,True,True,accepted,0
gen-unchecked_call-025,corpus.json,unchecked_call,True,True,accepted,0
gen-unchecked_call-026,corpus.json,unchecked_call,True,True,accepted,0
gen-unchecked_call-027,corpus.json,unchecked_call,True,True,accepted,0
gen-unchecked_call-028,corpus.json,unchecked_call,True,True,accepted,0
gen-unchecked_call-029,corpus.json,unchecked_call,True,True,accepted,0
gen-unchecked_call-030,corpus.json,unchecked_call,True,True,accepted,0
gen-unchecked_call-031,corpus.json,unchecked_call,True,True,accepted,0
gen-unchecked_call-032,corpus.json,unchecked_call,True,True,accepted,0
gen-unchecked_call-033,corpus.json,unchecked_call,True,True,accepted,0
gen-unchecked_call-034,corpus.json,unchecked_call,True,True,accepted,0
gen-unchecked_call-035,corpus.json,unchecked_call,True,True,accepted,0
gen-unchecked_call-036,corpus.json,unchecked_call,True,True,accepted,0
gen-unchecked_call-037,corpus.json,unchecked_call,True,True,accepted,0
gen-unchecked_call-038,corpus.json,unchecked_call,True,True,accepted,0
gen-unchecked_call-039,corpus.json,unchecked_call,True,True,accepted,0
pub-unchecked_call-00,corpus.json,unchecked_call,True,True,accepted,0
pub-unchecked_call-01,corpus.json,unchecked_call,True,True,accepted,0
pub-unchecked_call-02,corpus.json,unchecked_call,True,True,accepted,0
description-nist-sard-62684,description_corpus.json,bounds_write,True,True,accepted,0
description-nist-sard-62695,description_corpus.json,bounds_write,True,True,accepted,0
description-nist-sard-67603,description_corpus.json,bounds_write,True,True,accepted,0
description-nist-sard-95487,description_corpus.json,divide_zero,True,True,accepted,0
description-nist-sard-236684,description_corpus.json,fixed_overflow,True,True,accepted,0
description-nist-sard-236942,description_corpus.json,fixed_overflow,True,True,accepted,0
description-nist-sard-83596,description_corpus.json,fixed_overflow,True,True,accepted,0
description-swc-105,description_corpus.json,access_control,True,True,accepted,0
description-swc-107,description_corpus.json,reentrancy,True,True,accepted,0
description-swc-104,description_corpus.json,unchecked_call,True,True,accepted,0
observation-001,observation_corpus.json,bounds_write,True,False,transport-noncontiguous-root,0
observation-002,observation_corpus.json,bounds_write,False,False,transport-noncontiguous-root,0
observation-003,observation_corpus.json,bounds_write,False,False,transport-noncontiguous-root,0
observation-004,observation_corpus.json,bounds_write,False,False,transport-noncontiguous-root,0
observation-005,observation_corpus.json,bounds_write,False,False,transport-noncontiguous-root,0
observation-006,observation_corpus.json,bounds_write,False,False,transport-noncontiguous-root,0
observation-007,observation_corpus.json,bounds_write,False,False,transport-noncontiguous-root,0
observation-008,observation_corpus.json,bounds_write,False,False,transport-noncontiguous-root,0
observation-009,observation_corpus.json,bounds_write,False,False,transport-noncontiguous-root,0
observation-010,observation_corpus.json,bounds_write,False,False,transport-noncontiguous-root,0
observation-011,observation_corpus.json,bounds_write,False,False,transport-noncontiguous-root,0
observation-012,observation_corpus.json,bounds_write,False,False,transport-noncontiguous-root,0
observation-013,observation_corpus.json,bounds_write,False,False,transport-noncontiguous-root,0
observation-014,observation_corpus.json,bounds_write,False,False,transport-noncontiguous-root,0
observation-015,observation_corpus.json,bounds_write,False,False,transport-noncontiguous-root,0
observation-016,observation_corpus.json,bounds_write,False,False,transport-noncontiguous-root,0
observation-017,observation_corpus.json,bounds_write,False,False,transport-noncontiguous-root,0
observation-018,observation_corpus.json,bounds_write,False,False,transport-noncontiguous-root,0
observation-019,observation_corpus.json,bounds_write,False,False,transport-noncontiguous-root,0
observation-020,observation_corpus.json,bounds_write,False,False,transport-noncontiguous-root,0
observation-021,observation_corpus.json,bounds_write,False,False,transport-noncontiguous-root,0
observation-022,observation_corpus.json,bounds_write,False,False,transport-noncontiguous-root,0
observation-023,observation_corpus.json,bounds_write,False,False,transport-noncontiguous-root,0
observation-024,observation_corpus.json,bounds_write,False,False,transport-noncontiguous-root,0
observation-025,observation_corpus.json,bounds_write,False,False,transport-root-operation,0
observation-026,observation_corpus.json,bounds_write,True,False,transport-root-operation,0
observation-027,observation_corpus.json,bounds_write,False,False,transport-root-operation,0
observation-028,observation_corpus.json,bounds_write,False,False,transport-root-operation,0
observation-029,observation_corpus.json,bounds_write,False,False,transport-root-operation,0
observation-030,observation_corpus.json,bounds_write,False,False,transport-root-operation,0
observation-031,observation_corpus.json,bounds_write,False,False,transport-root-operation,0
observation-032,observation_corpus.json,bounds_write,False,False,transport-root-operation,0
observation-033,observation_corpus.json,bounds_write,False,False,transport-root-operation,0
observation-034,observation_corpus.json,bounds_write,False,False,transport-root-operation,0
observation-035,observation_corpus.json,bounds_write,False,False,transport-root-operation,0
observation-036,observation_corpus.json,bounds_write,False,False,transport-root-operation,0
observation-037,observation_corpus.json,bounds_write,False,False,transport-root-operation,0
observation-038,observation_corpus.json,bounds_write,False,False,transport-root-operation,0
observation-039,observation_corpus.json,bounds_write,False,False,transport-root-operation,0
observation-040,observation_corpus.json,bounds_write,False,False,transport-root-operation,0
observation-041,observation_corpus.json,bounds_write,False,False,transport-root-operation,0
observation-042,observation_corpus.json,bounds_write,False,False,transport-root-operation,0
observation-043,observation_corpus.json,bounds_write,False,False,transport-root-operation,0
observation-044,observation_corpus.json,bounds_write,False,False,transport-root-operation,0
observation-045,observation_corpus.json,bounds_write,False,False,transport-root-operation,0
observation-046,observation_corpus.json,bounds_write,False,False,transport-root-operation,0
observation-047,observation_corpus.json,bounds_write,False,False,transport-root-operation,0
observation-048,observation_corpus.json,bounds_write,False,False,transport-root-operation,0
observation-049,observation_corpus.json,bounds_write,False,False,transport-root-operation,0
observation-050,observation_corpus.json,bounds_write,False,False,transport-root-operation,0
observation-051,observation_corpus.json,bounds_write,False,False,transport-root-operation,0
observation-052,observation_corpus.json,bounds_write,False,False,transport-root-operation,0
observation-053,observation_corpus.json,bounds_write,False,False,transport-root-operation,0
observation-054,observation_corpus.json,bounds_write,False,False,transport-root-operation,0
observation-055,observation_corpus.json,bounds_write,False,False,transport-root-operation,0
observation-056,observation_corpus.json,bounds_write,False,False,transport-root-operation,0
observation-057,observation_corpus.json,bounds_write,False,False,transport-root-operation,0
observation-058,observation_corpus.json,bounds_write,False,False,transport-root-operation,0
observation-059,observation_corpus.json,bounds_write,False,False,transport-root-operation,0
observation-060,observation_corpus.json,bounds_write,False,False,transport-root-operation,0
observation-061,observation_corpus.json,bounds_write,True,False,transport-root-operation,0
observation-062,observation_corpus.json,bounds_write,False,False,transport-root-operation,0
observation-063,observation_corpus.json,bounds_write,False,False,transport-root-operation,0
observation-064,observation_corpus.json,bounds_write,False,False,transport-root-operation,0
observation-065,observation_corpus.json,bounds_write,False,False,transport-root-operation,0
observation-066,observation_corpus.json,bounds_write,False,False,transport-root-operation,0
observation-067,observation_corpus.json,bounds_write,False,False,transport-root-operation,0
observation-068,observation_corpus.json,bounds_write,False,False,transport-root-operation,0
observation-069,observation_corpus.json,bounds_write,False,False,transport-root-operation,0
observation-070,observation_corpus.json,bounds_write,False,False,transport-root-operation,0
observation-071,observation_corpus.json,bounds_write,False,False,transport-root-operation,0
observation-072,observation_corpus.json,bounds_write,False,False,transport-root-operation,0
observation-073,observation_corpus.json,bounds_write,False,False,transport-root-operation,0
observation-074,observation_corpus.json,bounds_write,False,False,transport-root-operation,0
observation-075,observation_corpus.json,bounds_write,False,False,transport-root-operation,0
observation-076,observation_corpus.json,bounds_write,False,False,transport-root-operation,0
observation-077,observation_corpus.json,bounds_write,False,False,transport-root-operation,0
observation-078,observation_corpus.json,bounds_write,False,False,transport-root-operation,0
observation-079,observation_corpus.json,bounds_write,False,False,transport-root-operation,0
observation-080,observation_corpus.json,bounds_write,False,False,transport-root-operation,0
observation-081,observation_corpus.json,bounds_write,False,False,transport-root-operation,0
observation-082,observation_corpus.json,bounds_write,False,False,transport-root-operation,0
observation-083,observation_corpus.json,bounds_write,False,False,transport-root-operation,0
observation-084,observation_corpus.json,bounds_write,False,False,transport-root-operation,0
observation-085,observation_corpus.json,bounds_write,False,False,transport-root-operation,0
observation-086,observation_corpus.json,bounds_write,False,False,transport-root-operation,0
observation-087,observation_corpus.json,bounds_write,False,False,transport-root-operation,0
observation-088,observation_corpus.json,bounds_write,False,False,transport-root-operation,0
observation-089,observation_corpus.json,bounds_write,True,False,transport-root-operation,0
observation-090,observation_corpus.json,bounds_write,False,False,transport-root-operation,0
observation-091,observation_corpus.json,bounds_write,False,False,transport-root-operation,0
observation-092,observation_corpus.json,bounds_write,False,False,transport-root-operation,0
observation-093,observation_corpus.json,bounds_write,False,False,transport-root-operation,0
observation-094,observation_corpus.json,bounds_write,False,False,transport-root-operation,0
observation-095,observation_corpus.json,bounds_write,False,False,transport-root-operation,0
observation-096,observation_corpus.json,bounds_write,False,False,transport-root-operation,0
observation-097,observation_corpus.json,bounds_write,False,False,transport-root-operation,0
observation-098,observation_corpus.json,bounds_write,False,False,transport-root-operation,0
observation-099,observation_corpus.json,bounds_write,False,False,transport-root-operation,0
observation-100,observation_corpus.json,bounds_write,False,False,transport-root-operation,0
observation-101,observation_corpus.json,bounds_write,False,False,transport-root-operation,0
observation-102,observation_corpus.json,bounds_write,False,False,transport-root-operation,0
observation-103,observation_corpus.json,bounds_write,False,False,transport-root-operation,0
observation-104,observation_corpus.json,bounds_write,False,False,transport-root-operation,0
observation-105,observation_corpus.json,bounds_write,False,False,transport-root-operation,0
observation-106,observation_corpus.json,bounds_write,False,False,transport-root-operation,0
observation-107,observation_corpus.json,bounds_write,False,False,transport-root-operation,0
observation-108,observation_corpus.json,bounds_write,False,False,transport-root-operation,0
observation-109,observation_corpus.json,bounds_write,False,False,transport-root-operation,0
observation-110,observation_corpus.json,bounds_write,False,False,transport-root-operation,0
observation-111,observation_corpus.json,bounds_write,False,False,transport-root-operation,0
observation-112,observation_corpus.json,bounds_write,False,False,transport-root-operation,0
observation-113,observation_corpus.json,bounds_write,False,False,transport-root-operation,0
observation-114,observation_corpus.json,bounds_write,False,False,transport-root-operation,0
observation-115,observation_corpus.json,bounds_write,True,False,transport-root-operation,0
observation-116,observation_corpus.json,bounds_write,False,False,transport-root-operation,0
observation-117,observation_corpus.json,bounds_write,False,False,transport-root-operation,0
observation-118,observation_corpus.json,bounds_write,False,False,transport-root-operation,0
observation-119,observation_corpus.json,bounds_write,False,False,transport-root-operation,0
observation-120,observation_corpus.json,bounds_write,False,False,transport-root-operation,0
observation-121,observation_corpus.json,bounds_write,False,False,transport-noncontiguous-root,0
observation-122,observation_corpus.json,bounds_write,False,False,transport-noncontiguous-root,0
observation-123,observation_corpus.json,bounds_write,False,False,transport-noncontiguous-root,0
observation-124,observation_corpus.json,bounds_write,False,False,transport-noncontiguous-root,0
observation-125,observation_corpus.json,bounds_write,False,False,transport-noncontiguous-root,0
observation-126,observation_corpus.json,bounds_write,False,False,transport-noncontiguous-root,0
observation-127,observation_corpus.json,bounds_write,False,False,transport-noncontiguous-root,0
observation-128,observation_corpus.json,bounds_write,False,False,transport-noncontiguous-root,0
observation-129,observation_corpus.json,bounds_write,False,False,transport-noncontiguous-root,0
observation-130,observation_corpus.json,bounds_write,False,False,transport-noncontiguous-root,0
observation-131,observation_corpus.json,bounds_write,False,False,transport-noncontiguous-root,0
observation-132,observation_corpus.json,bounds_write,False,False,transport-noncontiguous-root,0
observation-133,observation_corpus.json,bounds_write,False,False,transport-noncontiguous-root,0
observation-134,observation_corpus.json,bounds_write,False,False,transport-noncontiguous-root,0
observation-135,observation_corpus.json,bounds_write,False,False,transport-noncontiguous-root,0
observation-136,observation_corpus.json,bounds_write,False,False,transport-noncontiguous-root,0
observation-137,observation_corpus.json,bounds_write,False,False,transport-noncontiguous-root,0
observation-138,observation_corpus.json,bounds_write,False,False,transport-noncontiguous-root,0
observation-139,observation_corpus.json,bounds_write,False,False,transport-noncontiguous-root,0
observation-140,observation_corpus.json,bounds_write,False,False,transport-noncontiguous-root,0
observation-141,observation_corpus.json,bounds_write,False,False,transport-noncontiguous-root,0
observation-142,observation_corpus.json,bounds_write,False,False,transport-noncontiguous-root,0
observation-143,observation_corpus.json,bounds_write,True,False,transport-noncontiguous-root,0
observation-144,observation_corpus.json,bounds_write,False,False,transport-noncontiguous-root,0
observation-145,observation_corpus.json,bounds_write,False,False,transport-noncontiguous-root,0
observation-146,observation_corpus.json,bounds_write,False,False,transport-noncontiguous-root,0
observation-147,observation_corpus.json,bounds_write,False,False,transport-noncontiguous-root,0
observation-148,observation_corpus.json,bounds_write,False,False,transport-noncontiguous-root,0
observation-149,observation_corpus.json,bounds_write,False,False,transport-noncontiguous-root,0
observation-150,observation_corpus.json,bounds_write,False,False,transport-noncontiguous-root,0
observation-151,observation_corpus.json,bounds_write,False,False,transport-noncontiguous-root,0
observation-152,observation_corpus.json,bounds_write,False,False,transport-noncontiguous-root,0
observation-153,observation_corpus.json,bounds_write,False,False,transport-noncontiguous-root,0
observation-154,observation_corpus.json,bounds_write,False,False,transport-noncontiguous-root,0
observation-155,observation_corpus.json,bounds_write,False,False,transport-noncontiguous-root,0
observation-156,observation_corpus.json,bounds_write,False,False,transport-noncontiguous-root,0
observation-157,observation_corpus.json,bounds_write,False,False,transport-noncontiguous-root,0
observation-158,observation_corpus.json,bounds_write,False,False,transport-noncontiguous-root,0
observation-159,observation_corpus.json,bounds_write,False,False,transport-noncontiguous-root,0
observation-160,observation_corpus.json,bounds_write,False,False,transport-noncontiguous-root,0
observation-161,observation_corpus.json,bounds_write,False,False,transport-noncontiguous-root,0
observation-162,observation_corpus.json,bounds_write,False,False,transport-noncontiguous-root,0
observation-163,observation_corpus.json,bounds_write,False,False,transport-noncontiguous-root,0
observation-164,observation_corpus.json,bounds_write,False,False,transport-noncontiguous-root,0
observation-165,observation_corpus.json,bounds_write,False,False,transport-noncontiguous-root,0
observation-166,observation_corpus.json,bounds_write,False,False,transport-noncontiguous-root,0
observation-167,observation_corpus.json,bounds_write,False,False,transport-noncontiguous-root,0
observation-168,observation_corpus.json,bounds_write,False,False,transport-noncontiguous-root,0
observation-169,observation_corpus.json,bounds_write,False,False,transport-root-operation,0
observation-170,observation_corpus.json,bounds_write,False,False,transport-root-operation,0
observation-171,observation_corpus.json,bounds_write,False,False,transport-root-operation,0
observation-172,observation_corpus.json,bounds_write,False,False,transport-root-operation,0
observation-173,observation_corpus.json,bounds_write,False,False,transport-root-operation,0
observation-174,observation_corpus.json,bounds_write,False,False,transport-root-operation,0
observation-175,observation_corpus.json,bounds_write,False,False,transport-root-operation,0
observation-176,observation_corpus.json,bounds_write,False,False,transport-root-operation,0
observation-177,observation_corpus.json,bounds_write,False,False,transport-root-operation,0
observation-178,observation_corpus.json,bounds_write,False,False,transport-root-operation,0
observation-179,observation_corpus.json,bounds_write,False,False,transport-root-operation,0
observation-180,observation_corpus.json,bounds_write,False,False,transport-root-operation,0
observation-181,observation_corpus.json,bounds_write,False,False,transport-root-operation,0
observation-182,observation_corpus.json,bounds_write,False,False,transport-root-operation,0
observation-183,observation_corpus.json,bounds_write,False,False,transport-root-operation,0
observation-184,observation_corpus.json,bounds_write,False,False,transport-root-operation,0
observation-185,observation_corpus.json,bounds_write,False,False,transport-root-operation,0
observation-186,observation_corpus.json,bounds_write,False,False,transport-root-operation,0
observation-187,observation_corpus.json,bounds_write,False,False,transport-root-operation,0
observation-188,observation_corpus.json,bounds_write,False,False,transport-root-operation,0
observation-189,observation_corpus.json,bounds_write,False,False,transport-root-operation,0
observation-190,observation_corpus.json,bounds_write,False,False,transport-root-operation,0
observation-191,observation_corpus.json,bounds_write,False,False,transport-root-operation,0
observation-192,observation_corpus.json,bounds_write,False,False,transport-root-operation,0
observation-193,observation_corpus.json,bounds_write,False,False,transport-root-operation,0
observation-194,observation_corpus.json,bounds_write,False,False,transport-root-operation,0
observation-195,observation_corpus.json,bounds_write,False,False,transport-root-operation,0
observation-196,observation_corpus.json,bounds_write,False,False,transport-root-operation,0
observation-197,observation_corpus.json,bounds_write,False,False,transport-root-operation,0
observation-198,observation_corpus.json,bounds_write,False,False,transport-root-operation,0
observation-199,observation_corpus.json,bounds_write,False,False,transport-root-operation,0
observation-200,observation_corpus.json,bounds_write,False,False,transport-root-operation,0
observation-201,observation_corpus.json,bounds_write,False,False,transport-root-operation,0
observation-202,observation_corpus.json,bounds_write,False,False,transport-root-operation,0
observation-203,observation_corpus.json,bounds_write,False,False,transport-root-operation,0
observation-204,observation_corpus.json,bounds_write,False,False,transport-root-operation,0
observation-205,observation_corpus.json,bounds_write,False,False,transport-root-operation,0
observation-206,observation_corpus.json,bounds_write,False,False,transport-root-operation,0
observation-207,observation_corpus.json,bounds_write,False,False,transport-root-operation,0
observation-208,observation_corpus.json,bounds_write,False,False,transport-root-operation,0
observation-209,observation_corpus.json,bounds_write,False,False,transport-root-operation,0
observation-210,observation_corpus.json,bounds_write,False,False,transport-root-operation,0
observation-211,observation_corpus.json,bounds_write,False,False,transport-root-operation,0
observation-212,observation_corpus.json,bounds_write,False,False,transport-root-operation,0
observation-213,observation_corpus.json,bounds_write,False,False,transport-root-operation,0
observation-214,observation_corpus.json,bounds_write,False,False,transport-root-operation,0
observation-215,observation_corpus.json,bounds_write,False,False,transport-root-operation,0
observation-216,observation_corpus.json,bounds_write,False,False,transport-root-operation,0
observation-217,observation_corpus.json,bounds_write,False,False,transport-root-operation,0
observation-218,observation_corpus.json,bounds_write,False,False,transport-root-operation,0
observation-219,observation_corpus.json,bounds_write,False,False,transport-root-operation,0
observation-220,observation_corpus.json,bounds_write,False,False,transport-root-operation,0
observation-221,observation_corpus.json,bounds_write,False,False,transport-root-operation,0
observation-222,observation_corpus.json,bounds_write,False,False,transport-root-operation,0
observation-223,observation_corpus.json,bounds_write,False,False,transport-root-operation,0
observation-224,observation_corpus.json,bounds_write,False,False,transport-root-operation,0
observation-225,observation_corpus.json,bounds_write,False,False,transport-root-operation,0
observation-226,observation_corpus.json,bounds_write,False,False,transport-root-operation,0
observation-227,observation_corpus.json,bounds_write,False,False,transport-root-operation,0
observation-228,observation_corpus.json,bounds_write,False,False,transport-root-operation,0
observation-229,observation_corpus.json,bounds_write,False,False,transport-root-operation,0
observation-230,observation_corpus.json,bounds_write,False,False,transport-root-operation,0
observation-231,observation_corpus.json,bounds_write,False,False,transport-root-operation,0
observation-232,observation_corpus.json,bounds_write,False,False,transport-root-operation,0
observation-233,observation_corpus.json,bounds_write,False,False,transport-root-operation,0
observation-234,observation_corpus.json,bounds_write,False,False,transport-root-operation,0
observation-235,observation_corpus.json,bounds_write,False,False,transport-root-operation,0
observation-236,observation_corpus.json,bounds_write,False,False,transport-root-operation,0
observation-237,observation_corpus.json,bounds_write,False,False,transport-root-operation,0
observation-238,observation_corpus.json,bounds_write,False,False,transport-root-operation,0
observation-239,observation_corpus.json,bounds_write,False,False,transport-root-operation,0
observation-240,observation_corpus.json,bounds_write,False,False,transport-root-operation,0
observation-241,observation_corpus.json,bounds_write,False,False,transport-root-operation,0
observation-242,observation_corpus.json,bounds_write,False,False,transport-root-operation,0
observation-243,observation_corpus.json,bounds_write,False,False,transport-root-operation,0
observation-244,observation_corpus.json,bounds_write,False,False,transport-root-operation,0
observation-245,observation_corpus.json,bounds_write,False,False,transport-root-operation,0
observation-246,observation_corpus.json,bounds_write,False,False,transport-root-operation,0
observation-247,observation_corpus.json,bounds_write,False,False,transport-root-operation,0
observation-248,observation_corpus.json,bounds_write,False,False,transport-root-operation,0
observation-249,observation_corpus.json,bounds_write,False,False,transport-root-operation,0
observation-250,observation_corpus.json,bounds_write,False,False,transport-root-operation,0
observation-251,observation_corpus.json,bounds_write,False,False,transport-root-operation,0
observation-252,observation_corpus.json,bounds_write,False,False,transport-root-operation,0
observation-253,observation_corpus.json,bounds_write,False,False,transport-root-operation,0
observation-254,observation_corpus.json,bounds_write,False,False,transport-root-operation,0
observation-255,observation_corpus.json,bounds_write,False,False,transport-root-operation,0
observation-256,observation_corpus.json,bounds_write,False,False,transport-root-operation,0
observation-257,observation_corpus.json,bounds_write,False,False,transport-root-operation,0
observation-258,observation_corpus.json,bounds_write,False,False,transport-root-operation,0
observation-259,observation_corpus.json,bounds_write,False,False,transport-root-operation,0
observation-260,observation_corpus.json,bounds_write,False,False,transport-root-operation,0
observation-261,observation_corpus.json,bounds_write,False,False,transport-root-operation,0
observation-262,observation_corpus.json,bounds_write,False,False,transport-root-operation,0
observation-263,observation_corpus.json,bounds_write,False,False,transport-root-operation,0
observation-264,observation_corpus.json,bounds_write,False,False,transport-root-operation,0
observation-265,observation_corpus.json,bounds_write,False,False,transport-noncontiguous-root,0
observation-266,observation_corpus.json,bounds_write,False,False,transport-noncontiguous-root,0
observation-267,observation_corpus.json,bounds_write,False,False,transport-noncontiguous-root,0
observation-268,observation_corpus.json,bounds_write,False,False,transport-noncontiguous-root,0
observation-269,observation_corpus.json,bounds_write,False,False,transport-noncontiguous-root,0
observation-270,observation_corpus.json,bounds_write,False,False,transport-noncontiguous-root,0
observation-271,observation_corpus.json,bounds_write,False,False,transport-noncontiguous-root,0
observation-272,observation_corpus.json,bounds_write,False,False,transport-noncontiguous-root,0
observation-273,observation_corpus.json,bounds_write,False,False,transport-noncontiguous-root,0
observation-274,observation_corpus.json,bounds_write,False,False,transport-noncontiguous-root,0
observation-275,observation_corpus.json,bounds_write,False,False,transport-noncontiguous-root,0
observation-276,observation_corpus.json,bounds_write,False,False,transport-noncontiguous-root,0
observation-277,observation_corpus.json,bounds_write,False,False,transport-noncontiguous-root,0
observation-278,observation_corpus.json,bounds_write,False,False,transport-noncontiguous-root,0
observation-279,observation_corpus.json,bounds_write,False,False,transport-noncontiguous-root,0
observation-280,observation_corpus.json,bounds_write,False,False,transport-noncontiguous-root,0
observation-281,observation_corpus.json,bounds_write,False,False,transport-noncontiguous-root,0
observation-282,observation_corpus.json,bounds_write,False,False,transport-noncontiguous-root,0
observation-283,observation_corpus.json,bounds_write,False,False,transport-noncontiguous-root,0
observation-284,observation_corpus.json,bounds_write,False,False,transport-noncontiguous-root,0
observation-285,observation_corpus.json,bounds_write,False,False,transport-noncontiguous-root,0
observation-286,observation_corpus.json,bounds_write,False,False,transport-noncontiguous-root,0
observation-287,observation_corpus.json,bounds_write,False,False,transport-noncontiguous-root,0
observation-288,observation_corpus.json,bounds_write,False,False,transport-noncontiguous-root,0
