family,control,kind,transport_accepted,transport_reason,anchor_pair_accepted,full_relation,full_security_invariant,full_defined,direct_endpoint_executions,factored_audit_accepted,oracle_class
bounds_write,pre-root-abort,semantic-failure,False,transport-context-control-or-monitor,True,False,False,True,64,False,invalid-contextual-relation
bounds_write,root-input-overwrite,frame-failure,False,transport-prefix-root-write,False,False,True,True,64,False,invalid-contextual-relation
bounds_write,unseen-context-type,semantic-failure,False,transport-context-type-error,True,False,True,False,32,False,invalid-contextual-relation
bounds_write,unseen-integer-growth,semantic-failure,False,transport-context-integer-budget,True,False,True,False,32,False,invalid-contextual-relation
bounds_write,missing-row,claim-failure,False,transport-row-coverage,True,,,,0,True,claim-not-semantically-replayed
bounds_write,duplicate-row,claim-failure,False,transport-row-mismatch,True,,,,0,True,claim-not-semantically-replayed
bounds_write,bool-int-row,claim-failure,False,transport-row-mismatch,True,,,,0,True,claim-not-semantically-replayed
bounds_write,false-footprint,claim-failure,False,transport-core-binding,True,,,,0,True,claim-not-semantically-replayed
bounds_write,pair-binding,claim-failure,False,certificate-pair-mismatch,False,,,,0,True,claim-not-semantically-replayed
bounds_write,missing-anchor,claim-failure,False,transport-anchor-not-in-domain,True,,,,0,False,claim-not-semantically-replayed
bounds_write,identity-prefix-write,valid-outside-fragment,False,transport-prefix-root-write,True,True,True,True,64,False,valid-outside-fragment
bounds_write,true-prefix-guard,valid-outside-fragment,False,transport-context-control-or-monitor,True,True,True,True,64,False,valid-outside-fragment
bounds_write,nuisance-guard-conjunct,semantic-failure,False,transport-nuisance-root-flow,True,False,False,True,64,False,invalid-contextual-relation
divide_zero,pre-root-abort,semantic-failure,False,transport-context-control-or-monitor,True,False,False,True,96,False,invalid-contextual-relation
divide_zero,root-input-overwrite,frame-failure,False,transport-prefix-root-write,False,False,False,True,96,False,invalid-contextual-relation
divide_zero,unseen-context-type,semantic-failure,False,transport-context-type-error,True,False,True,False,48,False,invalid-contextual-relation
divide_zero,unseen-integer-growth,semantic-failure,False,transport-context-integer-budget,True,False,True,False,48,False,invalid-contextual-relation
divide_zero,missing-row,claim-failure,False,transport-row-coverage,True,,,,0,True,claim-not-semantically-replayed
divide_zero,duplicate-row,claim-failure,False,transport-row-mismatch,True,,,,0,True,claim-not-semantically-replayed
divide_zero,bool-int-row,claim-failure,False,transport-row-mismatch,True,,,,0,True,claim-not-semantically-replayed
divide_zero,false-footprint,claim-failure,False,transport-core-binding,True,,,,0,True,claim-not-semantically-replayed
divide_zero,pair-binding,claim-failure,False,certificate-pair-mismatch,False,,,,0,True,claim-not-semantically-replayed
divide_zero,missing-anchor,claim-failure,False,transport-anchor-not-in-domain,True,,,,0,False,claim-not-semantically-replayed
divide_zero,identity-prefix-write,valid-outside-fragment,False,transport-prefix-root-write,True,True,True,True,96,False,valid-outside-fragment
divide_zero,true-prefix-guard,valid-outside-fragment,False,transport-context-control-or-monitor,True,True,True,True,96,False,valid-outside-fragment
divide_zero,nuisance-guard-conjunct,semantic-failure,False,transport-nuisance-root-flow,True,False,False,True,96,False,invalid-contextual-relation
fixed_overflow,pre-root-abort,semantic-failure,False,transport-context-control-or-monitor,True,False,False,True,72,False,invalid-contextual-relation
fixed_overflow,root-input-overwrite,frame-failure,False,transport-prefix-root-write,False,False,False,True,72,False,invalid-contextual-relation
fixed_overflow,unseen-context-type,semantic-failure,False,transport-context-type-error,True,False,True,False,36,False,invalid-contextual-relation
fixed_overflow,unseen-integer-growth,semantic-failure,False,transport-context-integer-budget,True,False,True,False,36,False,invalid-contextual-relation
fixed_overflow,missing-row,claim-failure,False,transport-row-coverage,True,,,,0,True,claim-not-semantically-replayed
fixed_overflow,duplicate-row,claim-failure,False,transport-row-mismatch,True,,,,0,True,claim-not-semantically-replayed
fixed_overflow,bool-int-row,claim-failure,False,transport-row-mismatch,True,,,,0,True,claim-not-semantically-replayed
fixed_overflow,false-footprint,claim-failure,False,transport-core-binding,True,,,,0,True,claim-not-semantically-replayed
fixed_overflow,pair-binding,claim-failure,False,certificate-pair-mismatch,False,,,,0,True,claim-not-semantically-replayed
fixed_overflow,missing-anchor,claim-failure,False,transport-anchor-not-in-domain,True,,,,0,False,claim-not-semantically-replayed
fixed_overflow,identity-prefix-write,valid-outside-fragment,False,transport-prefix-root-write,True,True,True,True,72,False,valid-outside-fragment
fixed_overflow,true-prefix-guard,valid-outside-fragment,False,transport-context-control-or-monitor,True,True,True,True,72,False,valid-outside-fragment
fixed_overflow,nuisance-guard-conjunct,semantic-failure,False,transport-nuisance-root-flow,True,False,False,True,72,False,invalid-contextual-relation
access_control,pre-root-abort,semantic-failure,False,transport-context-control-or-monitor,True,False,False,True,48,False,invalid-contextual-relation
access_control,root-input-overwrite,frame-failure,False,transport-prefix-root-write,False,False,True,True,48,False,invalid-contextual-relation
access_control,unseen-context-type,semantic-failure,False,transport-context-type-error,True,False,True,False,24,False,invalid-contextual-relation
access_control,unseen-integer-growth,semantic-failure,False,transport-context-integer-budget,True,False,True,False,24,False,invalid-contextual-relation
access_control,missing-row,claim-failure,False,transport-row-coverage,True,,,,0,True,claim-not-semantically-replayed
access_control,duplicate-row,claim-failure,False,transport-row-mismatch,True,,,,0,True,claim-not-semantically-replayed
access_control,bool-int-row,claim-failure,False,transport-row-mismatch,True,,,,0,True,claim-not-semantically-replayed
access_control,false-footprint,claim-failure,False,transport-core-binding,True,,,,0,True,claim-not-semantically-replayed
access_control,pair-binding,claim-failure,False,certificate-pair-mismatch,False,,,,0,True,claim-not-semantically-replayed
access_control,missing-anchor,claim-failure,False,transport-anchor-not-in-domain,True,,,,0,False,claim-not-semantically-replayed
access_control,identity-prefix-write,valid-outside-fragment,False,transport-prefix-root-write,True,True,True,True,48,False,valid-outside-fragment
access_control,true-prefix-guard,valid-outside-fragment,False,transport-context-control-or-monitor,True,True,True,True,48,False,valid-outside-fragment
access_control,nuisance-guard-conjunct,semantic-failure,False,transport-nuisance-root-flow,True,False,False,True,48,False,invalid-contextual-relation
reentrancy,pre-root-abort,semantic-failure,False,transport-context-control-or-monitor,True,False,False,True,32,False,invalid-contextual-relation
reentrancy,root-input-overwrite,frame-failure,False,transport-prefix-root-write,True,True,True,True,32,False,valid-outside-fragment
reentrancy,unseen-context-type,semantic-failure,False,transport-context-type-error,True,False,True,False,16,False,invalid-contextual-relation
reentrancy,unseen-integer-growth,semantic-failure,False,transport-context-integer-budget,True,False,True,False,16,False,invalid-contextual-relation
reentrancy,missing-row,claim-failure,False,transport-row-coverage,True,,,,0,True,claim-not-semantically-replayed
reentrancy,duplicate-row,claim-failure,False,transport-row-mismatch,True,,,,0,True,claim-not-semantically-replayed
reentrancy,bool-int-row,claim-failure,False,transport-row-mismatch,True,,,,0,True,claim-not-semantically-replayed
reentrancy,false-footprint,claim-failure,False,transport-core-binding,True,,,,0,True,claim-not-semantically-replayed
reentrancy,pair-binding,claim-failure,False,certificate-pair-mismatch,False,,,,0,True,claim-not-semantically-replayed
reentrancy,missing-anchor,claim-failure,False,transport-anchor-not-in-domain,True,,,,0,False,claim-not-semantically-replayed
reentrancy,identity-prefix-write,valid-outside-fragment,False,transport-prefix-root-write,True,True,True,True,32,False,valid-outside-fragment
reentrancy,true-prefix-guard,valid-outside-fragment,False,transport-context-control-or-monitor,True,True,True,True,32,False,valid-outside-fragment
unchecked_call,pre-root-abort,semantic-failure,False,transport-context-control-or-monitor,True,False,False,True,32,False,invalid-contextual-relation
unchecked_call,root-input-overwrite,frame-failure,False,transport-prefix-root-write,False,False,False,True,32,False,invalid-contextual-relation
unchecked_call,unseen-context-type,semantic-failure,False,transport-context-type-error,True,False,True,False,16,False,invalid-contextual-relation
unchecked_call,unseen-integer-growth,semantic-failure,False,transport-context-integer-budget,True,False,True,False,16,False,invalid-contextual-relation
unchecked_call,missing-row,claim-failure,False,transport-row-coverage,True,,,,0,True,claim-not-semantically-replayed
unchecked_call,duplicate-row,claim-failure,False,transport-row-mismatch,True,,,,0,True,claim-not-semantically-replayed
unchecked_call,bool-int-row,claim-failure,False,transport-row-mismatch,True,,,,0,True,claim-not-semantically-replayed
unchecked_call,false-footprint,claim-failure,False,transport-core-binding,True,,,,0,True,claim-not-semantically-replayed
unchecked_call,pair-binding,claim-failure,False,certificate-pair-mismatch,False,,,,0,True,claim-not-semantically-replayed
unchecked_call,missing-anchor,claim-failure,False,transport-anchor-not-in-domain,True,,,,0,False,claim-not-semantically-replayed
unchecked_call,identity-prefix-write,valid-outside-fragment,False,transport-prefix-root-write,True,True,True,True,32,False,valid-outside-fragment
unchecked_call,true-prefix-guard,valid-outside-fragment,False,transport-context-control-or-monitor,True,True,True,True,32,False,valid-outside-fragment
