case,family,wrapper,core_valuations,context_valuations,core_executions,full_endpoint_executions,accepted,oracle_relation,oracle_security_invariant,functional_variation,reference_comparisons,reference_mismatches,certificate_bytes,allocation_upper_bound,generation_ms,verification_ms,factored_audit_accepted,factored_audit_core_executions,factored_audit_ms
bounds_write-wrapper-0,bounds_write,0,8,16,16,256,True,True,True,True,256,0,3822,90156,1.563224,3.739409,True,16,2.934863
bounds_write-wrapper-1,bounds_write,1,8,16,16,256,True,True,True,True,256,0,3822,90172,1.690904,6.258573,True,16,3.132046
bounds_write-wrapper-2,bounds_write,2,8,16,16,256,True,True,True,True,256,0,3822,90164,1.722501,3.806328,True,16,3.079478
bounds_write-wrapper-3,bounds_write,3,8,16,16,256,True,True,True,True,256,0,3822,90156,1.359691,3.462788,True,16,2.840973
bounds_write-wrapper-4,bounds_write,4,8,16,16,256,True,True,True,True,256,0,3822,90172,1.913855,3.834971,True,16,3.045357
bounds_write-wrapper-5,bounds_write,5,8,16,16,256,True,True,True,True,256,0,3822,90164,1.858192,3.947758,True,16,2.986159
divide_zero-wrapper-0,divide_zero,0,12,16,24,384,True,True,True,True,384,0,6187,49185,1.939413,5.046161,True,24,3.98925
divide_zero-wrapper-1,divide_zero,1,12,16,24,384,True,True,True,True,384,0,6187,49201,2.15978,5.124888,True,24,3.995931
divide_zero-wrapper-2,divide_zero,2,12,16,24,384,True,True,True,True,384,0,6187,49193,2.181693,4.849849,True,24,3.791627
divide_zero-wrapper-3,divide_zero,3,12,16,24,384,True,True,True,True,384,0,6187,49185,1.662161,4.348154,True,24,4.07029
divide_zero-wrapper-4,divide_zero,4,12,16,24,384,True,True,True,True,384,0,6187,49201,1.818854,4.551276,True,24,3.99588
divide_zero-wrapper-5,divide_zero,5,12,16,24,384,True,True,True,True,384,0,6187,49193,1.891201,4.655471,True,24,3.703635
fixed_overflow-wrapper-0,fixed_overflow,0,9,16,18,288,True,True,True,True,288,0,4334,65569,1.85718,3.58565,True,18,2.938207
fixed_overflow-wrapper-1,fixed_overflow,1,9,16,18,288,True,True,True,True,288,0,4334,65585,1.965202,5.732291,True,18,3.395447
fixed_overflow-wrapper-2,fixed_overflow,2,9,16,18,288,True,True,True,True,288,0,4334,65577,2.007554,3.853589,True,18,3.212165
fixed_overflow-wrapper-3,fixed_overflow,3,9,16,18,288,True,True,True,True,288,0,4334,65569,1.912833,4.291469,True,18,3.017716
fixed_overflow-wrapper-4,fixed_overflow,4,9,16,18,288,True,True,True,True,288,0,4334,65585,2.229704,4.397137,True,18,3.394625
fixed_overflow-wrapper-5,fixed_overflow,5,9,16,18,288,True,True,True,True,288,0,4334,65577,1.852614,4.01624,True,18,3.293376
access_control-wrapper-0,access_control,0,6,16,12,192,True,True,True,True,192,0,3274,57379,1.370518,2.855896,True,12,2.125089
access_control-wrapper-1,access_control,1,6,16,12,192,True,True,True,True,192,0,3274,57395,1.555793,2.715267,True,12,2.252078
access_control-wrapper-2,access_control,2,6,16,12,192,True,True,True,True,192,0,3274,57387,1.4066,2.634436,True,12,2.268782
access_control-wrapper-3,access_control,3,6,16,12,192,True,True,True,True,192,0,3274,57379,1.733907,3.042983,True,12,2.160101
access_control-wrapper-4,access_control,4,6,16,12,192,True,True,True,True,192,0,3274,57395,1.497436,2.780353,True,12,2.306358
access_control-wrapper-5,access_control,5,6,16,12,192,True,True,True,True,192,0,3274,57387,1.823901,2.945468,True,12,2.24666
reentrancy-wrapper-0,reentrancy,0,4,16,8,128,True,True,True,True,128,0,3021,32808,1.354303,2.600426,True,8,2.095845
reentrancy-wrapper-1,reentrancy,1,4,16,8,128,True,True,True,True,128,0,3021,32824,1.579408,2.674505,True,8,2.148203
reentrancy-wrapper-2,reentrancy,2,4,16,8,128,True,True,True,True,128,0,3021,32816,1.520981,2.517492,True,8,2.052671
reentrancy-wrapper-3,reentrancy,3,4,16,8,128,True,True,True,True,128,0,3021,32808,1.343697,2.389542,True,8,1.937751
reentrancy-wrapper-4,reentrancy,4,4,16,8,128,True,True,True,True,128,0,3021,32824,1.551696,2.622287,True,8,2.201603
reentrancy-wrapper-5,reentrancy,5,4,16,8,128,True,True,True,True,128,0,3021,32816,1.404448,2.808254,True,8,2.016898
unchecked_call-wrapper-0,unchecked_call,0,4,16,8,128,True,True,True,True,128,0,2450,24610,1.354433,2.661196,True,8,1.647989
unchecked_call-wrapper-1,unchecked_call,1,4,16,8,128,True,True,True,True,128,0,2450,24626,1.391469,2.33476,True,8,2.109946
unchecked_call-wrapper-2,unchecked_call,2,4,16,8,128,True,True,True,True,128,0,2450,24618,1.200294,2.096517,True,8,1.893354
unchecked_call-wrapper-3,unchecked_call,3,4,16,8,128,True,True,True,True,128,0,2450,24610,1.095699,2.090377,True,8,2.218177
unchecked_call-wrapper-4,unchecked_call,4,4,16,8,128,True,True,True,True,128,0,2450,24626,1.407462,2.733624,True,8,2.049687
unchecked_call-wrapper-5,unchecked_call,5,4,16,8,128,True,True,True,True,128,0,2450,24618,1.302376,2.394709,True,8,1.771453
