family,record,url,basis,integration_boundary,examined_annotation
bounds_write,NIST-SARD-62684,https://samate.nist.gov/SARD/test-cases/62684/versions/1.0.0,Upper bound omitted; argument passed between functions in one source file.,Owned synthetic constructor with reference annotation only; not an extracted or source-equivalent program.,NIST-SARD-62684
bounds_write,NIST-SARD-62695,https://samate.nist.gov/SARD/test-cases/62695/versions/1.0.0,Upper bound omitted; a pointer carries data between source files.,Owned synthetic constructor with reference annotation only; not an extracted or source-equivalent program.,NIST-SARD-62695
bounds_write,NIST-SARD-67603,https://samate.nist.gov/SARD/test-cases/67603/versions/1.0.0,Heap-buffer index lacks its upper check; console input and cross-file pointer flow are outside the abstract model.,Owned synthetic constructor with reference annotation only; not an extracted or source-equivalent program.,NIST-SARD-67603
divide_zero,NIST-SARD-95487,https://samate.nist.gov/SARD/test-cases/95487/versions/1.0.0,A zero-valued denominator reaches division; the good sink checks zero. Virtual dispatch is outside the abstract model.,Owned synthetic constructor with reference annotation only; not an extracted or source-equivalent program.,NIST-SARD-95487
divide_zero,NIST-SARD-95045,https://samate.nist.gov/SARD/test-cases/95045/versions/1.0.0,"The recorded sink is modulo, not division. The checker has no modulo instruction.",Owned synthetic constructor with reference annotation only; not an extracted or source-equivalent program.,NIST-SARD-95045
divide_zero,NIST-SARD-suite-112,https://samate.nist.gov/SARD/test-suites/112,"General Juliet C/C++ suite containing 64,099 test cases across 118 CWEs; not a dedicated CWE-369 instance.",Owned synthetic constructor with reference annotation only; not an extracted or source-equivalent program.,NIST-SARD-CWE-369
fixed_overflow,NIST-SARD-236684,https://samate.nist.gov/SARD/test-cases/236684/versions/1.0.0,An increment may overflow; the good sink checks before increment. Random-source and global-condition behavior are omitted.,Owned synthetic constructor with reference annotation only; not an extracted or source-equivalent program.,NIST-SARD-236684
fixed_overflow,NIST-SARD-236942,https://samate.nist.gov/SARD/test-cases/236942/versions/1.0.0,An increment may overflow; the good sink checks before increment. Socket input and constant branches are omitted.,Owned synthetic constructor with reference annotation only; not an extracted or source-equivalent program.,NIST-SARD-236942
fixed_overflow,NIST-SARD-83596,https://samate.nist.gov/SARD/test-cases/83596/versions/1.0.0,Addition of one may overflow; the good sink checks first. Constructor/destructor behavior is omitted.,Owned synthetic constructor with reference annotation only; not an extracted or source-equivalent program.,NIST-SARD-83596
access_control,SWC-105,https://swcregistry.io/docs/SWC-105/,The category describes missing or insufficient withdrawal authorization and recommends authorization checks. This is not a validation of any named sample.,Owned synthetic constructor with reference annotation only; not an extracted or source-equivalent program.,SWC-105-Wallet
access_control,SWC-105,https://swcregistry.io/docs/SWC-105/,The category describes missing or insufficient withdrawal authorization and recommends authorization checks. This is not a validation of any named sample.,Owned synthetic constructor with reference annotation only; not an extracted or source-equivalent program.,SWC-105-TokenSale
access_control,SWC-105,https://swcregistry.io/docs/SWC-105/,The category describes missing or insufficient withdrawal authorization and recommends authorization checks. This is not a validation of any named sample.,Owned synthetic constructor with reference annotation only; not an extracted or source-equivalent program.,SWC-105-MultiOwnable
reentrancy,SWC-107,https://swcregistry.io/docs/SWC-107/,"The category describes a callback before an invocation finishes, with state-before-call ordering or locks as remedies. The bounded monitor is only an ordering proxy.",Owned synthetic constructor with reference annotation only; not an extracted or source-equivalent program.,SWC-107-SimpleDAO
reentrancy,SWC-107,https://swcregistry.io/docs/SWC-107/,"The category describes a callback before an invocation finishes, with state-before-call ordering or locks as remedies. The bounded monitor is only an ordering proxy.",Owned synthetic constructor with reference annotation only; not an extracted or source-equivalent program.,SWC-107-ModifierEntrancy
reentrancy,SWC-107,https://swcregistry.io/docs/SWC-107/,"The category describes a callback before an invocation finishes, with state-before-call ordering or locks as remedies. The bounded monitor is only an ordering proxy.",Owned synthetic constructor with reference annotation only; not an extracted or source-equivalent program.,SWC-107-CEI
unchecked_call,SWC-104,https://swcregistry.io/docs/SWC-104/,The category describes continuing after a failed low-level call without checking the result and recommends checking that result.,Owned synthetic constructor with reference annotation only; not an extracted or source-equivalent program.,SWC-104-UncheckedCall
unchecked_call,SWC-104,https://swcregistry.io/docs/SWC-104/,The category describes continuing after a failed low-level call without checking the result and recommends checking that result.,Owned synthetic constructor with reference annotation only; not an extracted or source-equivalent program.,SWC-104-Lotto
unchecked_call,SWC-104,https://swcregistry.io/docs/SWC-104/,The category describes continuing after a failed low-level call without checking the result and recommends checking that result.,Owned synthetic constructor with reference annotation only; not an extracted or source-equivalent program.,SWC-104-ReturnCheck
